Price,Close,High,Low,Open,Volume
Ticker,MSFT,MSFT,MSFT,MSFT,MSFT
Date,,,,,
1986-03-13,0.05925342068076134,0.0618991081671409,0.05396326266094622,0.05396326266094622,1031788800
1986-03-14,0.061369478702545166,0.06242811869351785,0.05925341567344097,0.05925341567344097,308160000
1986-03-17,0.06242809444665909,0.0629571099984673,0.0613694548668584,0.0613694548668584,133171200
1986-03-18,0.06084045022726059,0.0629571212903192,0.060311434580569284,0.0624281056436279,67766400
1986-03-19,0.059782400727272034,0.06136944718401425,0.05925338524169129,0.06084043169843351,47894400
1986-03-20,0.058195389807224274,0.059782437233088265,0.05766637399860294,0.059782437233088265,58435200
1986-03-21,0.05660834535956383,0.05925342454182989,0.0555503136866574,0.058195392868923466,59990400
1986-03-24,0.055021267384290695,0.056608314014884226,0.05449225184075952,0.056608314014884226,65289600
1986-03-25,0.05607929825782776,0.05607929825782775,0.054492251633277006,0.05502126717479392,32083200
1986-03-26,0.057666338980197906,0.0581953544675698,0.055550277030710304,0.056079292518082205,22752000
1986-03-27,0.05872439965605736,0.05872439965605736,0.057666368146191596,0.057666368146191596,16848000
1986-03-31,0.058195389807224274,0.058724405615845604,0.05713735818998161,0.058724405615845604,12873600
1986-04-01,0.057666338980197906,0.0581953544675698,0.0576663389801979,0.0581953544675698,11088000
1986-04-02,0.058195389807224274,0.059253421424466934,0.05766637399860294,0.05766637399860294,27014400
1986-04-03,0.05872439965605736,0.06031144692085601,0.05872439965605736,0.05872439965605736,23040000
1986-04-04,0.05872439965605736,0.059253415410990246,0.05872439965605736,0.05872439965605736,26582400
1986-04-07,0.057666338980197906,0.0592533854423136,0.056608308005454105,0.0587243699549417,16560000
1986-04-08,0.058195389807224274,0.059253421424466934,0.05766637399860294,0.05766637399860294,10252800
1986-04-09,0.05925342068076134,0.05978243648274285,0.05819538907679831,0.05819538907679831,12153600
1986-04-10,0.059782400727272034,0.06031141621285277,0.05819535427052981,0.05925338524169129,13881600
1986-04-11,0.06084045022726059,0.06189908999693659,0.060311434580569284,0.060311434580569284,17222400
1986-04-14,0.061369478702545166,0.061899102936241804,0.06084046294526912,0.06084046294526912,12153600
1986-04-15,0.061369478702545166,0.06136947870254517,0.05925341567344097,0.06136947870254517,9302400
1986-04-16,0.06348612159490585,0.06401513711375487,0.060840435524514444,0.06136945104336346,31910400
1986-04-17,0.06401516497135162,0.06401516497135162,0.06348614922228986,0.06348614922228986,22003200
1986-04-18,0.06189907342195511,0.0640151354420933,0.061369449440790105,0.0640151354420933,21628800
1986-04-21,0.06189907342195511,0.06242808892698966,0.06031141843072101,0.061899073421955116,22924800
1986-04-22,0.06084045022726059,0.06189908999693659,0.06084045022726059,0.06189908999693659,15552000
1986-04-23,0.06110493838787079,0.061369448406362874,0.060311417414127676,0.060840432910245275,15609600
1986-04-24,0.06718921661376953,0.06824724743710195,0.06084042319775201,0.061104928633152186,62352000
1986-04-25,0.07142196595668793,0.07433155370719682,0.06771824868769188,0.06771824868769188,85795200
1986-04-28,0.07195097953081131,0.07247999505817573,0.07089233999992631,0.07142196400344687,28886400
1986-04-29,0.06983432918787003,0.07195100038703715,0.06930531350716136,0.07195100038703715,30326400
1986-04-30,0.06824728846549988,0.07036335138428369,0.06666024127641203,0.06983433565458774,30902400
1986-05-01,0.06718921661376953,0.06824724743710195,0.06613118579043713,0.06824724743710195,54345600
1986-05-02,0.06718921661376953,0.06824724743710195,0.06666020120210334,0.06718921661376953,20246400
1986-05-05,0.06666021049022675,0.0671892259756035,0.06666021049022675,0.0671892259756035,3254400
1986-05-06,0.06718921661376953,0.06824724743710195,0.06718921661376953,0.06718921661376953,9734400
1986-05-07,0.06718921661376953,0.06771823202543574,0.06613118579043713,0.06718921661376953,5155200
1986-05-08,0.0677182599902153,0.0677182599902153,0.06666022872996069,0.067189244360088,3542400
1986-05-09,0.06718921661376953,0.06771823202543574,0.06718921661376953,0.06771823202543574,6076800
1986-05-12,0.0677182599902153,0.06930530688059722,0.067189244360088,0.067189244360088,10483200
1986-05-13,0.06824728846549988,0.06877630419519584,0.06771827273580393,0.06771827273580393,3830400
1986-05-14,0.0677182599902153,0.0682472756203426,0.0677182599902153,0.0682472756203426,9302400
1986-05-15,0.0677182599902153,0.06877629125046991,0.0677182599902153,0.0677182599902153,3801600
1986-05-16,0.06824728846549988,0.06983433565458774,0.06771827273580393,0.06771827273580393,11952000
1986-05-19,0.06718921661376953,0.06824724743710195,0.06666020120210334,0.06824724743710195,11001600
1986-05-20,0.06666021049022675,0.0671892259756035,0.06613119500484999,0.0671892259756035,61977600
1986-05-21,0.06560216844081879,0.06718921462893451,0.06560216844081879,0.06666019923289593,8092800
1986-05-22,0.06560216844081879,0.06613118383685736,0.06560216844081879,0.06560216844081879,4406400
1986-05-23,0.06560216844081879,0.06666019923289593,0.06560216844081879,0.06560216844081879,4089600
1986-05-27,0.0677182599902153,0.0677182599902153,0.0656021974697061,0.0656021974697061,13881600
1986-05-28,0.06983432918787003,0.06983432918787003,0.0677182664650354,0.0677182664650354,15523200
1986-05-29,0.07142196595668793,0.07247999704035171,0.06930529531318758,0.06983431085501947,45676800
1986-05-30,0.07406707853078842,0.07512511011249005,0.07195101536738514,0.07195101536738514,27072000
1986-06-02,0.07195097953081131,0.07406704164026902,0.07195097953081131,0.07406704164026902,19728000
1986-06-03,0.07195097953081131,0.07195097953081131,0.07089233999992631,0.07195097953081131,5011200
1986-06-04,0.07142196595668793,0.07247999704035171,0.07089234193868325,0.07195098149851982,4723200
1986-06-05,0.0724799856543541,0.0724799856543541,0.07089233080209288,0.0714219547368981,13708800
1986-06-06,0.0724799856543541,0.0724799856543541,0.0714219547368981,0.0724799856543541,3427200
1986-06-09,0.06930533051490784,0.07248003385457448,0.06930533051490784,0.07248003385457448,12672000
1986-06-10,0.06930533051490784,0.06930533051490784,0.06824729889384623,0.06930533051490784,3427200
1986-06-11,0.06930533051490784,0.06930533051490784,0.06824729889384623,0.06930533051490784,2304000
1986-06-12,0.06666021049022675,0.06930528791711055,0.06613119500484999,0.06930528791711055,13708800
1986-06-13,0.06666021049022675,0.0671892259756035,0.06613119500484999,0.06666021049022675,7891200
1986-06-16,0.06613121181726456,0.06718924305699939,0.06560219619739714,0.06666022743713197,9590400
1986-06-17,0.06718921661376953,0.06824724743710195,0.06666020120210334,0.06666020120210334,13075200
1986-06-18,0.06666021049022675,0.0671892259756035,0.06560217951947322,0.0671892259756035,4348800
1986-06-19,0.06613121181726456,0.06718924305699939,0.06560219619739714,0.06666022743713197,8467200
1986-06-20,0.06639573723077774,0.06666024283136142,0.0661312270893254,0.0661312270893254,3801600
1986-06-23,0.06718921661376953,0.06718921661376953,0.06507315496710471,0.06639569576670315,46195200
1986-06-24,0.06666021049022675,0.06771824146098027,0.06613119500484999,0.0671892259756035,14572800
1986-06-25,0.06560216844081879,0.06718921462893451,0.06560216844081879,0.06666019923289593,15235200
1986-06-26,0.06348612159490585,0.0661311991891509,0.06348612159490585,0.0656021836703019,19152000
1986-06-27,0.06295711547136307,0.06401514666695472,0.06242809987356725,0.06348613106915889,10396800
1986-06-30,0.0650731697678566,0.06666021636382553,0.06242809210790837,0.06295710763989801,62352000
1986-07-01,0.0650731697678566,0.0650731697678566,0.06454415423586694,0.0650731697678566,47577600
1986-07-02,0.0650731697678566,0.0650731697678566,0.06454415423586694,0.0650731697678566,52617600
1986-07-03,0.06613121181726456,0.06666022743713197,0.06560219619739714,0.06560219619739714,14140800
1986-07-07,0.06348612159490585,0.0661311991891509,0.06348612159490585,0.0661311991891509,14054400
1986-07-08,0.06189907342195511,0.06348611993705876,0.061369449440790105,0.06348611993705876,14256000
1986-07-09,0.05925342068076134,0.0618991081671409,0.05872440487877982,0.0618991081671409,46137600
1986-07-10,0.057666338980197906,0.0597824009296855,0.055021261543338404,0.0592533854423136,46886400
1986-07-11,0.05925342068076134,0.06031145228472436,0.0576663732748168,0.0576663732748168,17395200
1986-07-14,0.05845988169312477,0.05978242317409143,0.05766636043723932,0.05766636043723932,28598400
1986-07-15,0.05925342068076134,0.06031145228472436,0.0576663732748168,0.05845989470735447,13190400
1986-07-16,0.061369478702545166,0.06136947870254517,0.05978243143071702,0.05978243143071702,9360000
1986-07-17,0.06242809444665909,0.06242809444665909,0.060840439315050183,0.0613694548668584,6940800
1986-07-18,0.06295711547136307,0.06348613106915889,0.06084044460394262,0.06242809987356725,12326400
1986-07-21,0.06295711547136307,0.06401514666695472,0.06295711547136307,0.06295711547136307,3513600
1986-07-22,0.0650731697678566,0.0650731697678566,0.06295710763989801,0.06295710763989801,10512000
1986-07-23,0.06348612159490585,0.0661311991891509,0.06348612159490585,0.06507316815145289,20793600
1986-07-24,0.06560216844081879,0.06666019923289593,0.06454413764874165,0.06454413764874165,14140800
1986-07-25,0.06613121181726456,0.06666022743713197,0.06560219619739714,0.06560219619739714,20448000
1986-07-28,0.06454414129257202,0.06613118757028422,0.06454414129257202,0.06613118757028422,11808000
1986-07-29,0.06295711547136307,0.06507317786254636,0.06189908427577142,0.06454416226475054,14054400
1986-07-30,0.06084045022726059,0.0629571212903192,0.05872438764049536,0.0629571212903192,26409600
1986-07-31,0.060311414301395416,0.06136944523902458,0.06031141430139541,0.060840429770209994,15638400
1986-08-01,0.059782400727272034,0.06084043169843351,0.05925338524169129,0.06031141621285277,12902400
1986-08-04,0.059782400727272034,0.059782400727272034,0.05819535427052981,0.059782400727272034,12441600
1986-08-05,0.05925342068076134,0.06031145228472436,0.05925342068076133,0.05978243648274285,2822400
1986-08-06,0.05872439965605736,0.059782431165923126,0.057666368146191596,0.059253415410990246,18316800
1986-08-07,0.058195389807224274,0.059253421424466934,0.05766637399860294,0.058724405615845604,3657600
1986-08-08,0.05872439965605736,0.059782431165923126,0.05819538390112448,0.05819538390112448,4147200
1986-08-11,0.06084045022726059,0.061369465873951895,0.05978241893387798,0.05978241893387798,7948800
1986-08-12,0.06242809444665909,0.06242809444665909,0.060840439315050183,0.060840439315050183,9993600
1986-08-13,0.06295711547136307,0.06295711547136307,0.06189908427577142,0.06242809987356725,6883200
1986-08-14,0.06454414129257202,0.06507315671847608,0.06295709501485983,0.06295709501485983,20131200
1986-08-15,0.0648086667060852,0.06507317221157968,0.06401514110786766,0.06454415665972367,6105600
1986-08-18,0.06401516497135162,0.06507319646947515,0.06401516497135162,0.06480869086537865,12787200
1986-08-19,0.06401516497135162,0.06427967511631688,0.0629571334732281,0.06401516497135162,20390400
1986-08-20,0.06348612159490585,0.06401513711375487,0.06348612159490585,0.06401513711375487,20764800
1986-08-21,0.06348612159490585,0.06454415263260388,0.06348612159490585,0.06348612159490585,49536000
1986-08-22,0.06242809444665909,0.06401514110208373,0.0613694548668584,0.06348612555027551,5760000
1986-08-25,0.06242809444665909,0.06242809444665909,0.0613694548668584,0.06242809444665909,2419200
1986-08-26,0.06189907342195511,0.06242808892698966,0.061899073421955116,0.06242808892698966,10857600
1986-08-27,0.06189907342195511,0.06242808892698966,0.061369449440790105,0.061899073421955116,9532800
1986-08-28,0.06189907342195511,0.06242808892698966,0.061899073421955116,0.061899073421955116,3427200
1986-08-29,0.060311414301395416,0.06242808465274255,0.059253383363766246,0.061899069183927964,25430400
1986-09-02,0.05872439965605736,0.06031144692085601,0.057930873753223644,0.06031144692085601,5212800
1986-09-03,0.05713735520839691,0.05819538677042857,0.055550307865349424,0.05819538677042857,18316800
1986-09-04,0.06189907342195511,0.061899073421955116,0.05819535641058283,0.05819535641058283,39427200
1986-09-05,0.06454414129257202,0.06454414129257202,0.06136944026110818,0.061899064163051694,26352000
1986-09-08,0.06401516497135162,0.06507319646947515,0.06401516497135162,0.06454418072041339,9619200
1986-09-09,0.0650731697678566,0.06666021636382553,0.0640151387038773,0.0640151387038773,37526400
1986-09-10,0.06401516497135162,0.06560221221853692,0.06401516497135162,0.06507319646947515,10886400
1986-09-11,0.061369478702545166,0.06454418172262205,0.06136947870254517,0.064015165965346,35654400
1986-09-12,0.059782400727272034,0.061899071145703075,0.059782400727272034,0.06136944718401425,24451200
1986-09-15,0.06084045022726059,0.06084045022726059,0.05872438764049536,0.05978241893387798,22492800
1986-09-16,0.06084045022726059,0.061369465873951895,0.05978241893387798,0.06084045022726059,5184000
1986-09-17,0.06242809444665909,0.06348612555027551,0.06031142376324197,0.060840439315050183,8035200
1986-09-18,0.06295711547136307,0.06401514666695472,0.06242809987356725,0.06242809987356725,5356800
1986-09-19,0.06295711547136307,0.06348613106915889,0.06242809987356725,0.06295711547136307,2505600
1986-09-22,0.06242809444665909,0.0629571099984673,0.06242809444665909,0.0629571099984673,4492800
1986-09-23,0.06348612159490585,0.06401513711375487,0.06242809055720783,0.06242809055720783,5961600
1986-09-24,0.06269262731075287,0.06348614865684357,0.062428117168143504,0.06348614865684357,4780800
1986-09-25,0.061369478702545166,0.0629571344507939,0.06136947870254517,0.06269262884259029,5155200
1986-09-26,0.061369478702545166,0.061899102936241804,0.06084046294526912,0.06136947870254517,2332800
1986-09-29,0.059782400727272034,0.06136944718401425,0.059782400727272034,0.06136944718401425,6192000
1986-09-30,0.059782400727272034,0.06084043169843351,0.059782400727272034,0.059782400727272034,5184000
1986-10-01,0.05925342068076134,0.060840468086705866,0.05819538907679831,0.05978243648274285,32428800
1986-10-02,0.05925342068076134,0.06031145228472436,0.05872440487877982,0.05925342068076133,22723200
1986-10-03,0.059782400727272034,0.06031141621285277,0.05925338524169129,0.05925338524169129,14716800
1986-10-06,0.06454414129257202,0.06560217214438015,0.06136944026110818,0.06136944026110818,85334400
1986-10-07,0.06586673110723495,0.0671892683850203,0.06454418928858027,0.06454418928858027,59788800
1986-10-08,0.0677182599902153,0.0685117811649724,0.06507318183957879,0.0658667075552036,119606400
1986-10-09,0.06983432918787003,0.0714219847063285,0.0677182664650354,0.0677182664650354,92563200
1986-10-10,0.07300903648138046,0.07459608362638925,0.06877630228498503,0.0698343337149909,76752000
1986-10-13,0.06983432918787003,0.07300903174845447,0.06983432918787003,0.07300903174845447,27129600
1986-10-14,0.0708923488855362,0.07142197295543956,0.07036333329186523,0.07036333329186523,12873600
1986-10-15,0.07406707853078842,0.07459609432163924,0.07089237530922429,0.07089237530922429,63532800
1986-10-16,0.07406707853078842,0.07459609432163924,0.0735380627399376,0.07406707853078842,21859200
1986-10-17,0.07618310302495956,0.07671211400642441,0.07406704093563299,0.07406704093563299,124444800
1986-10-20,0.07671211659908295,0.07777014767950478,0.07459605897910623,0.07618310559973898,43545600
1986-10-21,0.07988622784614563,0.07988622784614563,0.07724115408977687,0.07724115408977687,112377600
1986-10-22,0.07988622784614563,0.08067975360575062,0.07935721672756625,0.07988622784614563,54576000
1986-10-23,0.07988622784614563,0.08041524804646094,0.07909271116827657,0.07988622784614563,70444800
1986-10-24,0.07935720682144165,0.07988621787398481,0.07724114444779939,0.07988621787398481,101376000
1986-10-27,0.0820029079914093,0.0820029079914093,0.07988622779688123,0.07988622779688123,125654400
1986-10-28,0.08385445177555084,0.08517699766823242,0.08200290387292047,0.08200290387292047,142646400
1986-10-29,0.08147388696670532,0.08411896977640414,0.08041524718287144,0.08385445513821917,53222400
1986-10-30,0.08306091278791428,0.08411894376832227,0.08094485082709829,0.08147386177643577,44380800
1986-10-31,0.0820029079914093,0.08411897062789375,0.08147388779142023,0.08306093930965153,63734400
1986-11-03,0.08358995616436005,0.08411897640065374,0.08253192477350922,0.08253192477350922,42192000
1986-11-04,0.08676403015851974,0.08676403015851974,0.08358993672415456,0.08358993672415456,54403200
1986-11-05,0.0920548215508461,0.0925838418203754,0.08623503551832168,0.08676405578785099,45100800
1986-11-06,0.09417085349559784,0.09628691571433318,0.09152578026304575,0.09205479127686252,72576000
1986-11-07,0.09364186227321625,0.0946998936062014,0.09205481073287047,0.09417087339884078,44323200
1986-11-10,0.08993813395500183,0.09364185640555642,0.08940911378078996,0.09364185640555642,28684800
1986-11-11,0.09046775847673416,0.09152578969513608,0.09046775847673416,0.09046775847673416,11894400
1986-11-12,0.09046775847673416,0.09258382091353799,0.08940910970034689,0.09046775847673416,34156800
1986-11-13,0.08914459496736526,0.09099676015512807,0.08888008946049283,0.0904677491413832,30211200
1986-11-14,0.08993813395500183,0.08993813395500183,0.0872930512474135,0.08914460823455178,18720000
1986-11-17,0.09046775847673416,0.09152578969513608,0.08888009863201347,0.0899381298504154,24307200
1986-11-18,0.08570601791143417,0.09099678327816857,0.08570601791143417,0.09046777212999757,59673600
1986-11-19,0.0888800397515297,0.08940905046940864,0.0857059481990688,0.0857059481990688,48729600
1986-11-20,0.09575788676738739,0.09575788676738738,0.08888008125692806,0.08888008125692806,98179200
1986-11-21,0.09893197566270828,0.09999062418784671,0.09628690278532565,0.09628690278532565,91065600
1986-11-24,0.10686785727739334,0.10739686840007955,0.0957579153255739,0.09893200930689923,173836800
1986-11-25,0.1079259142279625,0.10845492547624505,0.10633886231963853,0.10686788264965924,95788800
1986-11-26,0.10686785727739334,0.108454899727188,0.10686785727739334,0.10792588860450178,38793600
1986-11-28,0.1052807942032814,0.10739685662550134,0.10422277207390644,0.10686784556081387,41328000
1986-12-01,0.10316471010446548,0.1058097828027503,0.10263569011576913,0.10528076281405395,40291200
1986-12-02,0.10369371622800827,0.10580977792171452,0.10369371622800828,0.10369371622800828,28771200
1986-12-03,0.10290021449327469,0.10475177117162686,0.10263570899114838,0.10369374008138763,35164800
1986-12-04,0.10422280430793762,0.10528082676453777,0.10210674123126165,0.10290025807371177,42508800
1986-12-05,0.10369371622800827,0.1047517470748614,0.10369371622800828,0.10422273619230078,107510400
1986-12-08,0.10263567417860031,0.1047517356413411,0.10104863262241016,0.10369370490997071,22665600
1986-12-09,0.10210668295621872,0.10316471389070986,0.10157766294810681,0.10263569388259797,16099200
1986-12-10,0.10290021449327469,0.10316472907713499,0.10104866689665651,0.10210669798689576,27590400
1986-12-11,0.10369371622800827,0.10422273619230078,0.10263568538115515,0.10290019082243547,11635200
1986-12-12,0.09999068081378937,0.10369378675558572,0.09999068081378937,0.10369378675558572,25286400
1986-12-15,0.09734494239091873,0.10051964405064337,0.09575789125826947,0.09999063306091611,50774400
1986-12-16,0.09840302169322968,0.09999068208037382,0.09787400136242161,0.09787400136242161,77299200
1986-12-17,0.09946102648973465,0.09999065515437976,0.09840299519476878,0.09840299519476878,23356800
1986-12-18,0.10025519132614136,0.10051969696023028,0.09893203651573959,0.09946105686565594,12672000
1986-12-19,0.10263567417860031,0.10369370490997071,0.10051961271585952,0.10051961271585952,56592000
1986-12-22,0.10369371622800827,0.1047517470748614,0.10263568538115515,0.10263568538115515,18316800
1986-12-23,0.10475179553031921,0.10475179553031921,0.1036937641940483,0.1036937641940483,23788800
1986-12-24,0.10448727011680603,0.10475177563019053,0.10422276460342154,0.10475177563019053,7027200
1986-12-26,0.10422280430793762,0.10528082676453777,0.10422280430793762,0.10448730992208766,3715200
1986-12-29,0.09999068081378937,0.10528082956443041,0.09999068081378937,0.10422280707969266,41702400
1986-12-30,0.10104871541261673,0.10157772667086061,0.0989320346579575,0.09999068381439064,25401600
1986-12-31,0.10210668295621872,0.1036937248170891,0.10104865202172757,0.10104865202172757,23356800
1987-01-02,0.10104871541261673,0.10316477860906892,0.10051969507263452,0.10210674701084282,12643200
1987-01-05,0.10686785727739334,0.10792588860450178,0.10051966931474268,0.1010486895191649,48499200
1987-01-06,0.10845496505498886,0.10898398557806636,0.10633890112616179,0.1068679216492393,40032000
1987-01-07,0.11427471041679382,0.11427471041679382,0.1084549238083028,0.1084549238083028,60998400
1987-01-08,0.1179778203368187,0.11903646949287365,0.11480372554327432,0.11480372554327432,61488000
1987-01-09,0.12273960560560226,0.12326862607496208,0.1174488378440893,0.11797784923170855,63705600
1987-01-12,0.13067534565925598,0.13173337661029272,0.1216814695584807,0.12273950050951746,128793600
1987-01-13,0.12697170674800873,0.12961739886023668,0.12485564347211509,0.12961739886023668,76320000
1987-01-14,0.12697170674800873,0.1275007180261128,0.12432662311227234,0.12697170674800873,69465600
1987-01-15,0.13384947180747986,0.1370235656655107,0.12697166451299177,0.12697166451299177,117014400
1987-01-16,0.13067534565925598,0.13384942943063344,0.1280296552647012,0.13384942943063344,65433600
1987-01-19,0.1354365199804306,0.1354365199804306,0.12802969268237402,0.1306753838501526,88243200
1987-01-20,0.13755254447460175,0.14072724585399518,0.13490746251432922,0.1354364825390769,95760000
1987-01-21,0.14337237179279327,0.1470754860913029,0.13490751244185287,0.13755259538103634,108489600
1987-01-22,0.15765699744224548,0.1581860085166325,0.1391402384966874,0.14337235433698908,116035200
1987-01-23,0.1428433507680893,0.16400519344270492,0.1428433507680893,0.15765700572609376,317894400
1987-01-26,0.1454884558916092,0.14707550770469074,0.1391402758844959,0.14390141316026528,116553600
1987-01-27,0.15130822360515594,0.15342427729242117,0.14548843797318717,0.14548843797318717,114105600
1987-01-28,0.15183718502521515,0.15395324697457524,0.14707543262217834,0.15130816499700864,76723200
1987-01-29,0.1454884558916092,0.15342429618822478,0.14231437042892137,0.15183726253861848,79228800
1987-01-30,0.15474683046340942,0.15501132695402645,0.1433723733950376,0.14548843613733772,104169600
1987-02-02,0.15448231995105743,0.1576570226259609,0.15448231995105743,0.15474683461223898,46915200
1987-02-03,0.15183718502521515,0.15606930892393533,0.14919210304764854,0.15448225792104878,59328000
1987-02-04,0.15236620604991913,0.15289521703138398,0.15025014396059255,0.15183719506845428,31737600
1987-02-05,0.15130822360515594,0.15342427729242117,0.1497211810692729,0.1523662549896568,42652800
1987-02-06,0.1457529515028,0.1521017482370249,0.1449594257001304,0.15130822243435532,45619200
1987-02-09,0.14443038403987885,0.14548841525919742,0.14363686743669124,0.14548841525919742,136080000
1987-02-10,0.14495941996574402,0.14495941996574402,0.14125631483600287,0.1444303997576461,44668800
1987-02-11,0.15183718502521515,0.15183718502521515,0.14548838161929176,0.14548838161929176,60307200
1987-02-12,0.16241809725761414,0.16321162277416018,0.15183718791505543,0.15183718791505543,185731200
1987-02-13,0.16083109378814697,0.16453418932433805,0.15712798008848625,0.16241812694788474,81763200
1987-02-17,0.16188913583755493,0.16241814695596907,0.15712799944488406,0.1608311136007267,70732800
1987-02-18,0.15183718502521515,0.16453415611575287,0.15130816499700864,0.16188908321991924,128592000
1987-02-19,0.1454884558916092,0.15130824224034542,0.14390141316026528,0.15130824224034542,317750400
1987-02-20,0.14390131831169128,0.14548835999698057,0.1417852566768178,0.14548835999698057,87897600
1987-02-23,0.15289518237113953,0.15501124398077007,0.14072722418061726,0.14390131659506308,125913600
1987-02-24,0.16030211746692657,0.16083114685820796,0.1528952882290476,0.1528952882290476,120816000
1987-02-25,0.15765699744224548,0.16321165913198504,0.15659835773547903,0.16030207097765092,65001600
1987-02-26,0.16347618401050568,0.16823793786376456,0.15448230496960624,0.15765700733663207,145209600
1987-02-27,0.16241809725761414,0.16453415924724815,0.15977302431143817,0.1634761373341643,37555200
1987-03-02,0.15765699744224548,0.16241813343866934,0.15659835773547903,0.16241813343866934,79516800
1987-03-03,0.15765699744224548,0.15924404882887688,0.15554031742323465,0.15765699744224548,81100800
1987-03-04,0.16876693069934845,0.16929594174966084,0.15712797921716376,0.15765699026747618,98179200
1987-03-05,0.17670270800590515,0.18040582041722164,0.16876687291978412,0.16876687291978412,128188800
1987-03-06,0.17617374658584595,0.17776079780236467,0.1719410045595154,0.17670275760352938,63561600
1987-03-09,0.1729990839958191,0.17670279768102737,0.17194104355701242,0.1761737865433603,38275200
1987-03-10,0.17828987538814545,0.18040593841242214,0.17247007997235894,0.17299910935103452,74102400
1987-03-11,0.18093496561050415,0.18199298813436526,0.1788189023993051,0.18093496561050415,43862400
1987-03-12,0.18172845244407654,0.1830509893957905,0.17670280112947973,0.18093492664035357,71337600
1987-03-13,0.17511512339115143,0.18305096144788344,0.17141200959365363,0.1817284246980921,105120000
1987-03-16,0.17405714094638824,0.17458615218944362,0.1687669921888821,0.17458615218944362,88473600
1987-03-17,0.17987696826457977,0.1809349909365356,0.17352816018410894,0.17405717152008685,54547200
1987-03-18,0.1893998086452484,0.1909868422017138,0.18093493946541406,0.18093493946541406,119347200
1987-03-19,0.19310297071933746,0.19310297071933746,0.18622576848084088,0.18939987299921182,62812800
1987-03-20,0.19098681211471558,0.1931028746867909,0.18992878991041356,0.1931028746867909,38246400
1987-03-23,0.18966427445411682,0.19363188494822975,0.1878127265228917,0.19098681128548778,67478400
1987-03-24,0.19098681211471558,0.1920448524824889,0.18516703610608704,0.18516703610608704,69609600
1987-03-25,0.1901933252811432,0.19204489176259076,0.1888707881735235,0.19098685117841002,33840000
1987-03-26,0.18887071311473846,0.19045776427856484,0.18834170211461895,0.19019324969677118,33379200
1987-03-27,0.19416087865829468,0.19839360240355708,0.1899287543074734,0.1899287543074734,120873600
1987-03-30,0.2047424167394638,0.2047424167394638,0.18728369050665775,0.19416088838022713,186134400
1987-03-31,0.2047424167394638,0.2095035523316681,0.20209672587068464,0.20209672587068464,125337600
1987-04-01,0.19257378578186035,0.2089744855827548,0.19151574584155148,0.20474236214844724,259430400
1987-04-02,0.2010386884212494,0.20527143060030295,0.19574854172660258,0.19574854172660258,159955200
1987-04-03,0.21109065413475037,0.21214867644706967,0.20103873379226306,0.20103873379226306,155606400
1987-04-06,0.2100326120853424,0.211619663705404,0.20632951585649612,0.2110906525532078,98956800
1987-04-07,0.19892263412475586,0.21003255554191957,0.19892263412475586,0.21003255554191957,73728000
1987-04-08,0.2047424167394638,0.2068584790208289,0.1989226415303714,0.1989226415303714,106214400
1987-04-09,0.2010386884212494,0.2047424195635321,0.19945165531093678,0.2047424195635321,71568000
1987-04-10,0.2023613005876541,0.20262579709923728,0.20050973418920082,0.20103874537584138,43372800
1987-04-13,0.19574859738349915,0.20209678612012746,0.19468995745100745,0.20209678612012746,50256000
1987-04-14,0.19892263412475586,0.20209671834690232,0.1925738299590778,0.19574853173914125,87379200
1987-04-15,0.2031547874212265,0.20527146767199655,0.2005097135962071,0.2005097135962071,95961600
1987-04-16,0.20844560861587524,0.21267771660575155,0.2026258130559753,0.2031548242842754,188092800
1987-04-20,0.20262564718723297,0.21056148116408355,0.20209663639197953,0.20844543798306978,100310400
1987-04-21,0.20580042898654938,0.20738748016277525,0.19839360287869814,0.2026257272396551,113184000
1987-04-22,0.20844560861587524,0.2089746198441753,0.20580051614742353,0.20580051614742353,74678400
1987-04-23,0.20844560861587524,0.21056165352907555,0.20527150491912344,0.20844560861587524,48326400
1987-04-24,0.20950359106063843,0.21056161331517326,0.20580047684282218,0.2084455688061036,54172800
1987-04-27,0.20950359106063843,0.21109064260591284,0.20580047684282218,0.20950359106063843,53107200
1987-04-28,0.22484628856182098,0.22537531792482476,0.20738755671676018,0.20950361967835135,111081600
1987-04-29,0.21849752962589264,0.2306654972246929,0.2184975296258926,0.22484631875795175,85161600
1987-04-30,0.2200845628976822,0.2248463182063385,0.21532342514724584,0.2184975290898548,88041600
1987-05-01,0.22220048308372498,0.22272951217588446,0.21743934839854712,0.2200844212054831,37843200
1987-05-04,0.2264333814382553,0.22802043348848444,0.22114261459721152,0.22220063718837896,34531200
1987-05-05,0.24495002627372742,0.24495002627372742,0.2269622714146346,0.2269622714146346,110995200
1987-05-06,0.23913021385669708,0.24706606862252514,0.23807219191615175,0.24495000657796767,153504000
1987-05-07,0.2502402067184448,0.25076921780310846,0.2375432323111593,0.23913026556515027,289699200
1987-05-08,0.2676989436149597,0.2714026752148883,0.25076922608621705,0.25076922608621705,150048000
1987-05-11,0.260292112827301,0.2676989402114933,0.26002761636133076,0.2676989402114933,127382400
1987-05-12,0.2512981593608856,0.26293770693176366,0.2475950467334978,0.2602920167101825,148464000
1987-05-13,0.25764697790145874,0.2587050180040818,0.2528858428483219,0.2528858428483219,73382400
1987-05-14,0.25976309180259705,0.26452484536424514,0.2576470293383649,0.2576470293383649,59961600
1987-05-15,0.2523569166660309,0.2592341160715597,0.2523569166660309,0.2592341160715597,84326400
1987-05-18,0.24389199912548065,0.25235686599483226,0.23701420170635273,0.25235686599483226,172598400
1987-05-19,0.23542718589305878,0.24389203587439925,0.23542718589305878,0.24389203587439925,78336000
1987-05-20,0.23172342777252197,0.23436911879675937,0.22696229190055797,0.23436911879675937,228355200
1987-05-21,0.23595626652240753,0.23860134106909608,0.232252551864206,0.232252551864206,93312000
1987-05-22,0.2290782779455185,0.23701413142041794,0.228020256177082,0.2359560914885176,64627200
1987-05-26,0.23172342777252197,0.23278146805710836,0.2285493432457026,0.22907835430626086,46886400
1987-05-27,0.23172342777252197,0.2370142104264904,0.2306654056514055,0.23172342777252197,48758400
1987-05-28,0.24600805342197418,0.2465370826092674,0.23119440065820693,0.23172341168203153,108662400
1987-05-29,0.24389199912548065,0.25024018610902915,0.24336298808438558,0.24600806145333018,80380800
1987-06-01,0.23913021385669708,0.24389196647395556,0.23913021385669708,0.24389196647395556,30326400
1987-06-02,0.23807218670845032,0.24283393922154803,0.23489810279277892,0.239130208625852,51552000
1987-06-03,0.23965933918952942,0.2428340420068266,0.23913030984343794,0.23913030984343794,21628800
1987-06-04,0.23807218670845032,0.23965923774801923,0.23648513566888144,0.23965923774801923,20390400
1987-06-05,0.23119446635246277,0.23913030601315177,0.22643332945821992,0.23807228366486394,59270400
1987-06-08,0.23225252330303192,0.2327815345146192,0.2274913860717963,0.2311944827163823,111571200
1987-06-09,0.23066535592079163,0.2327814178702792,0.22960731586431482,0.2322524069237738,25833600
1987-06-10,0.21902655065059662,0.23172353008541793,0.21426541267644728,0.2306655074971527,176256000
1987-06-11,0.20632942020893097,0.22378814239859057,0.2058003911385023,0.2227295030268655,268704000
1987-06-12,0.20791658759117126,0.21479440588445156,0.20580052442933972,0.2063295538424049,196156800
1987-06-15,0.20791658759117126,0.21109069141565673,0.20368386187278764,0.20791658759117126,125222400
1987-06-16,0.21214865148067474,0.2147943426716799,0.20738751530859859,0.20791652640250238,73526400
1987-06-17,0.21955549716949463,0.2200845083075536,0.21320670962777477,0.21320670962777477,71078400
1987-06-18,0.22193597257137299,0.22220046893714798,0.21585230187004906,0.21902638540359853,56188800
1987-06-19,0.22114264965057373,0.22484636502846503,0.22008460872821808,0.22272970195236683,40809600
1987-06-22,0.21955549716949463,0.22220057102326216,0.21796846375531762,0.22220057102326216,87436800
1987-06-23,0.2174394130706787,0.21955547557829255,0.21267765941140926,0.21955547557829255,100771200
1987-06-24,0.2216716855764389,0.22431737848842156,0.2184975987848566,0.2184975987848566,82684800
1987-06-25,0.22114264965057373,0.22220067240944857,0.21902658596934324,0.22114264965057373,44035200
1987-06-26,0.2216716855764389,0.22272972661595491,0.21955562166088977,0.22167168557643893,21945600
1987-06-29,0.2206135243177414,0.22167154653011653,0.2169104102474855,0.22167154653011653,25632000
1987-06-30,0.21585234999656677,0.2216715074660929,0.21532332082013583,0.22114249645313022,38332800
1987-07-01,0.21691036224365234,0.2184974133744606,0.21479430012373046,0.21532331111284408,21945600
1987-07-02,0.21161966025829315,0.21743943672268107,0.2089745863769253,0.21743943672268107,56880000
1987-07-06,0.20632942020893097,0.21373562739682136,0.20527138023153826,0.21109055469853655,65491200
1987-07-07,0.19098681211471558,0.20580046707182134,0.18939977880826256,0.20580046707182134,197078400
1987-07-08,0.1973356306552887,0.20050971564505093,0.18728372882674824,0.19257387653084276,193449600
1987-07-09,0.20262564718723297,0.2073873982291021,0.197335502907777,0.19839352449828387,92707200
1987-07-10,0.20527134835720062,0.20632938817030191,0.19892256457473897,0.2015676368622995,75830400
1987-07-13,0.2100326120853424,0.2105616232375386,0.2031547950582897,0.20527147538863072,48326400
1987-07-14,0.22220048308372498,0.22272951217588446,0.21056153427730506,0.2116195742981587,152812800
1987-07-15,0.21638141572475433,0.223788243827483,0.21638141572475433,0.22220057466574045,96768000
1987-07-16,0.21585234999656677,0.21796841221188581,0.211619608008008,0.21691037202249216,72979200
1987-07-17,0.21638141572475433,0.2200845119153438,0.21532337526781958,0.21585240457802338,51264000
1987-07-20,0.2105615884065628,0.21585237110182875,0.21003257734187533,0.21585237110182875,42019200
1987-07-21,0.2100326120853424,0.21373572647766176,0.20844557862875387,0.2105616232375386,36547200
1987-07-22,0.21161966025829315,0.2126776825454512,0.20844557523334628,0.21003260866408335,53366400
1987-07-23,0.20685842633247375,0.21161956071198226,0.1989225908633316,0.21161956071198226,148492800
1987-07-24,0.20844560861587524,0.21056165352907555,0.20685855676749934,0.20738756799579944,57744000
1987-07-27,0.21109065413475037,0.21109065413475034,0.20527147692657458,0.20844558019047887,41817600
1987-07-28,0.2105615884065628,0.21532334187367125,0.21003257734187533,0.21214863976409526,38160000
1987-07-29,0.2100326120853424,0.2110906525532078,0.20685852700869228,0.2105616232375386,27676800
1987-07-30,0.20527134835720062,0.21003248210750197,0.20315466933675877,0.21003248210750197,55555200
1987-07-31,0.19892263412475586,0.20421278054948935,0.19468989216166482,0.20421278054948935,186624000
1987-08-03,0.19416087865829468,0.19998065357598205,0.1931028384888554,0.1989226315700107,116352000
1987-08-04,0.1983935832977295,0.1983935832977295,0.19416085996008955,0.19416085996008955,135072000
1987-08-05,0.20580042898654938,0.20844552033474845,0.19839360287869814,0.19892263204641875,211190400
1987-08-06,0.21373571455478668,0.215058869001287,0.2063295043467636,0.2063295043467636,152553600
1987-08-07,0.21902655065059662,0.221142613990605,0.2132067725299331,0.21373578382406572,171014400
1987-08-10,0.21902655065059662,0.22008457323886188,0.21691048731058826,0.21955556194472925,56448000
1987-08-11,0.2147943377494812,0.2211425252212655,0.2137356980279181,0.22008448489423282,68544000
1987-08-12,0.21161966025829315,0.21532337398489224,0.21161966025829315,0.21479436284131323,42364800
1987-08-13,0.2179684042930603,0.22114248841898973,0.2116196003198355,0.2116196003198355,80640000
1987-08-14,0.21902655065059662,0.21955556194472925,0.21691048731058826,0.2179685280623314,50832000
1987-08-17,0.2206135243177414,0.2206135243177414,0.2179684506233321,0.21902647283570725,33667200
1987-08-18,0.21691036224365234,0.2200844463418014,0.21479430012373046,0.2190264243635742,46944000
1987-08-19,0.21691036224365234,0.21743937323276594,0.21267762044591573,0.21691036224365234,48902400
1987-08-20,0.2227296680212021,0.2237883081771497,0.2169104892434555,0.2169104892434555,82051200
1987-08-21,0.2264333814382553,0.22907845607965188,0.22220063718837896,0.22220063718837896,68976000
1987-08-24,0.23648512363433838,0.2375431636613636,0.22325852440686203,0.22643322571883273,97747200
1987-08-25,0.24283400177955627,0.24706612686636037,0.23595618549635095,0.23860125913473573,185961600
1987-08-26,0.2444210797548294,0.24971122760573516,0.24177538827129308,0.2428340281341685,114105600
1987-08-27,0.24495002627372742,0.24600804829934542,0.2417753244754847,0.24442101526091844,72432000
1987-08-28,0.25447291135787964,0.2565889735446588,0.24547903404702273,0.24547903404702273,114796800
1987-08-31,0.2512981593608856,0.25447286048253237,0.2470660358334322,0.2534148205189368,84326400
1987-09-01,0.24018825590610504,0.2512981947470204,0.23913021579352334,0.24971114365988137,93859200
1987-09-02,0.24336297810077667,0.24389198912016985,0.23754320300258663,0.2380722140219798,78393600
1987-09-03,0.24389199912548065,0.24918216402683904,0.24071729715748746,0.24600806145333018,70934400
1987-09-04,0.23701420426368713,0.2444210309672975,0.23648517505341474,0.24389200175702508,48355200
1987-09-08,0.23595626652240753,0.23701430723916933,0.22907844787739792,0.2364852777990498,96336000
1987-09-09,0.23860123753547668,0.2412463109344175,0.23595616413653586,0.23701420439419385,60710400
1987-09-10,0.24230441451072693,0.24495010615899676,0.23913031107177013,0.23965934042057904,58176000
1987-09-11,0.24600805342197418,0.2465370826092674,0.24124630032268218,0.24230434053379998,41040000
1987-09-14,0.2523569166660309,0.25394396827145227,0.24653714016052974,0.24653714016052974,94464000
1987-09-15,0.249446839094162,0.25288605812725695,0.2460082376194628,0.25288605812725695,39052800
1987-09-16,0.24706614017486572,0.25394395682855264,0.24706614017486572,0.24971121395573048,57715200
1987-09-17,0.24547921121120453,0.24865329770040123,0.24071745483731083,0.2475952749251627,69436800
1987-09-18,0.24336297810077667,0.24547904034181783,0.2412462983018073,0.24547904034181783,31651200
1987-09-21,0.2264333814382553,0.2423044650083634,0.22431731809244246,0.2264333814382553,85550400
1987-09-22,0.24230441451072693,0.24442109497366202,0.2243172713434303,0.22643333424824347,82008000
1987-09-23,0.25500190258026123,0.25553091354504753,0.24442099307280446,0.24442099307280446,107697600
1987-09-24,0.2592340111732483,0.26769885815352673,0.2539438655137834,0.2539438655137834,118440000
1987-09-25,0.26240867376327515,0.2751056608259374,0.2592339729110386,0.26029199462138436,82454400
1987-09-28,0.2708730399608612,0.2761638047384086,0.2613501501422954,0.2624087898788244,95544000
1987-09-29,0.27193161845207214,0.2761637425399179,0.26928592788016453,0.27298965855576696,57412800
1987-09-30,0.2803959250450134,0.28198357584399486,0.27087303538723917,0.27087303538723917,85680000
1987-10-01,0.28991883993148804,0.29097747974226484,0.27933790902883726,0.2803959494450331,127224000
1987-10-02,0.3068484663963318,0.3079065247219553,0.29097740987730125,0.29203545003945697,131644800
1987-10-05,0.33435916900634766,0.33435916900634766,0.31108126410694525,0.31108126410694525,184320000
1987-10-06,0.3121393620967865,0.3354172336130545,0.3105523104497477,0.33435921129067747,203040000
1987-10-07,0.30896463990211487,0.3184875309741164,0.30261645150501676,0.3131973830582713,125640000
1987-10-08,0.30473241209983826,0.3142552999779582,0.2941515022587886,0.31002317579930505,96940800
1987-10-09,0.3036743700504303,0.3184874030903281,0.3036743700504303,0.30579041383632444,93888000
1987-10-12,0.3026164472103119,0.30896463551731707,0.292035533970694,0.3047325099793136,117187200
1987-10-13,0.3100232779979706,0.313197381260032,0.30050038698064524,0.3057905348661167,96811200
1987-10-14,0.30155837535858154,0.31637139353880733,0.2994416953792886,0.3100232244383409,114220800
1987-10-15,0.29838359355926514,0.30790649913123264,0.2962675315742916,0.29838359355926514,128822400
1987-10-16,0.2740478217601776,0.31531347771081053,0.27193175862548186,0.2983837556803426,210240000
1987-10-19,0.19151577353477478,0.2687569142700523,0.19045775160493966,0.26029204861964045,146880000
1987-10-20,0.2031547874212265,0.22008450591555437,0.18199294354147863,0.19468993725579875,324000000
1987-10-21,0.23965933918952942,0.2560600481112246,0.21161967587476244,0.2190265044799469,262080000
1987-10-22,0.22537533938884735,0.24547914730965048,0.21585244667835624,0.2401883809253958,223200000
1987-10-23,0.20421285927295685,0.22431728337627976,0.20103875566373444,0.2222006027998015,112766400
1987-10-26,0.16612125933170319,0.20315477990810463,0.15765700887389017,0.19680661022821658,148320000
1987-10-27,0.17458613216876984,0.18199296077078453,0.16612128120197314,0.17247006927573177,234720000
1987-10-28,0.17458613216876984,0.17987691604122052,0.162947177780679,0.1692959840179117,149760000
1987-10-29,0.20209674537181854,0.20632948790092323,0.17458609854910725,0.17458609854910725,167040000
1987-10-30,0.2105615884065628,0.2211425180756436,0.20527144143274798,0.2105615884065628,168480000
1987-11-02,0.21267764270305634,0.21585236285480655,0.20527143358998892,0.20844553618378162,84772800
1987-11-03,0.2031547874212265,0.21161965575012662,0.18516704666227982,0.20844557079279777,116150400
1987-11-04,0.20632942020893097,0.21479426676854643,0.19468985432280503,0.19892259546324356,95342400
1987-11-05,0.21373571455478668,0.21691041701242478,0.2063295043467636,0.20738752659213602,81432000
1987-11-06,0.2010386884212494,0.21373567984251307,0.19892264427416592,0.21267763960550226,75355200
1987-11-09,0.19892263412475586,0.20103867816387475,0.1925738299590778,0.19786459394172828,86587200
1987-11-10,0.19892263412475586,0.20527142012696578,0.1925738299590778,0.19680657192216883,91166400
1987-11-11,0.20738743245601654,0.20844547238460157,0.19998060805200812,0.20103862981712936,54619200
1987-11-12,0.21161966025829315,0.22008451060404893,0.2073875347827155,0.21479436284131323,99172800
1987-11-13,0.20421285927295685,0.2126777107409296,0.20421285927295682,0.21161968831350556,58492800
1987-11-16,0.20209674537181854,0.21056159470855776,0.201038705047307,0.20632948790092323,59472000
1987-11-17,0.19786451756954193,0.2010386005665488,0.19151571585438845,0.19786451756954193,69321600
1987-11-18,0.2031547874212265,0.2031547874212265,0.19045781187037872,0.2010387247285165,89308800
1987-11-19,0.19574859738349915,0.20527148896482858,0.19468995745100745,0.20421284903233689,75024000
1987-11-20,0.2010386884212494,0.20209672865826017,0.18939975540046555,0.1925738397845598,82468800
1987-11-23,0.20209674537181854,0.20632948790092323,0.19892266072522502,0.199980682886266,44640000
1987-11-24,0.2010386884212494,0.20738749291085548,0.1925738397845598,0.20527143060030295,72230400
1987-11-25,0.19468988478183746,0.20209671068631516,0.19468988478183746,0.20103867054339317,32155200
1987-11-27,0.19151577353477478,0.19574851513891303,0.19045775160493966,0.1946898756512133,18316800
1987-11-30,0.1893998086452484,0.19045783101622532,0.1714120479146028,0.18728374573982035,164160000
1987-12-01,0.18516689538955688,0.19363173863960226,0.18199279486184788,0.1883415953113639,73540800
1987-12-02,0.18622562289237976,0.18939972492928428,0.18093485949097793,0.1841089433644163,68515200
1987-12-03,0.1708829700946808,0.18939973479035205,0.17035395911547585,0.1872836727100653,127670400
1987-12-04,0.17776069045066833,0.17934772254529197,0.1692958290679592,0.17035386862783242,121752000
1987-12-07,0.1830509752035141,0.18516703779488883,0.1788188500207646,0.18199293482609097,66211200
1987-12-08,0.2010386884212494,0.20103868842124936,0.18199291067384865,0.18305095091085946,112521600
1987-12-09,0.19574859738349915,0.20421284903233689,0.19468995745100745,0.19998072320791802,83793600
1987-12-10,0.2010386884212494,0.209503555221408,0.18728369308991302,0.1925738397845598,165600000
1987-12-11,0.2031547874212265,0.20527146767199655,0.19786463977118765,0.20209676515660768,72475200
1987-12-14,0.2147943377494812,0.2158523780765139,0.2020967458533811,0.20315476801694318,95112000
1987-12-15,0.21691036224365234,0.21955543535268782,0.2116195984676885,0.21691036224365234,112219200
1987-12-16,0.2296074628829956,0.23172352618740796,0.21267773949469726,0.21373578022864226,105537600
1987-12-17,0.2200845628976822,0.23172351919735512,0.2190265403591306,0.23172351919735512,94017600
1987-12-18,0.2200845628976822,0.22749141087967162,0.22008456289768222,0.22220062613826247,52488000
1987-12-21,0.2179684042930603,0.22643325224125965,0.21479430200366323,0.22220051040647704,51163200
1987-12-22,0.22220048308372498,0.22431716251978917,0.2116195742981587,0.2179683774907066,41774400
1987-12-23,0.22537533938884735,0.22749140255196557,0.2211425955044136,0.22537533938884735,60710400
1987-12-24,0.22537533938884735,0.22749140255196557,0.22431729872555004,0.22537533938884735,12672000
1987-12-28,0.21691036224365234,0.2253752282812327,0.2116195984676885,0.22431718813953805,50716800
1987-12-29,0.23066535592079163,0.2327814178702792,0.21373564337267054,0.21691034477301208,79459200
1987-12-30,0.23595626652240753,0.23701430723916933,0.22960745915404016,0.23066549987080195,70704000
1987-12-31,0.2296074628829956,0.23595627035447123,0.22749141774206086,0.23384020705005887,61545600
1988-01-04,0.23701420426368713,0.2391302484508991,0.2306653996536828,0.23172342174728877,110347200
1988-01-05,0.241246297955513,0.2454790399894477,0.23913023571750933,0.24230433815624908,155520000
1988-01-06,0.2475951611995697,0.2528859265309244,0.24124635541547526,0.24230439586821498,121680000
1988-01-07,0.25606003403663635,0.2565890451901761,0.2433630398127583,0.24547910259039052,90676800
1988-01-08,0.23701420426368713,0.2613501291672393,0.23542715295980876,0.2550019421151952,145440000
1988-01-11,0.24495002627372742,0.24547903728653642,0.23172340685685203,0.235956148844181,143568000
1988-01-12,0.24018825590610504,0.24759508159818494,0.229607328039747,0.2454790195364885,168480000
1988-01-13,0.24018825590610504,0.24759508159818494,0.23172339010144344,0.23701417189529386,96148800
1988-01-14,0.23807218670845032,0.2454790121785186,0.23701416479104864,0.2423043107049898,40608000
1988-01-15,0.2444210797548294,0.25076924991052707,0.24442107975482943,0.24971122760573516,92174400
1988-01-18,0.24230441451072693,0.2454791173443315,0.23807228870110064,0.2454791173443315,30038400
1988-01-19,0.24230441451072693,0.24653715787847516,0.23595622579628747,0.23701426633043116,47419200
1988-01-20,0.22854942083358765,0.2423044396164471,0.22220061390321177,0.24018837649238378,208800000
1988-01-21,0.2327815592288971,0.23807232579159004,0.22960745529543058,0.22960745529543058,125107200
1988-01-22,0.22802039980888367,0.23754329193498075,0.2232586449667554,0.23542722890171958,75297600
1988-01-25,0.23595626652240753,0.23807232979245382,0.22960745915404016,0.22960745915404016,75499200
1988-01-26,0.23066535592079163,0.23648513021712614,0.22960731586431482,0.2327814178702792,43560000
1988-01-27,0.23595626652240753,0.23807232979245382,0.23172352242408645,0.23172352242408645,100411200
1988-01-28,0.23913021385669708,0.2401882539607092,0.2370141699756064,0.2370141699756064,29318400
1988-01-29,0.23595626652240753,0.2412464156157846,0.23066549987080195,0.23913035234573832,66700800
1988-02-01,0.23384004831314087,0.24124625576931236,0.23278140890306784,0.24018823391705868,48729600
1988-02-02,0.23595626652240753,0.23701430723916933,0.23172352242408645,0.23384020325236127,60753600
1988-02-03,0.2232586294412613,0.23595622371067615,0.22114256655515196,0.23595622371067615,75801600
1988-02-04,0.21585234999656677,0.225375238441689,0.21056156781861435,0.22431719825229535,114710400
1988-02-05,0.2179684042930603,0.22643325224125965,0.2169103641421054,0.22008444826803486,94104000
1988-02-08,0.21902655065059662,0.22220063657887024,0.21479442397057988,0.21479442397057988,72878400
1988-02-09,0.2232586294412613,0.2243172693606954,0.2200845260303603,0.22114256655515196,49939200
1988-02-10,0.2274913638830185,0.22854938620299692,0.222200580234614,0.22431726059613655,77025600
1988-02-11,0.23172342777252197,0.23172342777252197,0.22749132112458612,0.2285493432457026,69436800
1988-02-12,0.23384004831314087,0.23807217204908607,0.23066534703509523,0.2317233688873489,80222400
1988-02-16,0.24336297810077667,0.2444210183030315,0.23066538770214176,0.23278144994318292,67334400
1988-02-17,0.24336297810077667,0.24865312462164535,0.24230433850406213,0.24547904034181783,101318400
1988-02-18,0.24547921121120453,0.2497113386391209,0.2412464662249301,0.24230450716364973,84153600
1988-02-19,0.2486531287431717,0.24865312874317166,0.24442102235440896,0.2465370846305247,53164800
1988-02-22,0.2486531287431717,0.24971116896296394,0.24547904441073246,0.24865312874317166,52228800
1988-02-23,0.2518272399902344,0.25394391989784454,0.2486531373840243,0.2486531373840243,91728000
1988-02-24,0.2534148395061493,0.2571179524109944,0.25182718912920826,0.25182718912920826,79560000
1988-02-25,0.24600805342197418,0.25605997124991803,0.244950031374325,0.2528858687800332,61560000
1988-02-26,0.24653708934783936,0.24865313350097534,0.24230434715667884,0.24653708934783936,29923200
1988-02-29,0.2512981593608856,0.2518271702609512,0.2454789849697711,0.2475950467334978,39326400
1988-03-01,0.24971118569374084,0.2539439280875067,0.24759512327584784,0.2528858877968252,43300800
1988-03-02,0.2518272399902344,0.2571180043405852,0.2486531373840243,0.24971117764058415,67896000
1988-03-03,0.25817596912384033,0.2602920310037677,0.25288582350575456,0.25394386352745096,83664000
1988-03-04,0.2571179270744324,0.2592339887881878,0.2528858036469214,0.2581759488495781,68356800
1988-03-07,0.2650538980960846,0.26558292741788925,0.25711805867260373,0.2581760809892665,78004800
1988-03-08,0.2703441381454468,0.2740478529887963,0.2655830000907037,0.2666410226968785,96897600
1988-03-09,0.2708730399608612,0.2729897200393802,0.26769893709836196,0.268756977440352,81734400
1988-03-10,0.26558294892311096,0.2751058407561626,0.2639958971561342,0.27193173722220904,97948800
1988-03-11,0.2645248472690582,0.2666409097485279,0.25817604227265145,0.2645248472690582,84297600
1988-03-14,0.2692858874797821,0.26981489837052974,0.2602920121254376,0.2634667313546297,46281600
1988-03-15,0.2645248472690582,0.2698149943859971,0.2634668251110587,0.2698149943859971,43761600
1988-03-16,0.2740478217601776,0.2740478217601776,0.26240886604290004,0.2655829698266817,54547200
1988-03-17,0.2703441381454468,0.27722193897079894,0.26981510867888114,0.27510589375844935,125308800
1988-03-18,0.24653708934783936,0.2708730138594951,0.24653708934783936,0.26981497361945794,169920000
1988-03-21,0.2486531287431717,0.24865312874317166,0.24018828024423902,0.2475951066868482,198720000
1988-03-22,0.25500190258026123,0.257117964602873,0.24865309895456142,0.24865309895456142,115833600
1988-03-23,0.24971118569374084,0.26399582850787584,0.24865314540305936,0.26135013746839725,151200000
1988-03-24,0.23913021385669708,0.24865310153334316,0.23595612987159428,0.24865310153334316,159840000
1988-03-25,0.23754319548606873,0.24389198140275894,0.2359561443146394,0.24018826866280568,47332800
1988-03-28,0.2407173365354538,0.2412463476630876,0.232781497572475,0.23489817780453714,67147200
1988-03-29,0.23913021385669708,0.24653705765225248,0.23807219191615175,0.24230431600526667,80712000
1988-03-30,0.23172342777252197,0.24124631707442626,0.2296073653668191,0.24018829495330976,100713600
1988-03-31,0.23913021385669708,0.23913021385669708,0.23066536628406314,0.23066536628406314,50256000
1988-04-04,0.23384004831314087,0.23913019390133974,0.23066534703509523,0.2370141501968324,47721600
1988-04-05,0.23701420426368713,0.23701420426368716,0.2306653996536828,0.23489814191300576,41760000
1988-04-06,0.24600805342197418,0.2465370826092674,0.23595615375749895,0.23701419396861678,75297600
1988-04-07,0.24230441451072693,0.24865320261981416,0.24230441451072693,0.24653715787847516,74923200
1988-04-08,0.24547921121120453,0.2475952749251627,0.24177549577603047,0.24336314749724636,57974400
1988-04-11,0.24336297810077667,0.247595102582859,0.2412462983018073,0.247595102582859,40406400
1988-04-12,0.23595626652240753,0.2444211371608212,0.23278156314084825,0.2423044563325464,52444800
1988-04-13,0.241246297955513,0.241246297955513,0.2348981294049704,0.2370141916429741,42206400
1988-04-14,0.22431719303131104,0.23913022758822322,0.22325855347210477,0.2348981214195557,110030400
1988-04-15,0.2296074628829956,0.23278156692135293,0.2232586735749976,0.2253753544376485,114220800
1988-04-18,0.23172342777252197,0.23384010773620115,0.22749132112458612,0.2285493432457026,48052800
1988-04-19,0.2296074628829956,0.2412464195337633,0.22854944031252822,0.23172352618740796,75772800
1988-04-20,0.23066535592079163,0.2327814178702792,0.2274912720782932,0.22960731586431482,65404800
1988-04-21,0.23013633489608765,0.2348980870908833,0.22749126211592846,0.23278140767624683,63979200
1988-04-22,0.23384004831314087,0.23595611018111345,0.23066534703509523,0.23066534703509523,33926400
1988-04-25,0.23331107199192047,0.23595614517833954,0.23172340325677093,0.2338400829965107,23385600
1988-04-26,0.23595626652240753,0.23913035234573832,0.23384020325236127,0.23595626652240753,46454400
1988-04-27,0.2348981499671936,0.23701421239043055,0.22960736726938488,0.23595617209707706,47894400
1988-04-28,0.23436911404132843,0.23595616535427125,0.2327814633338914,0.23489814325462238,28468800
1988-04-29,0.23066535592079163,0.2327814178702792,0.22960731586431482,0.2327814178702792,64771200
1988-05-02,0.2327815592288971,0.2338401993226194,0.2264333695254411,0.23066549599441177,49262400
1988-05-03,0.23913021385669708,0.24124627590125455,0.2338400678270368,0.2338400678270368,62740800
1988-05-04,0.24177534878253937,0.24442103983395952,0.23701421286165777,0.2401882974210888,75153600
1988-05-05,0.241246297955513,0.24230433815624908,0.2380722136802417,0.2401882759182454,24883200
1988-05-06,0.24230441451072693,0.2454791173443315,0.24018835160591379,0.24018835160591379,43977600
1988-05-09,0.24230441451072693,0.24653715787847516,0.24018835160591379,0.24230441451072693,34790400
1988-05-10,0.241246297955513,0.2438919887700778,0.2380722136802417,0.24230433815624908,46828800
1988-05-11,0.23595626652240753,0.23913035234573832,0.23278156314084825,0.23913035234573832,59486400
1988-05-12,0.23701420426368713,0.2391302484508991,0.23489814191300576,0.23595616400661176,26409600
1988-05-13,0.24018825590610504,0.2412462778552198,0.2380721938444086,0.23913021579352334,17913600
1988-05-16,0.24653708934783936,0.24918216270272847,0.2401882848400737,0.2401882848400737,59788800
1988-05-17,0.24547921121120453,0.2507693614143594,0.24547921121120453,0.2497113386391209,70430400
1988-05-18,0.24018825590610504,0.24706607062362756,0.23913021579352334,0.2454790195364885,81374400
1988-05-19,0.241246297955513,0.24230433815624908,0.23595615144223803,0.2370141916429741,57729600
1988-05-20,0.23807218670845032,0.24442099026111694,0.23701416479104864,0.2423043107049898,42523200
1988-05-23,0.2327815592288971,0.2391303483270942,0.23066549599441177,0.23807232579159004,50227200
1988-05-24,0.24018825590610504,0.24018825590610504,0.23172339010144344,0.23278143021402511,55324800
1988-05-25,0.23595626652240753,0.2412464156157846,0.23489824396912307,0.23913035234573832,53582400
1988-05-26,0.23754319548606873,0.24124629066811332,0.2359561443146394,0.2370141844834149,43387200
1988-05-27,0.2348981499671936,0.238072234520314,0.23489814996719363,0.238072234520314,33148800
1988-05-31,0.24547921121120453,0.24653725214992417,0.23384025230781702,0.23489829324653666,44049600
1988-06-01,0.2507692277431488,0.25394394826191674,0.2444210581486136,0.2465371207346158,95788800
1988-06-02,0.24971118569374084,0.2539439280875067,0.24865314540305936,0.2518272481116339,63230400
1988-06-03,0.2518272399902344,0.2528858796412847,0.2486531373840243,0.24971117764058415,34833600
1988-06-06,0.2571179270744324,0.2581759488495781,0.2507691243753916,0.2518271643140014,81748800
1988-06-07,0.25817596912384033,0.26240871044151787,0.2555308963147975,0.25817596912384033,82166400
1988-06-08,0.26240867376327515,0.26452473534742943,0.25711791132688433,0.25711791132688433,66283200
1988-06-09,0.2613500952720642,0.26611184796062604,0.26082108429387,0.2634667749061881,69264000
1988-06-10,0.2634669244289398,0.26558298770609184,0.25923418031640516,0.2613502435935572,45014400
1988-06-13,0.26399585604667664,0.266640929804097,0.2634668449278869,0.2645248671654663,31118400
1988-06-14,0.266640841960907,0.268756903902414,0.2655828200718864,0.266640841960907,60379200
1988-06-15,0.2708730399608612,0.2708730399608612,0.26452485239933354,0.26558289274132363,51033600
1988-06-16,0.2687568664550781,0.26981488819667887,0.26664080480841335,0.26769882655001404,73713600
1988-06-17,0.266640841960907,0.2719316052907824,0.2655828200718864,0.268756903902414,42105600
1988-06-20,0.26558294892311096,0.2666409713254457,0.26240884538915743,0.26558294892311096,28137600
1988-06-21,0.2708730399608612,0.2708730399608612,0.26452485239933354,0.26452485239933354,39715200
1988-06-22,0.28357064723968506,0.28568670987364386,0.27246070539422657,0.2751057973092789,127324800
1988-06-23,0.27933794260025024,0.28462872654819565,0.27827992022037124,0.2835706860048423,41054400
1988-06-24,0.27616381645202637,0.2803959416725524,0.2751057942286307,0.27933790128568503,28555200
1988-06-27,0.2708730399608612,0.2761638047384086,0.2708730399608612,0.2761638047384086,23630400
1988-06-28,0.27827978134155273,0.2793378031934134,0.269814916314987,0.27087295633031294,32140800
1988-06-29,0.27827978134155273,0.28145448261841916,0.2772217413262268,0.2793378031934134,49809600
1988-06-30,0.28357064723968506,0.28357064723968506,0.27933790441372464,0.28039594481243996,31550400
1988-07-01,0.28780263662338257,0.28780263662338257,0.2825124916179305,0.2835705133536356,42940800
1988-07-05,0.2946805953979492,0.2952096065269037,0.28357065331448755,0.28568671599377776,48096000
1988-07-06,0.29097744822502136,0.2983836576822996,0.2899188085289112,0.29520957310445756,89380800
1988-07-07,0.29097744822502136,0.2920354885266155,0.286744705787599,0.28886076822731704,68428800
1988-07-08,0.28991883993148804,0.29097747974226484,0.2867447368463727,0.28780277726256853,40089600
1988-07-11,0.2825126349925995,0.2909774852222781,0.2825126349925995,0.2909774852222781,65764800
1988-07-12,0.2777508795261383,0.28462869631330107,0.27404776526297914,0.2835706558823389,90000000
1988-07-13,0.2825126349925995,0.2825126349925995,0.2751058070355704,0.2772218515808695,57427200
1988-07-14,0.28357064723968506,0.28357064723968506,0.27933790441372464,0.28251262500444163,34848000
1988-07-15,0.28357064723968506,0.2846286876384004,0.28039594481243996,0.28357064723968506,31579200
1988-07-18,0.2856867015361786,0.2867447237405448,0.2835706389639749,0.2846286793318124,20102400
1988-07-19,0.27933794260025024,0.28568674892807466,0.27827992022037124,0.28462872654819565,36460800
1988-07-20,0.2708730399608612,0.281454569515956,0.2698149996188712,0.281454569515956,111096000
1988-07-21,0.25817596912384033,0.2708729579612274,0.2560599254073783,0.269814917939531,128937600
1988-07-22,0.2613500952720642,0.26452479686257646,0.2560599491631883,0.2571179711195767,68817600
1988-07-25,0.25606003403663635,0.26452488454177686,0.2550019935660837,0.2624088217641447,52704000
1988-07-26,0.24547921121120453,0.2497113386391209,0.24018844344969156,0.24547921121120453,228960000
1988-07-27,0.24389199912548065,0.2497111750679341,0.24336298808438558,0.24653709065789445,68140800
1988-07-28,0.24653708934783936,0.24759511142440735,0.2412463069166417,0.2433629867911971,57945600
1988-07-29,0.2518272399902344,0.25394391989784454,0.24653709319784348,0.2475951152909339,59385600
1988-08-01,0.2475951611995697,0.25394396698366417,0.2475951611995697,0.2528859265309244,51825600
1988-08-02,0.24336297810077667,0.24865312462164535,0.24018827626302097,0.247595102582859,65476800
1988-08-03,0.23807218670845032,0.24336295018024887,0.23489810279277892,0.2423043107049898,91987200
1988-08-04,0.2348981499671936,0.23913025665019744,0.23489814996719363,0.238072234520314,53496000
1988-08-05,0.2264333814382553,0.23489825237975737,0.21902655125139867,0.23489825237975737,201600000
1988-08-08,0.22537533938884735,0.22749140255196557,0.2232586586675318,0.22749140255196557,148320000
1988-08-09,0.21902655065059662,0.2253753582288707,0.21585246472232303,0.22431731747712758,138830400
1988-08-10,0.21373571455478668,0.21902647966664168,0.21161965190056978,0.21691041701242478,113169600
1988-08-11,0.21902655065059662,0.22008457323886188,0.21161972048405733,0.21585246472232303,123105600
1988-08-12,0.2200845628976822,0.22114260359971086,0.217968517820579,0.2190265403591306,58262400
1988-08-15,0.2147943377494812,0.2211425252212655,0.2116196355373233,0.22008448489423282,41083200
1988-08-16,0.22220048308372498,0.22325852310457858,0.21267759615554693,0.21373563617640054,90878400
1988-08-17,0.22220048308372498,0.22802027534757877,0.21743934839854712,0.22220048308372498,59112000
1988-08-18,0.2232586294412613,0.22537530988548707,0.22220058891646963,0.2232586294412613,32025600
1988-08-19,0.21373571455478668,0.22431724477849665,0.2126776741459422,0.22325860497507544,67377600
1988-08-22,0.2031547874212265,0.21373571844283662,0.20209676515660768,0.21267767801474544,110174400
1988-08-23,0.20897454023361206,0.21056157331391906,0.2020967248372721,0.20421278710781682,88315200
1988-08-24,0.2179684042930603,0.21849741528680394,0.20844551619390606,0.20950353818139333,102585600
1988-08-25,0.2147943377494812,0.21796844056710868,0.2116196355373233,0.2126776577008854,72633600
1988-08-26,0.2174394130706787,0.2190264644922568,0.2147943394770291,0.2147943394770291,24451200
1988-08-29,0.2206135243177414,0.2222005576363041,0.21902647283570725,0.2200844950480824,35035200
1988-08-30,0.21691036224365234,0.22114248648349608,0.21585234026542513,0.2200844463418014,20966400
1988-08-31,0.21161966025829315,0.21902648831689087,0.20844557523334628,0.21796846602973283,71884800
1988-09-01,0.20685842633247375,0.21056152075905582,0.2031546961846448,0.20950349896959355,82382400
1988-09-02,0.2179684042930603,0.21902642628054758,0.20950353818139333,0.2105615601688806,115329600
1988-09-06,0.2200845628976822,0.22220062613826247,0.21691047711855033,0.217968517820579,67752000
1988-09-07,0.21902655065059662,0.2232586773306134,0.21479442397057988,0.221142613990605,72115200
1988-09-08,0.2200845628976822,0.22537534763909134,0.21691047711855033,0.217968517820579,69206400
1988-09-09,0.22854942083358765,0.2317235064379446,0.2179685058185612,0.21902652829885483,111124800
1988-09-12,0.2274913638830185,0.2327815118098573,0.22643332339956673,0.22749136388301847,43257600
1988-09-13,0.22854942083358765,0.22960744331388128,0.22325865454698146,0.2253753352292307,40608000
1988-09-14,0.22854942083358765,0.23384018712019383,0.22749139835329402,0.23225253584156746,79214400
1988-09-15,0.22114264965057373,0.22960750377036343,0.22008460872821808,0.2285494810114886,72921600
1988-09-16,0.2200845628976822,0.22220062613826247,0.2190265403591306,0.22114260359971086,48700800
1988-09-19,0.21902655065059662,0.22220063657887024,0.21585246472232303,0.22220063657887024,44697600
1988-09-20,0.22537533938884735,0.22537533938884735,0.21902653234129538,0.22008455484111628,53625600
1988-09-21,0.2274913638830185,0.22854938620299692,0.22643332339956673,0.22643332339956673,16056000
1988-09-22,0.23066535592079163,0.2327814178702792,0.2274912720782932,0.22854929397130402,59688000
1988-09-23,0.2274913638830185,0.2306654490064271,0.22749136388301847,0.2306654490064271,35092800
1988-09-26,0.2216716855764389,0.22854950631951987,0.2190266102228732,0.22749148344348671,50212800
1988-09-27,0.2200845628976822,0.22114260359971086,0.217968517820579,0.22008456289768222,35366400
1988-09-28,0.22431719303131104,0.224317193031311,0.21902642913996942,0.2211424913060371,25516800
1988-09-29,0.22431719303131104,0.2264332551973787,0.222200513307337,0.22325855347210477,56462400
1988-09-30,0.22114264965057373,0.2243173536490276,0.21902658596934324,0.22325871333180425,37252800
1988-10-03,0.2174394130706787,0.2190264644922568,0.21373569974695156,0.21691040198464295,41097600
1988-10-04,0.21638141572475433,0.2200845119153438,0.21532337526781958,0.21796846732842,29260800
1988-10-05,0.21267764270305634,0.2169103849437579,0.211619620614105,0.2169103849437579,67089600
1988-10-06,0.21161966025829315,0.21479436284131323,0.21161966025829315,0.2126776825454512,33609600
1988-10-07,0.2105615884065628,0.21267765082878273,0.20262575038785946,0.21161962869940779,208065600
1988-10-10,0.20844560861587524,0.21161969414915138,0.20209680182767523,0.21161969414915138,106358400
1988-10-11,0.2105615884065628,0.21373569112162774,0.2073875038549679,0.2105615884065628,65952000
1988-10-12,0.21426530182361603,0.21902643733453245,0.20738748650953304,0.20950354875477017,137534400
1988-10-13,0.2179684042930603,0.22114248841898973,0.2126776223073228,0.21320665146453402,82468800
1988-10-14,0.21691036224365234,0.22114248648349608,0.21585234026542513,0.2200844463418014,56764800
1988-10-17,0.2200845628976822,0.22220062613826247,0.21691047711855033,0.21691047711855033,25675200
1988-10-18,0.22220048308372498,0.22325852310457858,0.216910337469853,0.21902639934809487,37224000
1988-10-19,0.22537533938884735,0.22749140255196557,0.2211425955044136,0.22643336188866825,80683200
1988-10-20,0.2264333814382553,0.22854944478406816,0.22325867794302437,0.22325867794302437,73296000
1988-10-21,0.22431719303131104,0.2264332551973787,0.222200513307337,0.224317193031311,24264000
1988-10-24,0.2200845628976822,0.22537534763909134,0.2195555516284064,0.22537534763909134,28627200
1988-10-25,0.21373571455478668,0.22114254232085856,0.21161965190056978,0.2200845019120141,74548800
1988-10-26,0.2105615884065628,0.21373569112162774,0.20527144143274798,0.21267765082878273,157420800
1988-10-27,0.20950359106063843,0.20950359106063843,0.20209676323042397,0.2084455688061036,114336000
1988-10-28,0.20950359106063843,0.21056161331517326,0.20527146571555477,0.2084455688061036,46540800
1988-10-31,0.20738743245601654,0.20844547238460157,0.2052713707623103,0.20844547238460157,41284800
1988-11-01,0.20632942020893097,0.2105615256281079,0.20632942020893097,0.20738744202285903,53280000
1988-11-02,0.19998078048229218,0.20632958859533937,0.19786471696404342,0.20632958859533937,221803200
1988-11-03,0.19998078048229218,0.20209684400054093,0.19521964210710238,0.19998078048229218,118339200
1988-11-04,0.19680656492710114,0.2020967111638077,0.1968065649271011,0.1968065649271011,106603200
1988-11-07,0.19786451756954193,0.19892255734418499,0.19468981701485646,0.19680649595836003,55065600
1988-11-08,0.20580042898654938,0.20738748016277525,0.19892263204641875,0.199980654054924,56606400
1988-11-09,0.2105615884065628,0.21161962869940779,0.202096739323172,0.20315476145254693,124732800
1988-11-10,0.20738743245601654,0.21373561753713527,0.20738743245601657,0.21056151591484404,78796800
1988-11-11,0.20156769454479218,0.2073874691678751,0.2010386654051187,0.20527140709958222,54936000
1988-11-14,0.20527134835720062,0.20632938817030191,0.20103860787401798,0.20315466933675877,34329600
1988-11-15,0.19892263412475586,0.20527142012696578,0.19680657192216883,0.20527142012696578,93902400
1988-11-16,0.19574859738349915,0.19998072320791802,0.19257389453879803,0.19945171202073422,199008000
1988-11-17,0.19468988478183746,0.1978645864415621,0.19363184463891547,0.19574852431918557,65865600
1988-11-18,0.1973356306552887,0.19786464179300364,0.19363189880627266,0.19574857907867133,34430400
1988-11-21,0.19468988478183746,0.19574852431918557,0.19151578251653895,0.19468988478183746,47102400
1988-11-22,0.19468988478183746,0.19680656446210756,0.19257382265946094,0.19468988478183746,30312000
1988-11-23,0.1983935832977295,0.19892261241323617,0.19468987091213005,0.1957485103740607,56548800
1988-11-25,0.19627761840820312,0.19680664778537638,0.1936319266180826,0.19574860719450507,11462400
1988-11-28,0.19892263412475586,0.20103867816387475,0.19574853173914125,0.19574853173914125,58737600
1988-11-29,0.2010386884212494,0.20103868842124936,0.1978646040371551,0.19892264427416592,21873600
1988-11-30,0.19998078048229218,0.20209684400054093,0.19998078048229218,0.19998078048229218,35193600
1988-12-01,0.20738743245601654,0.2095034941497228,0.1989225862868869,0.20103862981712936,82008000
1988-12-02,0.2105615884065628,0.21267765082878273,0.20527144143274798,0.20527144143274798,91497600
1988-12-05,0.20950359106063843,0.2137357164057221,0.20632950613356177,0.21056161331517326,70142400
1988-12-06,0.2105615884065628,0.2105615884065628,0.2073875038549679,0.20950356627718786,44366400
1988-12-07,0.20844560861587524,0.21161969414915138,0.2079165792240995,0.2095036310724754,30888000
1988-12-08,0.20738743245601654,0.2095034941497228,0.20632941069089533,0.20844547238460157,40176000
1988-12-09,0.20738743245601654,0.20844547238460157,0.2052713707623103,0.20632941069089533,22305600
1988-12-12,0.20050963759422302,0.20738745175572804,0.20050963759422305,0.2063294298921461,38894400
1988-12-13,0.20209674537181854,0.20209674537181854,0.199980682886266,0.199980682886266,39168000
1988-12-14,0.2047424167394638,0.20632946799135485,0.20103868564826768,0.20209672587068464,28008000
1988-12-15,0.20738743245601654,0.20844547238460157,0.2052713707623103,0.20738743245601657,23198400
1988-12-16,0.2105615884065628,0.21267765082878273,0.20632948172559296,0.20632948172559296,51796800
1988-12-19,0.2147943377494812,0.21796844056710868,0.2137356980279181,0.21426532666770018,83534400
1988-12-20,0.21691036224365234,0.2222005084617233,0.21585234026542513,0.21743937323276594,92188800
1988-12-21,0.22114264965057373,0.22220067240944857,0.21691052228811275,0.21796856321046842,46440000
1988-12-22,0.2200845628976822,0.22431730693706267,0.2190265403591306,0.22220062613826247,74592000
1988-12-23,0.2200845628976822,0.22008456289768222,0.217968517820579,0.2190265403591306,17121600
1988-12-27,0.21902655065059662,0.22220063657887024,0.21902655065059665,0.22008457323886188,30772800
1988-12-28,0.22114264965057373,0.22114264965057373,0.21902658596934324,0.22008460872821808,21268800
1988-12-29,0.22537533938884735,0.22643336188866825,0.22008455484111628,0.22008455484111628,38275200
1988-12-30,0.22537533938884735,0.2296074475516074,0.22537533938884735,0.22643336188866825,63820800
1989-01-03,0.22696232795715332,0.2274913572652262,0.22325861422340526,0.2264333168125532,51825600
1989-01-04,0.2296074628829956,0.23225255563611924,0.2264333770081159,0.2264333770081159,53899200
1989-01-05,0.22590431571006775,0.23172347488629352,0.2253753045419515,0.23172347488629352,47246400
1989-01-06,0.22431719303131104,0.22749129536214643,0.224317193031311,0.2264332551973787,59054400
1989-01-09,0.22220048308372498,0.22537520254064278,0.2206134502976426,0.22431716251978917,46008000
1989-01-10,0.2200845628976822,0.22220062613826247,0.2190265403591306,0.22114260359971086,54129600
1989-01-11,0.22220048308372498,0.22220048308372498,0.2179683774907066,0.219555410276789,48297600
1989-01-12,0.22220048308372498,0.22749126441888465,0.2211424612263367,0.2211424612263367,54590400
1989-01-13,0.22431719303131104,0.22537523319607877,0.222200513307337,0.222200513307337,35568000
1989-01-16,0.22484628856182098,0.22907841448500332,0.2232586374050951,0.22537531792482476,27532800
1989-01-17,0.2179684042930603,0.22378817910907384,0.2169103641421054,0.22272953956368827,41745600
1989-01-18,0.2179684042930603,0.21902642628054758,0.2126776223073228,0.21902642628054758,63633600
1989-01-19,0.2264333814382553,0.22749142219290072,0.22114261459721152,0.22114261459721152,84297600
1989-01-20,0.2290782779455185,0.2301363178774188,0.22537518359252692,0.22643320536096342,61027200
1989-01-23,0.22431719303131104,0.22854931736344636,0.22378818203066106,0.22854931736344636,52228800
1989-01-24,0.2232586294412613,0.22643333224680473,0.22220058891646963,0.2243172693606954,56217600
1989-01-25,0.22431719303131104,0.22537523319607877,0.222200513307337,0.224317193031311,49046400
1989-01-26,0.2296074628829956,0.23066550361694058,0.22220063284105263,0.2227296622897639,87134400
1989-01-27,0.23436911404132843,0.23913024981668735,0.22749131650870807,0.22907834965818136,166420800
1989-01-30,0.2475951611995697,0.24865318348883667,0.23384014490018828,0.23489818535292803,110088000
1989-01-31,0.2523569166660309,0.25500199056608464,0.24759516245516208,0.24971122520789962,125092800
1989-02-01,0.2507692277431488,0.2528859078871799,0.24971120553188342,0.25182726811788564,131212800
1989-02-02,0.25764697790145874,0.2666408545960243,0.2507691632486725,0.25182720335129555,180028800
1989-02-03,0.25817596912384033,0.2645247723214453,0.25394386352745096,0.2560599254073783,91324800
1989-02-06,0.25606003403663635,0.25817607865079545,0.2528859307884515,0.25711805634371593,87580800
1989-02-07,0.26293784379959106,0.264524895489365,0.25606004463389936,0.2565890558093327,127094400
1989-02-08,0.2645248472690582,0.2708730347074672,0.2602921047521211,0.26240878478958857,133315200
1989-02-09,0.2698149085044861,0.2740476496741507,0.26135006188642285,0.26240870126545757,199036800
1989-02-10,0.2618798017501831,0.26875700100393685,0.26082116192083665,0.26664093829789937,129038400
1989-02-13,0.2592340111732483,0.26240871249406184,0.258175971143276,0.26029203303975507,94075200
1989-02-14,0.25500190258026123,0.26346676822857285,0.2539438806506886,0.2618797171707473,62956800
1989-02-15,0.2634669244289398,0.2634669244289398,0.2550020537621011,0.2560600944824158,81936000
1989-02-16,0.26558294892311096,0.2687570342935898,0.25923414246053816,0.2645249083573016,61387200
1989-02-17,0.2645248472690582,0.2676989319065275,0.2634668251110587,0.2666409097485279,29692800
1989-02-21,0.2613500952720642,0.2655828369824319,0.26029205515220877,0.2634667749061881,33753600
1989-02-22,0.25394389033317566,0.2613500986129708,0.25394389033317566,0.2602920584795902,95515200
1989-02-23,0.2555310130119324,0.2571180646875266,0.25076925859051835,0.2550020018412255,75945600
1989-02-24,0.2486531287431717,0.2571179954055731,0.24865312874317166,0.25500193312945735,76017600
1989-02-27,0.2528859078884125,0.25500197047442497,0.24759514294708795,0.2486531651583585,68788800
1989-02-28,0.2518272399902344,0.25500194199093495,0.24971117764058415,0.25394391989784454,43444800
1989-03-01,0.2507692277431488,0.2550019704731821,0.2507692277431488,0.25394394826191674,59889600
1989-03-02,0.2571179270744324,0.2581759488495781,0.2507691243753916,0.2507691243753916,92304000
1989-03-03,0.2613500952720642,0.2624087347863327,0.2560599491631883,0.2571179711195767,68947200
1989-03-06,0.26240867376327515,0.2634667136370837,0.25817593303723,0.2613500344951929,56635200
1989-03-07,0.2264333814382553,0.25394403944509636,0.22537535884708787,0.252885998690451,788688000
1989-03-08,0.22220048308372498,0.23066534815451475,0.22167147215503086,0.22749126441888465,253612800
1989-03-09,0.21902655065059662,0.2232586773306134,0.2179685280623314,0.2232586773306134,123307200
1989-03-10,0.21902655065059662,0.22220063657887024,0.21585246472232303,0.2179685280623314,66902400
1989-03-13,0.2232586294412613,0.2232586294412613,0.21902650366904264,0.2200845260303603,60206400
1989-03-14,0.2232586294412613,0.22537530988548707,0.22114256655515196,0.22537530988548707,63720000
1989-03-15,0.21267764270305634,0.22325857196787396,0.21267764270305634,0.22325857196787396,104889600
1989-03-16,0.21691036224365234,0.21796840238534698,0.21373566058761037,0.21479430012373046,102888000
1989-03-17,0.19680656492710114,0.2137356613405377,0.19468988524182995,0.2126776211951159,245577600
1989-03-20,0.19680656492710114,0.1968065649271011,0.19363184509640813,0.19627753577265647,238996800
1989-03-21,0.21109065413475037,0.21161966529091,0.1957485859037201,0.19786464869183193,224467200
1989-03-22,0.20738743245601654,0.21056151591484404,0.2052713707623103,0.2095034941497228,167025600
1989-03-23,0.21267764270305634,0.21267764270305634,0.2063294738424096,0.2063294738424096,87811200
1989-03-27,0.2105615884065628,0.2142653197442963,0.20950356627718786,0.21161962869940779,75542400
1989-03-28,0.2105615884065628,0.21373569112162774,0.20844554414781288,0.21267765082878273,70804800
1989-03-29,0.20950359106063843,0.21056161331517326,0.2084455688061036,0.21056161331517326,30009600
1989-03-30,0.21109065413475037,0.21161966529091,0.20791655087084604,0.2105616248151175,46742400
1989-03-31,0.21109065413475037,0.21267768760322933,0.2095036025027982,0.21161966529091,29736000
1989-04-03,0.21267764270305634,0.21479432260238587,0.21003256931720862,0.211619620614105,35049600
1989-04-04,0.21161966025829315,0.2126776825454512,0.20950359752050432,0.2126776825454512,25027200
1989-04-05,0.21320664882659912,0.2137356598137975,0.21056155756367254,0.21161959770153665,19641600
1989-04-06,0.21691036224365234,0.21796840238534698,0.21267762044591573,0.21373566058761037,51681600
1989-04-07,0.21691036224365234,0.2190264243635742,0.21585234026542513,0.21691036224365234,29448000
1989-04-10,0.2174394130706787,0.2211425269998706,0.21691040198464295,0.21691040198464295,28670400
1989-04-11,0.2174394130706787,0.2200844866643283,0.2132066886609158,0.21796844232018525,28728000
1989-04-12,0.20368382334709167,0.2190264907804359,0.201567760585502,0.2190264907804359,71020800
1989-04-13,0.20632942020893097,0.21320661648985734,0.20103863909109973,0.20209667906849244,92880000
1989-04-14,0.2147943377494812,0.21691040024007596,0.20844555088316646,0.20844555088316646,62625600
1989-04-17,0.2179684042930603,0.2216714994127334,0.21479430200366323,0.2169103641421054,51638400
1989-04-18,0.22537533938884735,0.22537533938884735,0.22008455484111628,0.22220061800423452,69336000
1989-04-19,0.23225252330303192,0.23595623750577047,0.23066547150479502,0.2327815345146192,168969600
1989-04-20,0.23701420426368713,0.2391302484508991,0.2306653996536828,0.23278146200436417,138801600
1989-04-21,0.23384004831314087,0.2370141501968324,0.23278140890306784,0.2370141501968324,58190400
1989-04-24,0.23331107199192047,0.23489812316915912,0.23066538124759048,0.23278144342941934,29332800
1989-04-25,0.23172342777252197,0.235956170141904,0.2306654056514055,0.2348981480207875,24897600
1989-04-26,0.22854942083358765,0.23278154708171428,0.22696236894967114,0.23278154708171428,44510400
1989-04-27,0.23172342777252197,0.23225245699655012,0.2285493432457026,0.2285493432457026,34588800
1989-04-28,0.23648512363433838,0.23807217459314348,0.22749126574585798,0.23172337136356252,69782400
1989-05-01,0.23119446635246277,0.2370142613165761,0.2296074146665572,0.23436916911890893,33739200
1989-05-02,0.22854942083358765,0.23278154708171428,0.22643335770952433,0.2317235064379446,34372800
1989-05-03,0.22854942083358765,0.2317235064379446,0.22854942083358765,0.22854942083358765,28857600
1989-05-04,0.22220048308372498,0.22960730813366115,0.2211424612263367,0.22960730813366115,37425600
1989-05-05,0.2200845628976822,0.22537534763909134,0.2190265403591306,0.22537534763909134,35827200
1989-05-08,0.2179684042930603,0.22114248841898973,0.21585234215461813,0.22008444826803486,49003200
1989-05-09,0.22431719303131104,0.2264332551973787,0.2179684071386695,0.21902642913996942,54590400
1989-05-10,0.22854942083358765,0.2317235064379446,0.2253753352292307,0.22643335770952433,58752000
1989-05-11,0.22854942083358765,0.22960744331388128,0.22643335770952433,0.22960744331388128,34401600
1989-05-12,0.2296074628829956,0.23278156692135293,0.2264333770081159,0.23119451490217427,71092800
1989-05-15,0.23172342777252197,0.23278146805710836,0.2285493432457026,0.22907835430626086,74736000
1989-05-16,0.23807218670845032,0.239130208625852,0.23066536123838205,0.23172338315578372,83433600
1989-05-17,0.24283400177955627,0.24547907541794106,0.23860125913473573,0.23860125913473573,89812800
1989-05-18,0.24653708934783936,0.24812412246269133,0.24230434715667884,0.24230434715667884,52574400
1989-05-19,0.24653708934783936,0.2518272360576176,0.24600806014608623,0.24600806014608623,62568000
1989-05-22,0.2507692277431488,0.25182726811788564,0.2444210581486136,0.2465371207346158,74275200
1989-05-23,0.23965933918952942,0.24971124187127494,0.23807228747820317,0.2465371566120965,97545600
1989-05-24,0.24336297810077667,0.24336297810077667,0.23595615178093865,0.23754320300258663,69364800
1989-05-25,0.24336297810077667,0.247595102582859,0.2412462983018073,0.24336297810077667,33840000
1989-05-26,0.2491821050643921,0.24971111598031054,0.24442097049419637,0.2454789923260332,37886400
1989-05-30,0.24971118569374084,0.25235687673321944,0.24759512327584784,0.24971118569374087,63907200
1989-05-31,0.25606003403663635,0.25817607865079545,0.2497112281456549,0.2497112281456549,80971200
1989-06-01,0.25394389033317566,0.25711797440638295,0.25288585019979504,0.255001912303089,62798400
1989-06-02,0.24653708934783936,0.255001938008741,0.24653708934783936,0.254472926970457,54043200
1989-06-05,0.24018825590610504,0.24759508159818494,0.23913021579352334,0.24759508159818494,61416000
1989-06-06,0.2475951611995697,0.24812417234420317,0.23913029267346858,0.24018833312620833,53899200
1989-06-07,0.2528859078884125,0.2539439482631544,0.2486531651583585,0.2486531651583585,44928000
1989-06-08,0.2528859078884125,0.25500197047442497,0.251827268119113,0.2528859078884125,29217600
1989-06-09,0.2528859078884125,0.2544729593687897,0.25076922774437105,0.2528859078884125,36144000
1989-06-12,0.24971118569374084,0.2550019502147182,0.2481241343394536,0.2528858877968252,51681600
1989-06-13,0.24230441451072693,0.24759518024914468,0.24230441451072693,0.2470661690638099,40564800
1989-06-14,0.2444210797548294,0.24547910205962134,0.23913029618236717,0.24442107975482943,47304000
1989-06-15,0.24018825590610504,0.24442099758737376,0.2380721938444086,0.24442099758737376,52113600
1989-06-16,0.24018825590610504,0.2412462778552198,0.2380721938444086,0.23965924493154767,47361600
1989-06-19,0.23913021385669708,0.24124627590125455,0.23489810793104896,0.24124627590125455,27158400
1989-06-20,0.23066535592079163,0.24018824316959594,0.2306653559207916,0.23913020311311917,45806400
1989-06-21,0.2327815592288971,0.23701430325608588,0.22537534698993694,0.22537534698993694,80496000
1989-06-22,0.2348981499671936,0.23489814996719363,0.2327814699859753,0.23384010967384014,36072000
1989-06-23,0.23436911404132843,0.23701420561738962,0.233840102991504,0.23489814325462238,33537600
1989-06-26,0.23172342777252197,0.2348981480207875,0.2296073653668191,0.23384010773620115,30240000
1989-06-27,0.22802039980888367,0.23384017708590488,0.2274913885914372,0.23172349649448426,35899200
1989-06-28,0.2232586294412613,0.22854939513291406,0.2200845260303603,0.22854939513291406,57456000
1989-06-29,0.2200845628976822,0.22378829566778688,0.21691047711855033,0.22378829566778688,77198400
1989-06-30,0.22431719303131104,0.2264332551973787,0.21691036697390176,0.22008445114126934,67248000
1989-07-03,0.22854942083358765,0.22960744331388128,0.22484630582560783,0.22484630582560783,14688000
1989-07-05,0.23384004831314087,0.2348980883288598,0.22854928516712264,0.23066534703509523,26539200
1989-07-06,0.2232586294412613,0.23701426423546781,0.22167157773581078,0.23595622371067615,94780800
1989-07-07,0.2264333814382553,0.2296074673752356,0.22272966664744065,0.22325867794302437,41457600
1989-07-10,0.23225252330303192,0.2327815345146192,0.22643334548514668,0.2274913860717963,27259200
1989-07-11,0.2264333814382553,0.23489825237975737,0.22537535884708787,0.23225256018011015,43488000
1989-07-12,0.22537533938884735,0.22643336188866825,0.22008455484111628,0.22431729872555004,52156800
1989-07-13,0.22431719303131104,0.22749129536214643,0.222200513307337,0.22484620403196098,33408000
1989-07-14,0.2232586294412613,0.22643333224680473,0.21902650366904264,0.22537530988548707,42768000
1989-07-17,0.22537533938884735,0.22643336188866825,0.22220061800423452,0.2232586586675318,31291200
1989-07-18,0.2264333814382553,0.2296074673752356,0.22537535884708787,0.22537535884708787,42984000
1989-07-19,0.2290782779455185,0.23066532876163706,0.22537518359252692,0.22854926706130024,29764800
1989-07-20,0.2264333814382553,0.23384021162511195,0.2264333814382553,0.2296074673752356,44524800
1989-07-21,0.23384004831314087,0.23913019390133974,0.2232585220211044,0.22431716143117741,99763200
1989-07-24,0.23384004831314087,0.23595611018111345,0.2296073070193763,0.2317233688873489,38361600
1989-07-25,0.2200845628976822,0.24124641225644775,0.217968517820579,0.2327815598993838,326030400
1989-07-26,0.2232586294412613,0.22537530988548707,0.2200845260303603,0.2232586294412613,123638400
1989-07-27,0.2274913638830185,0.22854938620299692,0.22537530107958828,0.22696233455955594,45561600
1989-07-28,0.2296074628829956,0.23066550361694058,0.2253753544376485,0.22854944031252822,29217600
1989-07-31,0.23172342777252197,0.23278146805710836,0.22749132112458612,0.2285493432457026,33336000
1989-08-01,0.2296074628829956,0.23384020705005887,0.22854944031252822,0.23172352618740796,62136000
1989-08-02,0.2296074628829956,0.23172352618740796,0.22854944031252822,0.22854944031252822,28368000
1989-08-03,0.2327815592288971,0.2338401993226194,0.22960745529543058,0.23013648472665968,27590400
1989-08-04,0.241246297955513,0.24336297775144403,0.23066538737103573,0.23172340940830333,178128000
1989-08-07,0.2444210797548294,0.24547910205962134,0.24124635895542407,0.24442107975482943,93571200
1989-08-08,0.24971118569374084,0.25076920782095236,0.24336299844006185,0.24336299844006185,110548800
1989-08-09,0.2486531287431717,0.2539439110731339,0.24865312874317166,0.2491821579348022,113774400
1989-08-10,0.2475951611995697,0.24971122394157638,0.24653713891030277,0.24971122394157638,48340800
1989-08-11,0.2444210797548294,0.25182729037879203,0.24442107975482943,0.24971122760573516,61473600
1989-08-14,0.241246297955513,0.24442101795218008,0.241246297955513,0.24442101795218008,68990400
1989-08-15,0.24336297810077667,0.24547904034181783,0.2396592652436278,0.2412462983018073,17856000
1989-08-16,0.23648512363433838,0.24547899968628423,0.2348980908389987,0.24442097782272446,46670400
1989-08-17,0.23913021385669708,0.2401882539607092,0.2338400678270368,0.23595612987159428,39960000
1989-08-18,0.24336297810077667,0.2444210183030315,0.23913023606076614,0.23913023606076614,24912000
1989-08-21,0.23754319548606873,0.24495002157153448,0.2370141844834149,0.24336297040010516,32097600
1989-08-22,0.24706614017486572,0.24865317354530136,0.2370142386168355,0.2370142386168355,64771200
1989-08-23,0.2507692277431488,0.2523568967815472,0.24547908035987898,0.2481241540515139,46094400
1989-08-24,0.24971118569374084,0.25605999050539974,0.24653710114863633,0.25341489886043095,92764800
1989-08-25,0.2491821050643921,0.2507691378121474,0.24442097049419637,0.24865307598500874,85147200
1989-08-28,0.2502402067184448,0.2518272581359065,0.24653711096232858,0.24865315530098317,28540800
1989-08-29,0.2475951611995697,0.25394396698366417,0.24706615005493623,0.2534149376755579,54417600
1989-08-30,0.2507692277431488,0.2523568967815472,0.2475951429458812,0.24865316515714658,40377600
1989-08-31,0.2486531287431717,0.25288587085334163,0.24865312874317166,0.2518272312390797,14198400
1989-09-01,0.2534148395061493,0.25500189048872085,0.24865308716406515,0.24971112720693478,44409600
1989-09-05,0.25394389033317566,0.2581759963762963,0.25235683921483837,0.25288585019979504,93340800
1989-09-06,0.2507692277431488,0.25394394826191674,0.24865316515714658,0.2528859078871799,42379200
1989-09-07,0.24653708934783936,0.25076919581758045,0.24547904910780222,0.24971117374101245,41904000
1989-09-08,0.24971118569374084,0.2518272481116339,0.24442103873074333,0.24547906085795484,39787200
1989-09-11,0.2512981593608856,0.2518271702609512,0.2475950467334978,0.24865306853362895,27907200
1989-09-12,0.25500190258026123,0.2581759865324456,0.2507691609771732,0.2518272010702124,67795200
1989-09-13,0.2634669244289398,0.2687570735400812,0.2560600944824158,0.2581761395960905,181022400
1989-09-14,0.2698149085044861,0.27298962785291725,0.2634667412501558,0.26558280305608745,78163200
1989-09-15,0.26558294892311096,0.2729897777880185,0.2645249083573016,0.2708730972617339,89150400
1989-09-18,0.2687568664550781,0.2687568664550781,0.2645247431617485,0.2645247431617485,39110400
1989-09-19,0.2645248472690582,0.2708730347074672,0.2645248472690582,0.2698149943859971,49204800
1989-09-20,0.27510568499565125,0.27510568499565125,0.2634667367842449,0.26558279855430816,72129600
1989-09-21,0.2772218585014343,0.2825126420452434,0.2729897511417133,0.2782798989639693,89352000
1989-09-22,0.27933794260025024,0.27933794260025024,0.2740477943739065,0.2772218796770179,43948800
1989-09-25,0.28357064723968506,0.2878027725076026,0.27722184177976583,0.27933790441372464,69940800
1989-09-26,0.284628689289093,0.2856867115304724,0.28145458623801084,0.28357064888424166,39988800
1989-09-27,0.28198355436325073,0.28515765693036155,0.2782798413616281,0.2803959036852122,69235200
1989-09-28,0.28780263662338257,0.28780263662338257,0.28145445171876216,0.28145445171876216,41428800
1989-09-29,0.28991883993148804,0.29415158282738024,0.2867447368463727,0.28780277726256853,64324800
1989-10-02,0.2946805953979492,0.2962676287848127,0.28780277867306797,0.288860800930977,50428800
1989-10-03,0.2920355200767517,0.29838368991826203,0.29150649078706575,0.29838368991826203,68918400
1989-10-04,0.31954604387283325,0.32060406577018963,0.28991874255387906,0.29203542206990357,260020800
1989-10-05,0.3354171812534332,0.34811479123684985,0.31848748264115023,0.31954612235636415,284760000
1989-10-06,0.337533175945282,0.3407078954934588,0.3311850082915404,0.3370041468379153,87609600
1989-10-09,0.3459981679916382,0.3470561902669723,0.3343591964240612,0.33647527730167454,58536000
1989-10-10,0.3438820540904999,0.35128889951850445,0.3417660097430386,0.3491728188441016,68299200
1989-10-11,0.33859172463417053,0.34070780416950774,0.3343589843327437,0.3396497462383781,106401600
1989-10-12,0.3322431743144989,0.3407080433008814,0.3311851519677015,0.338591962280339,58881600
1989-10-13,0.31108126044273376,0.3301270400365528,0.3089645985324992,0.32906901786043974,102643200
1989-10-16,0.32060423493385315,0.32272031617202745,0.29203557615959597,0.2994417878393034,253065600
1989-10-17,0.3327721059322357,0.34494006905104974,0.31425535601885146,0.31848748095221585,177206400
1989-10-18,0.340707927942276,0.341765949930843,0.33224306182197055,0.3338301129682887,134784000
1989-10-19,0.3565790057182312,0.36398581396773383,0.3396498900191073,0.3428239925023144,179424000
1989-10-20,0.36081185936927795,0.3618698817484931,0.3491728866589387,0.3555210935881268,93542400
1989-10-23,0.3518178462982178,0.3629277860405942,0.34917277304734257,0.35869566157380656,60912000
1989-10-24,0.34229493141174316,0.3491727461576739,0.3333010727588428,0.3491727461576739,157089600
1989-10-25,0.337533175945282,0.35023078269537716,0.335417095842747,0.34493998304466533,71481600
1989-10-26,0.32906895875930786,0.3396498688319879,0.32801031921531915,0.3333010830306079,135460800
1989-10-27,0.3258943259716034,0.3301270689314838,0.32272025916544855,0.3290690466627655,97041600
1989-10-30,0.33700430393218994,0.33753333328616325,0.32959811093825603,0.3301271039652806,45921600
1989-10-31,0.3459981679916382,0.3470561902669723,0.3385919394104091,0.33964996168574324,56563200
1989-11-01,0.3475857675075531,0.3512888996069551,0.3459981348520212,0.3459981348520212,74649600
1989-11-02,0.32272014021873474,0.3422949072356767,0.3216621183399773,0.3422949072356767,226051200
1989-11-03,0.3311850428581238,0.3333010868545837,0.3227201766605085,0.3237781986587384,98755200
1989-11-06,0.32695236802101135,0.33753328038467234,0.3237782650485452,0.33118511076668306,88027200
1989-11-07,0.3428240716457367,0.348643866324115,0.326952393103612,0.32801041539995407,131544000
1989-11-08,0.3523469865322113,0.357637752259436,0.3470562208049866,0.3475858313838487,106488000
1989-11-09,0.35446301102638245,0.3576377318354427,0.3491728631593884,0.3555210696613382,111528000
1989-11-10,0.3576376736164093,0.35975375421490263,0.3544629533241546,0.3555210117868714,59169600
1989-11-13,0.3729797303676605,0.37350872325942786,0.3544629448471981,0.35763766506352956,178905600
1989-11-14,0.3661019504070282,0.3777415025304429,0.36398586965218194,0.3756248405445092,95241600
1989-11-15,0.3745667338371277,0.3777414173208792,0.3650438458477858,0.36716050735625055,94492800
1989-11-16,0.37033456563949585,0.37774137247192463,0.36504380250640434,0.37668335062225594,68054400
1989-11-17,0.3676895201206207,0.3735086588888251,0.36716049099308706,0.37086358590502316,31651200
1989-11-20,0.3661019504070282,0.36716059017901026,0.3576377000415292,0.36716059017901026,56937600
1989-11-21,0.3729797303676605,0.37456678169684127,0.3661019146012004,0.3661019146012004,67118400
1989-11-22,0.3735087513923645,0.37456680990947155,0.3703346848218696,0.37350875139236445,38232000
1989-11-24,0.3708636164665222,0.37668340959911106,0.3703346236223294,0.37615438042798205,17971200
1989-11-27,0.3671603798866272,0.3713925026454136,0.362927639570164,0.3703344810374476,37281600
1989-11-28,0.3682185709476471,0.3735087177489089,0.3650438871050924,0.3682185709476471,56664000
1989-11-29,0.3618699312210083,0.37245084667173806,0.3565791647165377,0.3703348016240158,85896000
1989-11-30,0.3682185709476471,0.36927662936945055,0.35446293961766895,0.3555209980394724,111211200
1989-12-01,0.35975393652915955,0.37139287613288885,0.3592249070297023,0.3687478012895199,52070400
1989-12-04,0.3650439977645874,0.3692767413120601,0.3571087388302601,0.35975384935966914,40536000
1989-12-05,0.3671603798866272,0.3692764594294815,0.3639856611781301,0.3671603798866272,44049600
1989-12-06,0.36081185936927795,0.36821866990885943,0.35763775590468394,0.3661020075923022,57384000
1989-12-07,0.3618699312210083,0.36504403511954525,0.3555211421926766,0.3555211421926766,40348800
1989-12-08,0.35869574546813965,0.36398589320718766,0.3512889356061801,0.36186984864234656,107625600
1989-12-11,0.35128894448280334,0.35869575453192354,0.3470562013611494,0.35869575453192354,103377600
1989-12-12,0.34917280077934265,0.35446294770124703,0.3407079699424845,0.35446294770124703,93628800
1989-12-13,0.33859172463417053,0.3491726308877649,0.3354170059369513,0.3417658257737153,95788800
1989-12-14,0.3301270008087158,0.33753322781533474,0.3301270008087158,0.3343591253372213,61516800
1989-12-15,0.3258943259716034,0.3322431497958652,0.3174294939368498,0.3311851275271469,107164800
1989-12-18,0.3311850428581238,0.3343591088528136,0.32589424265519834,0.3269523009803639,78436800
1989-12-19,0.3401790261268616,0.34070805548264915,0.3290690827127839,0.3311851638089852,70473600
1989-12-20,0.35023075342178345,0.3512887752211517,0.3417658888151917,0.34388193241392817,111009600
1989-12-21,0.3534049391746521,0.35340493917465216,0.343882049525599,0.3502308726955948,55022400
1989-12-22,0.36292776465415955,0.3650438449263264,0.3502308107710075,0.3534048766888558,54892800
1989-12-26,0.3618699312210083,0.365573028217999,0.3586958273224713,0.36345698317027675,23817600
1989-12-27,0.3650439977645874,0.3682186825695165,0.3608118717752628,0.3639859390220438,62798400
1989-12-28,0.36081185936927795,0.3629279041277082,0.3512889677443176,0.35340501250274786,123091200
1989-12-29,0.3682185709476471,0.3735087177489089,0.36081176239869517,0.3618697844935598,77630400
1990-01-02,0.3756248652935028,0.3756248652935028,0.36451492293961624,0.3692766952645849,53035200
1990-01-03,0.37774142622947693,0.3819735505573687,0.37456674267085416,0.37879948455665163,113774400
1990-01-04,0.38885143399238586,0.38938046324901066,0.37562483073015784,0.37774149266078727,125740800
1990-01-05,0.37932854890823364,0.3893804681808407,0.3787995559718507,0.3872643874544816,69566400
1990-01-08,0.3851475715637207,0.3851475715637207,0.3745666635836405,0.37879940457572336,58982400
1990-01-09,0.3840895891189575,0.3893803524296775,0.381973509021646,0.38514761100414746,70300800
1990-01-10,0.3735087513923645,0.3862063617712036,0.37297975846075304,0.38091559693542004,103766400
1990-01-11,0.3661019504070282,0.3787995610713375,0.3597537807963755,0.3756248405445092,95774400
1990-01-12,0.36451485753059387,0.369276629001104,0.3555209976848468,0.3602827328284181,148910400
1990-01-15,0.36451485753059387,0.3682185705803559,0.3608117620387921,0.3629278062264106,62467200
1990-01-16,0.3756248652935028,0.37774152741889816,0.3576377236053946,0.3618698490669883,80092800
1990-01-17,0.37033456563949585,0.38303151804719826,0.36821848561322806,0.3724506093388331,97588800
1990-01-18,0.4020773768424988,0.4020773768424987,0.3787995108009311,0.3793285036742329,292363200
1990-01-19,0.398374080657959,0.40630991425855345,0.3957290086436399,0.4031352320798852,99259200
1990-01-22,0.3840895891189575,0.39784521772289894,0.38303153090683595,0.39784521772289894,167688000
1990-01-23,0.3798573911190033,0.38620617507589633,0.37774131143466194,0.38514753583946987,139348800
1990-01-24,0.3840895891189575,0.3840895891189575,0.36874752708160397,0.3724506218432346,180345600
1990-01-25,0.3840895891189575,0.3914963962000574,0.38303153090683595,0.38726427233236593,112752000
1990-01-26,0.3840895891189575,0.386206250447176,0.38091548713645607,0.38303153090683595,68083200
1990-01-29,0.38726434111595154,0.39043844366221825,0.3819735768655176,0.3872643411159516,55080000
1990-01-30,0.3862064778804779,0.3914966267486774,0.3809157114540762,0.38832255922392955,73108800
1990-01-31,0.39149653911590576,0.39149653911590576,0.3862063914318555,0.3893804945730636,112939200
1990-02-01,0.396787166595459,0.3989032467305534,0.39149640319027185,0.39149640319027185,89193600
1990-02-02,0.396787166595459,0.40419339257789094,0.39361248332536625,0.39361248332536625,71395200
1990-02-05,0.3989034593105316,0.3989034593105316,0.3946707155537505,0.39625838497727406,59731200
1990-02-06,0.3978452682495117,0.3989032902690712,0.3904384239008061,0.3978452682495117,81964800
1990-02-07,0.394670695066452,0.4010194834294939,0.39361267265346117,0.3957293350375896,134150400
1990-02-08,0.3989034593105316,0.4020775267142697,0.3946707155537505,0.39625838497727406,95227200
1990-02-09,0.39996156096458435,0.401019583641969,0.39784551560981507,0.3989035382871997,62380800
1990-02-12,0.40101927518844604,0.40419337710612285,0.39784520959770026,0.39996125332486415,56088000
1990-02-13,0.40101927518844604,0.4031353552425409,0.39996125332486415,0.40207729705202805,58752000
1990-02-14,0.4020773768424988,0.4031354352429786,0.3999613326954153,0.4031354352429786,35870400
1990-02-15,0.41054221987724304,0.4147749618112722,0.4020773535670975,0.4020773535670975,89496000
1990-02-16,0.4147748649120331,0.41794896653432434,0.4137162255891434,0.41583288667715435,70876800
1990-02-20,0.4242978096008301,0.42535583151205303,0.4105421806584262,0.41371628271902766,132652800
1990-02-21,0.4068392813205719,0.42323937352804364,0.4052522295275811,0.41794922510270777,103348800
1990-02-22,0.40789711475372314,0.4158329512730528,0.40736812195245203,0.40948416581140284,60811200
1990-02-23,0.4126582145690918,0.41371623636176247,0.40419335001608453,0.40525198936653983,56851200
1990-02-26,0.4200652241706848,0.423239327410808,0.41160035552357055,0.41265841415490895,69220800
1990-02-27,0.4147748649120331,0.4211230318296881,0.41477486491203314,0.4211230318296881,62020800
1990-02-28,0.4179490804672241,0.4221812050083136,0.4147749779796727,0.4147749779796727,39312000
1990-03-01,0.4232393205165863,0.4306461304117113,0.41689115046669256,0.41689115046669256,76867200
1990-03-02,0.43911099433898926,0.4417560681927568,0.42376892663290366,0.4242979559344352,100209600
1990-03-05,0.4454599916934967,0.44757603706983345,0.43276237533798395,0.43805314266409234,75528000
1990-03-06,0.44228529930114746,0.44440196237724566,0.4338210445762255,0.4433439396183708,68630400
1990-03-07,0.4348788261413574,0.4465177965729749,0.4348788261413574,0.4433436937298188,47606400
1990-03-08,0.44969189167022705,0.4539246345124809,0.4306461109386698,0.4359369123471837,88977600
1990-03-09,0.4507501423358917,0.45709893236248705,0.44545999255782603,0.4486340606284898,75744000
1990-03-12,0.458156555891037,0.4602726357548376,0.4486336697634828,0.4496916915319193,68875200
1990-03-13,0.44969189167022705,0.46133086284158187,0.44969189167022705,0.45921478203600563,85204800
1990-03-14,0.45656952261924744,0.46027265344146473,0.44863368700286615,0.4539244499330517,130968000
1990-03-15,0.4697957932949066,0.4729704779920794,0.4560407758200689,0.4565697688464355,81676800
1990-03-16,0.482493132352829,0.4877832779767315,0.47297024540659477,0.4740283035929199,118900800
1990-03-19,0.4930741786956787,0.4951902228488147,0.4782604892000732,0.4814352093146657,81172800
1990-03-20,0.47826042771339417,0.4941321372450503,0.4761443838323035,0.49307411530450496,92145600
1990-03-21,0.47931867837905884,0.48884156987818694,0.47508655259117155,0.47773162666773256,69840000
1990-03-22,0.4708538055419922,0.4814353368812521,0.4666216797873897,0.4803766969662246,92419200
1990-03-23,0.4666215181350708,0.4793185085583566,0.4613307542983272,0.474028362279513,53596800
1990-03-26,0.47191253304481506,0.47614465958490765,0.4671507958333291,0.467679788946494,55929600
1990-03-27,0.47614437341690063,0.478260417251704,0.46873752978336597,0.4703245808229349,52516800
1990-03-28,0.4697957932949066,0.47508655907839187,0.4592148429591146,0.47508655907839187,99532800
1990-03-29,0.4676796495914459,0.4772025399455974,0.4655636051153972,0.46715065663590566,64785600
1990-03-30,0.4687376916408539,0.4697957502505413,0.46238952161745595,0.4655636247926276,36691200
1990-04-02,0.47191253304481506,0.4756156301447881,0.46238963985311693,0.4645057212866405,74059200
1990-04-03,0.49095842242240906,0.4920164451976476,0.4761447594714667,0.47720278224670526,84643200
1990-04-04,0.4951903223991394,0.5025971686359736,0.4888415347785178,0.49095819691512604,79646400
1990-04-05,0.4846095144748688,0.49571945929892886,0.4846095144748688,0.49466140045307366,66369600
1990-04-06,0.48355141282081604,0.4877835022038243,0.47931866955275293,0.4856674575123202,72878400
1990-04-09,0.4846095144748688,0.4877835820315739,0.48143541059121014,0.48143541059121014,31176000
1990-04-10,0.4994223713874817,0.49942237138748174,0.4846093350677208,0.48513832796785655,45187200
1990-04-11,0.5121200680732727,0.5121200680732727,0.5004810961564742,0.5015391184635538,70372800
1990-04-12,0.5110620260238647,0.5163521740578808,0.5078873414415186,0.515294151716467,48254400
1990-04-16,0.5142358541488647,0.5227007185616609,0.5089450913884337,0.5163518976991562,39470400
1990-04-17,0.5248169302940369,0.5332817974194723,0.5057711518147701,0.5131779968260074,66780000
1990-04-18,0.5131778120994568,0.5227006979111753,0.49730610567605826,0.5216426761778292,97797600
1990-04-19,0.5036550760269165,0.5184681112362821,0.5015389956041764,0.5078872005454595,58003200
1990-04-20,0.5015390515327454,0.5121199997304279,0.4973063089842592,0.5078872571819417,44661600
1990-04-23,0.4994223713874817,0.5036551137812476,0.4846093350677208,0.49836434926027023,64879200
1990-04-24,0.49095842242240906,0.5057714678149933,0.4782608050219438,0.5057714678149933,47916000
1990-04-25,0.49095842242240906,0.49730659540080246,0.48249355000821825,0.49307450429984834,53870400
1990-04-26,0.48566749691963196,0.49730643387929646,0.48460947448803143,0.49519038901609536,46296000
1990-04-27,0.47614437341690063,0.484609238967837,0.4708536099451021,0.4835512170504353,57124800
1990-04-30,0.49095842242240906,0.49095842242240906,0.4719126320435504,0.4761447594714667,51451200
1990-05-01,0.48355141282081604,0.4973063935275953,0.48037669189850496,0.4973063935275953,52473600
1990-05-02,0.4930741786956787,0.4951902228488147,0.48460931187130796,0.48460931187130796,33264000
1990-05-03,0.4994223713874817,0.5057711580356706,0.49307420229727267,0.4951902465516957,45892800
1990-05-04,0.522700846195221,0.522700846195221,0.4994223271498822,0.5036550691687222,47815200
1990-05-07,0.5417466163635254,0.5586763127817783,0.5205847592109976,0.5248168836183362,97351200
1990-05-08,0.5311658978462219,0.5375140685871796,0.5269331543517933,0.5311658978462219,50824800
1990-05-09,0.5311658978462219,0.5353979874555608,0.5248170732201745,0.5322239202485567,35164800
1990-05-10,0.5459789037704468,0.5502116469993694,0.5311658645279451,0.535397953871819,48801600
1990-05-11,0.5544437170028687,0.5586764600841427,0.5353979351958085,0.5502116278066206,49168800
1990-05-14,0.5565595626831055,0.5629083476790192,0.5544434826524536,0.5607923039752979,47232000
1990-05-15,0.5480956435203552,0.5565598960591382,0.5438628996927747,0.5544438147609664,54122400
1990-05-16,0.5480956435203552,0.5480956435203552,0.5375141108939746,0.5459789809909465,38556000
1990-05-17,0.5480956435203552,0.5523277697897467,0.5438628996927747,0.5480956435203552,41731200
1990-05-18,0.5777221918106079,0.5861870596812879,0.5459788373964651,0.5470368596038112,101822400
1990-05-21,0.5946513414382935,0.6115810417479303,0.581954347739887,0.581954347739887,159595200
1990-05-22,0.6052328944206238,0.611581064564156,0.5840704503833056,0.601000151324538,142437600
1990-05-23,0.6422656178474426,0.6433243300916244,0.6084068421757665,0.6094648642081503,141184800
1990-05-24,0.6475565433502197,0.6666023240369909,0.6433244544029068,0.6496725878238763,146649600
1990-05-25,0.6285107731819153,0.6454405096783582,0.6263947286728456,0.6285107731819153,104688000
1990-05-29,0.6369757652282715,0.6390918829231865,0.6263948861380683,0.6285109311790763,61480800
1990-05-30,0.6390916705131531,0.6475565017489567,0.6327428109611811,0.6443823989154435,65073600
1990-05-31,0.6179298758506775,0.6390917757915046,0.613697132593038,0.6327429151936772,69436800
1990-06-01,0.6359175443649292,0.636975530168056,0.6179297514031288,0.6200458683171427,69069600
1990-06-04,0.6475565433502197,0.6539053306561768,0.6263947181897921,0.6338015640595211,59162400
1990-06-05,0.6211038827896118,0.6560213392140696,0.615813735568151,0.653905294856262,80258400
1990-06-06,0.6179298758506775,0.6306268705073841,0.613697132593038,0.6200459931908654,86292000
1990-06-07,0.6094648241996765,0.6242785121041976,0.6009999582844863,0.6200457703676605,90122400
1990-06-08,0.6221619844436646,0.6242786828332213,0.6052328655413576,0.6094649908774211,63770400
1990-06-11,0.6338013410568237,0.6390914867065736,0.6179295963380593,0.6179295963380593,58240800
1990-06-12,0.6422656178474426,0.6433243300916244,0.6306266852794226,0.6390915880772279,46656000
1990-06-13,0.6475565433502197,0.6581374922573774,0.6359176085331777,0.6422657419541472,80265600
1990-06-14,0.6390916705131531,0.6496725460866712,0.6285107222857521,0.6475565017489567,58204800
1990-06-15,0.6433243751525879,0.6517885520045227,0.6306267294509932,0.6306267294509932,51552000
1990-06-18,0.6338013410568237,0.6454402717787137,0.630626585251444,0.6412075304357011,52790400
1990-06-19,0.6348594427108765,0.63909160359706,0.624278568245229,0.6327427447098454,41716800
1990-06-20,0.65707927942276,0.6581373377381183,0.6348594009154034,0.6380335032076077,39564000
1990-06-21,0.6517886519432068,0.6581375120944134,0.6433244737934605,0.6560213949030872,34308000
1990-06-22,0.6412078142166138,0.6581375519656465,0.6390917695509831,0.6539053899804912,34034400
1990-06-25,0.6306267380714417,0.6475564724304272,0.6285106938295324,0.6401496273718891,68983200
1990-06-26,0.6327426433563232,0.6401494867882397,0.6306265995791197,0.6369753847955026,50198400
1990-06-27,0.6454402804374695,0.6475563241949843,0.6306265937114702,0.6327426374689851,35762400
1990-06-28,0.6475565433502197,0.6539053306561768,0.6443824403127912,0.6486146019139918,30052800
1990-06-29,0.6433243751525879,0.6475564635785553,0.6369755159748512,0.6475564635785553,34956000
1990-07-02,0.624278724193573,0.643324506420333,0.6232200116592088,0.643324506420333,35474400
1990-07-03,0.6094648241996765,0.6221618142935199,0.6052327000210234,0.6211037560036559,79257600
1990-07-05,0.6115807294845581,0.6136967729307257,0.5988837785959571,0.6052325628191296,61855200
1990-07-06,0.6200459599494934,0.6263947475530602,0.6073489659734872,0.6105230691597069,41803200
1990-07-09,0.6285107731819153,0.6327428622000546,0.6200459412606382,0.6221619857697078,37317600
1990-07-10,0.624278724193573,0.6348596013023833,0.6221620256637785,0.6285108134830809,29700000
1990-07-11,0.6390916705131531,0.6412077148508676,0.6200458910499484,0.6263946779480376,28922400
1990-07-12,0.6560212969779968,0.6581374138534478,0.6369755185601498,0.6369755185601498,89042400
1990-07-13,0.6634281873703003,0.6814159812353833,0.6560213418760252,0.6581374588963029,93628800
1990-07-16,0.6708343625068665,0.6835320088172241,0.664486229563567,0.6666022738780001,48729600
1990-07-17,0.6581371426582336,0.6729507538748885,0.6517882860708698,0.6718927685270004,54475200
1990-07-18,0.6433243751525879,0.6581374111822593,0.6390916328417136,0.6539052501024134,41853600
1990-07-19,0.6496723890304565,0.6496723890304564,0.6242784826930037,0.6380334577748139,63136800
1990-07-20,0.6200459599494934,0.6623702661393568,0.617929842722753,0.6517886628511819,87724800
1990-07-23,0.6094648241996765,0.626394556030057,0.60311603853728,0.6200457703676605,74203200
1990-07-24,0.5883030891418457,0.6136970003284428,0.5650245683005773,0.6136970003284428,137102400
1990-07-25,0.6052328944206238,0.6073489753530985,0.5819543694508309,0.5925352826904489,60148800
1990-07-26,0.5819544196128845,0.6263948112194363,0.5586765101947149,0.6031162842431311,303321600
1990-07-27,0.5840703845024109,0.5925352158547535,0.5734894361293372,0.5798382594417748,51019200
1990-07-30,0.5756052732467651,0.5840701373440103,0.5565595015808645,0.5798380140742634,87955200
1990-07-31,0.5629087090492249,0.580896472501812,0.5586765825979556,0.5777223685816216,42307200
1990-08-01,0.5650245547294617,0.5692572969731916,0.5396305714989141,0.5607924300436897,111117600
1990-08-02,0.5586763620376587,0.5650245673718264,0.5438627083535564,0.5544436196992216,91771200
1990-08-03,0.5353978872299194,0.5565597480661746,0.5110619597808406,0.5544436673306827,117180000
1990-08-06,0.5121200680732727,0.5248170259702045,0.49519033073604546,0.5205849004149401,113184000
1990-08-07,0.5184680223464966,0.5269328874902406,0.5078871134697391,0.5184680223464966,91065600
1990-08-08,0.5375137329101562,0.5417464737612406,0.5248167454724126,0.529049486323497,86263200
1990-08-09,0.55126953125,0.5565596779316815,0.5353978197621236,0.5417466423996389,77054400
1990-08-10,0.5459789037704468,0.5565598173421274,0.5311658645279451,0.5512696693353379,73188000
1990-08-13,0.5502113699913025,0.5544434572045002,0.5353976843218139,0.5396304254197312,53942400
1990-08-14,0.5438626408576965,0.5576182707212802,0.5396305166024573,0.5523275069260699,33710400
1990-08-15,0.5438626408576965,0.5565596311813091,0.5438626408576965,0.5480953826708308,51408000
1990-08-16,0.522700846195221,0.5459787476826345,0.522700846195221,0.5417466232217197,53330400
1990-08-17,0.5100038051605225,0.5227007948540576,0.5078871437435128,0.5163519730648912,95227200
1990-08-20,0.4697957932949066,0.5121201032153558,0.46979579329490656,0.5100040221290435,113601600
1990-08-21,0.4592149257659912,0.4634476699330545,0.4295882231564578,0.4592149257659912,165650400
1990-08-22,0.454982727766037,0.46979576678466733,0.45180800692106265,0.4655636411778069,79236000
1990-08-23,0.43805310130119324,0.45498284313775816,0.43170431188639713,0.44440189071598946,107445600
1990-08-24,0.4846095144748688,0.48884164087742904,0.4422851989851768,0.4422851989851768,95443200
1990-08-27,0.5142358541488647,0.5184679775763756,0.49942220520049174,0.49942220520049174,110116800
1990-08-28,0.5322238802909851,0.535397947259691,0.5078873325552243,0.5100039947591223,79826400
1990-08-29,0.5121200680732727,0.5396306823663265,0.5078873249599235,0.5290497690835537,77954400
1990-08-30,0.5078873038291931,0.5279911072512371,0.5078873038291931,0.5142360912925591,65383200
1990-08-31,0.520584762096405,0.5248168865272008,0.501538985205451,0.507887190015113,40737600
1990-09-04,0.5269332528114319,0.5290499155697489,0.5142362550719406,0.5163523002720017,47376000
1990-09-05,0.4994223713874817,0.5332818039787492,0.4951902465516957,0.5290496791429632,54676800
1990-09-06,0.4867253601551056,0.4951902270513146,0.4761444490878025,0.49095810238218784,115617600
1990-09-07,0.4888415038585663,0.4994224162939428,0.47826055509624643,0.4824932978706069,53704800
1990-09-10,0.47191253304481506,0.5078874431468102,0.47191253304481506,0.49730649107487296,74246400
1990-09-11,0.4697957932949066,0.47826062621743753,0.46133092404542697,0.47402853669871,78868800
1990-09-12,0.48566749691963196,0.4888416005413841,0.47191247876981596,0.4761446048231686,75016800
1990-09-13,0.4867253601551056,0.4951902270513146,0.48249323548597883,0.49095810238218784,49867200
1990-09-14,0.5057711601257324,0.5100039025369897,0.47720249193738434,0.4824932564802254,67672800
1990-09-17,0.5142358541488647,0.5227007185616609,0.5015388663085576,0.503654946185777,70394400
1990-09-18,0.522700846195221,0.5279909926896303,0.5057711132357112,0.5131779576819716,60638400
1990-09-19,0.5248169302940369,0.5353978416478683,0.5227008860656409,0.5332817974194723,52696800
1990-09-20,0.5057711601257324,0.5248169389179644,0.5057711601257324,0.5205848140646895,52444800
1990-09-21,0.5121200680732727,0.5142361126874319,0.49519033073604546,0.5057712440188182,79891200
1990-09-24,0.4951903223991394,0.5078873164092539,0.4867254538730383,0.5036551909252406,81439200
1990-09-25,0.5110620260238647,0.5121200846922258,0.49730639148843436,0.5047132380903301,53308800
1990-09-26,0.5100038051605225,0.514235929205746,0.5036550196982893,0.5121198853466008,39268800
1990-09-27,0.5015390515327454,0.5205848309424564,0.49307422032071674,0.5163520883939703,65728800
1990-09-28,0.533281683921814,0.537513807804828,0.49095801118724175,0.4930740912922147,97984800
1990-10-01,0.5681992769241333,0.5713733797345278,0.545978813558196,0.5480954754384979,131623200
1990-10-02,0.5576180815696716,0.5798379524064524,0.554443362815521,0.5777218728331682,83469600
1990-10-03,0.5565595626831055,0.5703151908537243,0.5523274389487322,0.5544434826524536,57600000
1990-10-04,0.5428045988082886,0.5565596106054583,0.5417465768653273,0.5523274865066796,69292800
1990-10-05,0.5480956435203552,0.5565598960591382,0.5269331958257829,0.5332819846245831,82101600
1990-10-08,0.5586763620376587,0.562908486818124,0.5459787889072588,0.5586763620376587,38678400
1990-10-09,0.533281683921814,0.558676243566489,0.5290495600387999,0.552327458347593,66376800
1990-10-10,0.5036550760269165,0.5269329778313018,0.4994223339504399,0.5248168974085615,115596000
1990-10-11,0.49095842242240906,0.5100042128012677,0.48249355000821825,0.5057714678149933,83815200
1990-10-12,0.482493132352829,0.49730616492296564,0.45709857341924026,0.49519012120417694,109252800
1990-10-15,0.47826042771339417,0.49095803509648067,0.469795598304227,0.4888413736575192,130334400
1990-10-16,0.46238958835601807,0.4877835435579088,0.45709882229365395,0.48037673262464314,300888000
1990-10-17,0.47826042771339417,0.4803765079214184,0.4528664843898964,0.46344739400708784,135820800
1990-10-18,0.5174099206924438,0.5205846033602377,0.4803764002287268,0.4824930611931669,123739200
1990-10-19,0.5248169302940369,0.5353978416478683,0.5121199747118095,0.5248169302940369,170337600
1990-10-22,0.5417466163635254,0.5480954023689825,0.522700839578135,0.5248168836183362,80294400
1990-10-23,0.5438626408576965,0.5565596311813091,0.535397774789323,0.5396305166024573,71884800
1990-10-24,0.5533856153488159,0.5544436374961585,0.5353978584202457,0.5375139390418715,54734400
1990-10-25,0.5480956435203552,0.5607926398867188,0.541746854721555,0.5544438147609664,51501600
1990-10-26,0.5364559292793274,0.5459788190371324,0.5353978707806174,0.5396306133526386,59126400
1990-10-29,0.5290496945381165,0.5438627312889314,0.5248169520211794,0.539630606329992,67881600
1990-10-30,0.5406887531280518,0.543862820120485,0.5248170377418999,0.52904978095019,52567200
1990-10-31,0.5396304130554199,0.5523274009426697,0.5396304130554199,0.5459786163836206,61200000
1990-11-01,0.5375137329101562,0.5438625172444421,0.5311655661336252,0.5332816096168267,49442400
1990-11-02,0.5502113699913025,0.5565595371380279,0.5353976843218139,0.5375137642553416,74764800
1990-11-05,0.5555017590522766,0.5586764434128079,0.5480955305259583,0.5523276559228624,50702400
1990-11-06,0.5438626408576965,0.5629084169585955,0.5375138550804102,0.5565596311813091,59212800
1990-11-07,0.5396304130554199,0.5480952774995119,0.5375137519395284,0.5396304130554199,63100800
1990-11-08,0.5375137329101562,0.5480952580955265,0.5332816096168267,0.5375137329101562,43466400
1990-11-09,0.5480956435203552,0.5544438147609664,0.5459789809909465,0.5480956435203552,43344000
1990-11-12,0.5830123424530029,0.586187062977864,0.5586764147964186,0.5586764147964186,87660000
1990-11-13,0.580896258354187,0.588303103553326,0.5734894131550481,0.5819542804952257,67658400
1990-11-14,0.5883030891418457,0.5925351776023279,0.5777221414518487,0.5798382220090293,59724000
1990-11-15,0.5745475888252258,0.5861871425208645,0.5692574407139529,0.5840704802490205,63129600
1990-11-16,0.5756052732467651,0.5819540575456735,0.5692571065056079,0.5713731499770182,67075200
1990-11-19,0.5883030891418457,0.5904191333720868,0.5756054796636348,0.5756054796636348,45554400
1990-11-20,0.5777221918106079,0.59676797196666,0.576664169603262,0.5861870596812879,68868000
1990-11-21,0.5819544196128845,0.5840705007277566,0.5671413795584406,0.5756056313640309,60739200
1990-11-23,0.5819544196128845,0.5946514148794054,0.5798383748249615,0.5861871630738151,22060800
1990-11-26,0.5946513414382935,0.5967680035229382,0.5734894794215962,0.5798383032133014,47577600
1990-11-27,0.6084070205688477,0.6115810875966781,0.5904192603204746,0.5967680482611885,63417600
1990-11-28,0.5957101583480835,0.6158139677508594,0.5946515182120266,0.6115812235544046,77623200
1990-11-29,0.603115975856781,0.603115975856781,0.5904189870825073,0.5946511108213253,65865600
1990-11-30,0.6115807294845581,0.6285104574770903,0.5967676988228635,0.6031159018152181,72165600
1990-12-03,0.625336766242981,0.6306269146560113,0.6158138742759873,0.6200460365987515,68241600
1990-12-04,0.6306267380714417,0.6369755246820854,0.6179297460811904,0.6221619072188885,54547200
1990-12-05,0.6369757652282715,0.6412079279641946,0.6285109311790763,0.6306269762200845,68630400
1990-12-06,0.6327426433563232,0.6496723739973596,0.6263945120247127,0.6454402864429526,108201600
1990-12-07,0.6285107731819153,0.6369756051031924,0.6115810366854724,0.6285107731819153,81921600
1990-12-10,0.6263946294784546,0.6380335626471663,0.6158136820697933,0.6200458430716261,55526400
1990-12-11,0.6105231046676636,0.6306268733759488,0.6094650459927567,0.6200459960113004,61768800
1990-12-12,0.6136969327926636,0.6158136306748798,0.596767854274945,0.607348800800536,71560800
1990-12-13,0.615813672542572,0.6221618776201701,0.6073488420927247,0.6179297166838127,50709600
1990-12-14,0.6232199668884277,0.62851076833222,0.6136970764591516,0.6179298193296289,48636000
1990-12-17,0.6263946294784546,0.6285106736524324,0.6136969840109204,0.6179297262437711,27288000
1990-12-18,0.6369757652282715,0.6412079279641946,0.6285109311790763,0.6306269762200845,51876000
1990-12-19,0.6338013410568237,0.6412075304357011,0.6327426289805715,0.6380334285150788,34264800
1990-12-20,0.6390916705131531,0.6433244130735277,0.6263946779480376,0.6285107222857521,46994400
1990-12-21,0.6412078142166138,0.6433245127672913,0.6369756522314585,0.6412078142166138,33472800
1990-12-24,0.6369757652282715,0.6390918829231865,0.6327430212610925,0.6390918829231865,13550400
1990-12-26,0.6348594427108765,0.641207647713214,0.6306267005936912,0.6369754868270306,16214400
1990-12-27,0.6327426433563232,0.6369753847955026,0.6306265995791197,0.6348593410182991,22629600
1990-12-28,0.6348594427108765,0.6369754868270306,0.6285106564775371,0.6306267005936912,20268000
1990-12-31,0.6369757652282715,0.6369757652282715,0.6306269762200845,0.6348597201872634,23702400
1991-01-02,0.6327426433563232,0.6369753847955026,0.6327426433563232,0.6348593410182991,38109600
1991-01-03,0.6369757652282715,0.6433246268903656,0.6327430212610925,0.6327430212610925,52826400
1991-01-04,0.6422656178474426,0.6475564182211596,0.6348594272938192,0.6348594272938192,58485600
1991-01-07,0.6338013410568237,0.6581372606920983,0.6327426289805715,0.6369753703235841,87552000
1991-01-08,0.6221619844436646,0.6369756037455762,0.6179298227806568,0.6327428608514598,76442400
1991-01-09,0.6263946294784546,0.6412076652350717,0.622161887245604,0.6263946294784546,115624800
1991-01-10,0.6623700857162476,0.6666021737091674,0.6285106209257864,0.6285106209257864,123890400
1991-01-11,0.6602534651756287,0.6687182960378606,0.6496725174151883,0.664486207549203,62006400
1991-01-14,0.6496723890304565,0.6560211743937471,0.6390915160148304,0.6539051305675794,58658400
1991-01-15,0.6634281873703003,0.6729510772309694,0.6496725548918889,0.6496725548918889,83440800
1991-01-16,0.6962290406227112,0.7015197692660453,0.662370222714081,0.6644862671482017,139917600
1991-01-17,0.7110423445701599,0.7300881164672995,0.7089256471883725,0.7279714190855122,163526400
1991-01-18,0.7216237187385559,0.7237397634969862,0.6962291473282689,0.6983451920866991,103032000
1991-01-21,0.7575992345809937,0.7618313240649013,0.7163329110527988,0.7163329110527988,154512000
1991-01-22,0.7523084282875061,0.7702961525901455,0.7396114333681493,0.7586572163627697,113716800
1991-01-23,0.753366231918335,0.7639471058714483,0.747017373338657,0.747017373338657,77083200
1991-01-24,0.7660630941390991,0.7692378501403354,0.7512500605827434,0.7554822209559502,86083200
1991-01-25,0.7575992345809937,0.7702961569177873,0.7533664912120154,0.7681801121758335,86889600
1991-01-28,0.7808771133422852,0.7956908070771577,0.753366497170202,0.753366497170202,130989600
1991-01-29,0.7829930782318115,0.7988647564000905,0.7618312523794823,0.7808770336889694,146980800
1991-01-30,0.814736545085907,0.8168525897270892,0.7745282821704637,0.7829931146202315,148586400
1991-01-31,0.830607533454895,0.8422464686797962,0.8126198107015583,0.8168525536821855,111420000
1991-02-01,0.8443629145622253,0.8549438606753883,0.8232004411049525,0.8380141289327224,117878400
1991-02-04,0.8390723466873169,0.8528279788450366,0.8295494570486596,0.8464791193550305,88236000
1991-02-05,0.8570601344108582,0.8634089217427875,0.82954952183193,0.8401303981284854,88740000
1991-02-06,0.8951514363288879,0.9015002218195459,0.8507111003561495,0.8549438419781884,106351200
1991-02-07,0.8718736171722412,0.922662087303539,0.8655247587086136,0.8993835692704479,133466400
1991-02-08,0.8803382515907288,0.8866871133611207,0.8612924654725436,0.871874071282316,74232000
1991-02-11,0.8824546933174133,0.8845707377776894,0.8655249572113503,0.8813967074142187,152337600
1991-02-12,0.8739901185035706,0.8866871155364215,0.8676413293715114,0.8739901185035704,96206400
1991-02-13,0.8930356502532959,0.8940936361660815,0.8612922222136825,0.8676410821909357,95493600
1991-02-14,0.852827787399292,0.8930353812450426,0.8380141000815285,0.8909193374029979,133704000
1991-02-15,0.8739901185035706,0.8824549527179241,0.8570603774209549,0.8591764225032493,115452000
1991-02-19,0.8676411509513855,0.8761059834250466,0.859176245823831,0.8655250336503371,66564000
1991-02-20,0.8697570562362671,0.880337931661696,0.8591761081569562,0.8612921524650548,52552800
1991-02-21,0.8464791178703308,0.8761058452198103,0.8464791178703309,0.8718737565931101,68277600
1991-02-22,0.86552494764328,0.8845707279990749,0.8443631228506012,0.8443631228506012,105343200
1991-02-25,0.8718736171722412,0.8803377930721394,0.8591759728988564,0.8739896611472158,88524000
1991-02-26,0.8612921237945557,0.86764098304633,0.8507112487213404,0.8591760795568956,55540800
1991-02-27,0.8909199833869934,0.8951520741396669,0.8570604965167024,0.8655253319073158,87674400
1991-02-28,0.8782219886779785,0.8993838146242523,0.8739898995735065,0.8972677700720163,55008000
1991-03-01,0.8951514363288879,0.8993835240661262,0.8634086713374656,0.8718735733506094,77724000
1991-03-04,0.9057329297065735,0.9099656738872145,0.884571025151135,0.8951519774288542,47023200
1991-03-05,0.9438242316246033,0.9522890636648967,0.9057326690780074,0.9078487136168288,76356000
1991-03-06,0.9078487157821655,0.9565211550239662,0.9036165540405386,0.9522890659362293,101088000
1991-03-07,0.8803382515907288,0.9099656435186865,0.8761061614365224,0.882454950553006,165391200
1991-03-08,0.8676411509513855,0.8972678103205721,0.861292290470986,0.8845708158987077,134697600
1991-03-11,0.8401304483413696,0.8676411352184433,0.8274334541497399,0.8612922748531676,160970400
1991-03-12,0.8105034828186035,0.8369560284009248,0.8094454245876295,0.8316653013228665,152884800
1991-03-13,0.8507111072540283,0.8560018345263425,0.8126195564630876,0.8126195564630876,110268000
1991-03-14,0.8295491933822632,0.8591758387132034,0.8210842922657051,0.8591758387132034,100216800
1991-03-15,0.8179104924201965,0.8358982867891864,0.8147364621086308,0.8316655440528687,76932000
1991-03-18,0.8401304483413696,0.8443631914439684,0.8126198341181882,0.8147365326120022,66218400
1991-03-19,0.8380143642425537,0.8549441007389966,0.8189685832370411,0.8316655768303463,92505600
1991-03-20,0.8380143642425537,0.8549441007389966,0.835898319733484,0.8380143642425537,83217600
1991-03-21,0.8020385503768921,0.8528277410989525,0.7956904191954005,0.8422461420397575,119188800
1991-03-22,0.7935740351676941,0.808387654881021,0.7872258288238193,0.7999228227426936,95688000
1991-03-25,0.8316655158996582,0.8358982584926906,0.7956906549183437,0.7956906549183437,59824800
1991-03-26,0.8898605704307556,0.8909192824982579,0.8358980047255437,0.8358980047255437,89928000
1991-03-27,0.9120815992355347,0.9247785949932612,0.8888030713586587,0.8888030713586587,91936800
1991-03-28,0.8983258008956909,0.9163135231304221,0.8972677423253468,0.9078486912982286,30492000
1991-04-01,0.903616726398468,0.9120816327274568,0.8845709414469067,0.8972679376708709,59205600
1991-04-02,0.9501727819442749,0.9522888259548902,0.9036163263249022,0.9099651848954641,96256800
1991-04-03,0.9628701210021973,0.9882646926280914,0.954405215357634,0.954405215357634,91778400
1991-04-04,0.9628701210021973,0.9882646926280914,0.954405215357634,0.9649861657785934,73850400
1991-04-05,0.9311274290084839,0.9671029544018499,0.9226625225764986,0.9649862555434734,108914400
1991-04-08,0.9427657723426819,0.9586374437351722,0.9268941009501915,0.9311268421138817,46526400
1991-04-09,0.9332430362701416,0.9586375983476779,0.929010948308615,0.9438239827126641,60768000
1991-04-10,0.909965455532074,0.9332433269955708,0.8930357179884477,0.929011237715657,74340000
1991-04-11,0.939592182636261,0.9438243448756176,0.9141976108143552,0.9184297003998134,47937600
1991-04-12,0.9078487157821655,0.9311272400736362,0.8782219852051995,0.9268944971008901,176731200
1991-04-15,0.9628701210021973,0.9671028644400705,0.8888030321320943,0.8972678651227597,88819200
1991-04-16,0.9501727819442749,0.9692185584633727,0.9311270054251771,0.9628697725466825,81331200
1991-04-17,0.9438242316246033,0.9946127152891354,0.9406501284894263,0.9649860574367227,128383200
1991-04-18,0.9311274290084839,0.9480571692185495,0.9141976887984181,0.9417083077597991,88084800
1991-04-19,0.9078487157821655,0.9268944971008901,0.8888029344634409,0.8993838110677924,96588000
1991-04-22,0.8644666075706482,0.8993833971092138,0.8612918520041339,0.8972673535392952,139708800
1991-04-23,0.8602339029312134,0.8718734871544269,0.8507110162521561,0.8655246296375704,103910400
1991-04-24,0.8718736171722412,0.886686651535767,0.8507111431141247,0.8591759728988564,82130400
1991-04-25,0.852827787399292,0.8782216939272791,0.850711089672455,0.8676408208322632,65707200
1991-04-26,0.852827787399292,0.8655247043363526,0.8358980562394839,0.8485950458304102,88372800
1991-04-29,0.8274331092834473,0.8591758721480072,0.8274331092834473,0.8570598284211695,71258400
1991-04-30,0.8380143642425537,0.8401304087516234,0.8126197958248337,0.8274334151583183,115178400
1991-05-01,0.852827787399292,0.8528277873992921,0.8210843689217203,0.8337820123974391,111628800
1991-05-02,0.8507111072540283,0.8676408387637218,0.8485950633682515,0.8570598927961646,66888000
1991-05-03,0.8570601344108582,0.8570601344108582,0.8443631409781018,0.8507113470789287,23047200
1991-05-06,0.8697570562362671,0.8739897987374005,0.8485952327315273,0.8507112770396257,44755200
1991-05-07,0.8570601344108582,0.878221959657857,0.8570601344108582,0.8739898706932309,50904000
1991-05-08,0.8718736171722412,0.8739896611472158,0.84859509913915,0.8549438849489073,57592800
1991-05-09,0.8951514363288879,0.897267480197507,0.8697568755971897,0.8739896172192286,76298400
1991-05-10,0.8697570562362671,0.905732570321451,0.8634088506580896,0.8993837108583372,52070400
1991-05-13,0.8729318380355835,0.8782219857253327,0.8570601598502064,0.8739898966350893,68745600
1991-05-14,0.8570601344108582,0.8739898706932309,0.852828045446232,0.8686990692755141,58816800
1991-05-15,0.8295491933822632,0.8507110102505042,0.8179101904720376,0.8485949666060123,111160800
1991-05-16,0.8411880731582642,0.8464787995097952,0.8337818845200642,0.8401300150725837,70243200
1991-05-17,0.8401304483413696,0.8422464929501544,0.8295495714124167,0.838014403732585,44812800
1991-05-20,0.8390723466873169,0.8464791193550305,0.8274333400777159,0.8422463768359681,65937600
1991-05-21,0.8634088635444641,0.8739898117816955,0.842246385838938,0.8443630840635646,83570400
1991-05-22,0.903616726398468,0.903616726398468,0.8655251564953453,0.8697573190442246,88783200
1991-05-23,0.9268943667411804,0.9290110648723627,0.9057325438548155,0.9057325438548155,67752000
1991-05-24,0.9311274290084839,0.9522892591650188,0.9268946851768726,0.9311274290084839,67932000
1991-05-28,0.9374753832817078,0.9459402880825512,0.9311272495852552,0.9353593387162236,43941600
1991-05-29,0.9332430362701416,0.948056724559026,0.929010948308615,0.9417078660780301,64202400
1991-05-30,0.9332430362701416,0.9459400266934275,0.9226620898276191,0.9321849779528246,61833600
1991-05-31,0.9290111660957336,0.9395920423648494,0.914197474334091,0.93535929952621,81784800
1991-06-03,0.9480568170547485,0.9501728612419605,0.9226621798457525,0.9268943408740541,46951200
1991-06-04,0.9565208554267883,0.9607535970737742,0.9353590361924055,0.9480566799024256,35035200
1991-06-05,0.9480568170547485,0.9671025951633321,0.9480568170547486,0.9522889054291725,41385600
1991-06-06,0.940649688243866,0.9565207050689803,0.9353588891610747,0.9544046615205157,32680800
1991-06-07,0.9332430362701416,0.9332430362701416,0.9205460458468558,0.929010948308615,51984000
1991-06-10,0.9353592991828918,0.9395920420199777,0.9290111657547456,0.9332432547068431,29498400
1991-06-11,0.9364171028137207,0.9565208639599715,0.9353590445368027,0.9395917862215492,41846400
1991-06-12,0.940649688243866,0.9501725744235864,0.9332428456126101,0.9374749327095393,51069600
1991-06-13,0.939592182636261,0.950173133138891,0.9353594391657167,0.939592182636261,38001600
1991-06-14,0.9607534408569336,0.9628695570478147,0.9395916250634253,0.941707668600451,46360800
1991-06-17,0.9607534408569336,0.9713343850806155,0.9522886128241328,0.9628695570478147,29419200
1991-06-18,0.9438242316246033,0.9607538957051901,0.929011193313956,0.9586378511663687,46850400
1991-06-19,0.8750476837158203,0.9290109849513012,0.8718736539464184,0.9290109849513012,157039200
1991-06-20,0.852827787399292,0.8612919627674709,0.8380141000815285,0.8549438312413368,187999200
1991-06-21,0.86552494764328,0.8718738074927946,0.8570601160107678,0.8570601160107678,67680000
1991-06-24,0.830607533454895,0.8591762054861738,0.8253173857584292,0.8549441163905572,79696800
1991-06-25,0.8358981609344482,0.8485951521156534,0.829549374728346,0.8401302491486002,97228800
1991-06-26,0.852827787399292,0.8591759189254262,0.831665314670602,0.8380141000815285,96638400
1991-06-27,0.8634088635444641,0.8665829663809262,0.8475371869000268,0.8602341794769387,56510400
1991-06-28,0.8649958372116089,0.8729316748205063,0.8316654355004425,0.8602341021538662,61526400
1991-07-01,0.906261146068573,0.9094358286273594,0.8602337706586478,0.8729313384322192,72388800
1991-07-02,0.8649958372116089,0.9173714354607135,0.8634087859360317,0.9046744440250845,43920000
1991-07-03,0.8126195669174194,0.825317138165046,0.7840509034566787,0.8189683525412327,191630400
1991-07-05,0.7840510606765747,0.8094456270330642,0.780876957843662,0.8094456270330642,78758400
1991-07-08,0.8507111072540283,0.8538857906405657,0.7681798013609492,0.7713539035165481,109185600
1991-07-09,0.8618219494819641,0.872931892411329,0.8443632186367526,0.8570602132372901,76948800
1991-07-10,0.8284913301467896,0.8729316718676816,0.8253172276063719,0.8665828855558373,67310400
1991-07-11,0.8411880731582642,0.8475368575954758,0.8253169839114916,0.8348398699518901,51148800
1991-07-12,0.8634088635444641,0.8697570692173885,0.8380142971595771,0.850711289736489,35174400
1991-07-15,0.887215793132782,0.8919775285962799,0.8697570651517241,0.8729317492044095,36763200
1991-07-16,0.8570601344108582,0.8888029086083002,0.8570601344108582,0.8888029086083002,42734400
1991-07-17,0.8602339029312134,0.8602339029312134,0.825317039261921,0.8348399259409782,40526400
1991-07-18,0.8507111072540283,0.8792797703472338,0.8475370050984294,0.8634086783383009,25656000
1991-07-19,0.8602339029312134,0.8634085859781501,0.8380140277570385,0.857059801115153,24441600
1991-07-22,0.8570601344108582,0.8729318121251304,0.8443631409781018,0.8475372440285153,35136000
1991-07-23,0.8443629145622253,0.8665827924190652,0.8443629145622252,0.8634086902197872,35596800
1991-07-24,0.8316655158996582,0.8538859795988815,0.825317310183652,0.8507112955098112,54321600
1991-07-25,0.8380143642425537,0.8634089326602737,0.8364273126972793,0.8507113578358588,90211200
1991-07-26,0.901500940322876,0.9110238355332183,0.8475376737204702,0.8507117783801186,149294400
1991-07-29,0.8919774889945984,0.9046744809484422,0.8729317104483154,0.90150037826774,136468800
1991-07-30,0.9237204194068909,0.9268945226370858,0.8856288557200087,0.8951517466417293,78038400
1991-07-31,0.9332430362701416,0.9395918220972669,0.9237201481449361,0.9268942504430163,111628800
1991-08-01,0.9300686120986938,0.9395914969282683,0.9268939296683266,0.936416814497901,53942400
1991-08-02,0.9300686120986938,0.9491143817578427,0.9300686120986937,0.936416814497901,81369600
1991-08-05,0.9173714518547058,0.9300690247482594,0.9110232466389504,0.9300690247482594,28252800
1991-08-06,0.9459399580955505,0.9522887434622732,0.9173712957916824,0.9173712957916824,53097600
1991-08-07,0.9649856686592102,0.9713344536028569,0.9459398950591542,0.9491145781464194,69235200
1991-08-08,1.003077507019043,1.0062521910278124,0.9649859487622305,0.9649859487622305,91852800
1991-08-09,1.025297999382019,1.0411690949540566,0.993554645775806,0.9999034327432624,114806400
1991-08-12,1.053867220878601,1.0633901157021084,1.012600955822487,1.012600955822487,56899200
1991-08-13,1.0475177764892578,1.0633894516948863,1.0443436739405363,1.0633894516948863,94497600
1991-08-14,1.0475177764892578,1.0602147679151543,1.041168990160804,1.0506918790379793,67008000
1991-08-15,1.0348204374313354,1.0570403102699824,1.0284716532356584,1.0475174245918744,45460800
1991-08-16,1.0379949808120728,1.045930819127434,1.0189492013476311,1.0252979882461326,52075200
1991-08-19,1.0189491510391235,1.031646142978176,0.9776834913139274,0.9840316966679366,85425600
1991-08-20,1.0221234560012817,1.0395821866420762,1.0157752493909193,1.0237110888850214,57326400
1991-08-21,1.066563367843628,1.0729121530625239,1.0379947062049593,1.0411688081989527,73214400
1991-08-22,1.066563367843628,1.0824350402754135,1.0570404806307383,1.0697374698376214,43627200
1991-08-23,1.0824352502822876,1.0983063445623682,1.0665635747711855,1.0665635747711855,43161600
1991-08-26,1.0824352502822876,1.0824352502822876,1.0602147883205402,1.0760864638316423,44136000
1991-08-27,1.0760862827301025,1.079260384805724,1.066563395272314,1.0760862827301025,34204800
1991-08-28,1.0871964693069458,1.1014810943686189,1.0729124254763294,1.0760865282762315,41558400
1991-08-29,1.0887835025787354,1.098306392050943,1.0792606131065277,1.0919581865568357,27974400
1991-08-30,1.0824352502822876,1.0951322419525564,1.0729123612218305,1.0887834555019111,22032000
1991-09-03,1.055453896522522,1.0792608344704877,1.0475180567961446,1.0792608344704877,33494400
1991-09-04,1.049104928970337,1.0602148701936442,1.0284720979511852,1.0570407673387183,38467200
1991-09-05,1.0221234560012817,1.0538668139776894,1.0157752493909193,1.0538668139776894,58459200
1991-09-06,1.025297999382019,1.0443437790533192,1.0189492124145627,1.0284721022502128,50788800
1991-09-09,1.025297999382019,1.0348208892176691,1.0189492124145627,1.025297999382019,31915200
1991-09-10,1.0157749652862549,1.0475177331532985,1.0157749652862549,1.0411689470874952,65937600
1991-09-11,1.0411691665649414,1.0443438508825567,1.0221233855836858,1.0221233855836858,64032000
1991-09-12,1.0871964693069458,1.088783520706897,1.0538666462148032,1.0538666462148032,53808000
1991-09-13,1.053867220878601,1.0887841144105457,1.047518430585805,1.0856100098798342,51360000
1991-09-16,1.053867220878601,1.0602154299400237,1.0443443260550938,1.053867220878601,21686400
1991-09-17,1.0729124546051025,1.0760865574911793,1.041169100820046,1.0506919907093486,23366400
1991-09-18,1.0760862827301025,1.085609170187891,1.0633892931966924,1.066563395272314,26942400
1991-09-19,1.0951327085494995,1.1078297056295052,1.076086922313856,1.07926102627604,51364800
1991-09-20,1.0983060598373413,1.1046548446421265,1.091957856263427,1.1014807428551694,30316800
1991-09-23,1.0776735544204712,1.0983063845984098,1.0729124003321975,1.0951322818728941,49771200
1991-09-24,1.1173522472381592,1.1205269314328852,1.0824353709448673,1.0824353709448673,47625600
1991-09-25,1.1141785383224487,1.122114379769277,1.0983068554287923,1.1173526424086633,25766400
1991-09-26,1.1332236528396606,1.1427465406786494,1.107829091525375,1.1110037749590027,48000000
1991-09-27,1.1205275058746338,1.1363986100602854,1.1141787154615423,1.1363986100602854,33273600
1991-09-30,1.1300499439239502,1.1363981505386533,1.104655373771689,1.120527052770746,27700800
1991-10-01,1.1284629106521606,1.133224065690744,1.1173523864331483,1.1300499623316884,19627200
1991-10-02,1.1046552658081055,1.1490956139233934,1.0951323755856217,1.1237010462530728,67219200
1991-10-03,1.1110039949417114,1.120526884666266,1.0951323183237665,1.0983064211549305,34632000
1991-10-04,1.1189398765563965,1.1300498181265148,1.1110040379402877,1.1173522438483068,26457600
1991-10-07,1.1237008571624756,1.1284625920879834,1.101480977459425,1.1078291823854423,27187200
1991-10-08,1.1332236528396606,1.1363977550423412,1.1173519793643638,1.1173519793643638,37708800
1991-10-09,1.1363977193832397,1.1586181777975877,1.1332236172801595,1.1363977193832397,60931200
1991-10-10,1.1395726203918457,1.1490955097510225,1.123700944382871,1.1490955097510225,42048000
1991-10-11,1.137985348701477,1.1554434914538718,1.1141778392976032,1.1522693893590596,69921600
1991-10-14,1.1713156700134277,1.1713156700134277,1.1427469951350513,1.1427469951350513,50625600
1991-10-15,1.160205364227295,1.171315304115364,1.1522695268126752,1.171315304115364,57854400
1991-10-16,1.1522692441940308,1.1617921305096839,1.1411593070309112,1.1617921305096839,100200000
1991-10-17,1.1332236528396606,1.1522694285176383,1.123700765000672,1.1522694285176383,95563200
1991-10-18,1.1427468061447144,1.1586184833070852,1.1395727032046732,1.1427468061447144,37843200
1991-10-21,1.1554436683654785,1.1617924547581022,1.1395725742304446,1.142746676811248,28704000
1991-10-22,1.160205364227295,1.1776640902932591,1.1586183129905705,1.1617924154640196,32496000
1991-10-23,1.1459211111068726,1.1681415792978034,1.1395729041076221,1.1649668945669933,36724800
1991-10-24,1.1459211111068726,1.1490957958376824,1.133224115877187,1.1490957958376824,26942400
1991-10-25,1.1363977193832397,1.1522693923604983,1.1332236172801595,1.1459206069234091,28080000
1991-10-28,1.1459211111068726,1.1459211111068726,1.1141783324170662,1.136398219376812,37953600
1991-10-29,1.1522692441940308,1.1522692441940308,1.1395722561834447,1.1459204595733106,36523200
1991-10-30,1.1998841762542725,1.203058279273151,1.1522697248156109,1.1522697248156109,65592000
1991-10-31,1.1919480562210083,1.2094067811674305,1.1840122193152747,1.199883893126742,41092800
1991-11-01,1.176076889038086,1.1903609295775552,1.1681410526357485,1.1871868275089894,34296000
1991-11-04,1.1554436683654785,1.1744894463123328,1.152269565784675,1.1713153437315291,28838400
1991-11-05,1.1903613805770874,1.1998842716217042,1.1554439196697786,1.1586186041720794,51739200
1991-11-06,1.209406852722168,1.2125809551798739,1.1840122893675393,1.1935351779716508,38308800
1991-11-07,1.2030580043792725,1.2157555760156362,1.1998839020856633,1.2125808924910635,20894400
1991-11-08,1.209406852722168,1.2284526299303913,1.206232750264462,1.206232750264462,36494400
1991-11-11,1.237975835800171,1.2443246235736296,1.2141688988042005,1.2189300537109375,40564800
1991-11-12,1.2681312561035156,1.279241196116322,1.24432432482336,1.2474984273324465,80035200
1991-11-13,1.2824162244796753,1.2919391157970215,1.2538475505276365,1.263370441844983,57523200
1991-11-14,1.2601954936981201,1.2887641616753902,1.253847288301641,1.2887641616753902,44371200
1991-11-15,1.2062327861785889,1.2760671109443085,1.2030581023953668,1.2570213331690203,71592000
1991-11-18,1.2348016500473022,1.2411498561655736,1.2062329788217692,1.2094070818809048,72432000
1991-11-19,1.2221039533615112,1.236388578163978,1.196709968960975,1.2221039533615112,71976000
1991-11-20,1.2252788543701172,1.2379758488194206,1.218930066529891,1.2316270609791944,36441600
1991-11-21,1.2348016500473022,1.2348016500473022,1.2157558692302801,1.2221040753485515,35558400
1991-11-22,1.218929648399353,1.237975424155593,1.209406760521233,1.2316266384931964,38102400
1991-11-25,1.2141687870025635,1.2316269346175148,1.209407051303148,1.2157558384920053,33724800
1991-11-26,1.1998841762542725,1.2221040598486157,1.1776642926599292,1.2205170083391765,58809600
1991-11-27,1.209406852722168,1.2125809551798739,1.1935351779716508,1.1967098616603506,15009600
1991-11-29,1.2348016500473022,1.2411498561655736,1.2030582945315293,1.2030582945315293,20524800
1991-12-02,1.2855899333953857,1.288764035783566,1.2189297146267362,1.2221038170149163,55852800
1991-12-03,1.2871776819229126,1.3046364169782019,1.2633707386520971,1.2824165257612679,64996800
1991-12-04,1.2951130867004395,1.3078100800812535,1.2697185187077114,1.291938983663011,36297600
1991-12-05,1.2919386625289917,1.2982868670258911,1.2792410910732817,1.2919386625289917,24892800
1991-12-06,1.3236819505691528,1.336378945799709,1.2824162801464567,1.2887644871461426,51580800
1991-12-09,1.2951130867004395,1.3173329704246393,1.285590196357054,1.3109847643497823,57720000
1991-12-10,1.2919386625289917,1.2951127647774414,1.269718203096977,1.2951127647774414,46252800
1991-12-11,1.2792410850524902,1.3046356466134341,1.2633699926539839,1.2966998097987046,39134400
1991-12-12,1.2951130867004395,1.3109847643497823,1.2760673060136682,1.2824160933196254,36979200
1991-12-13,1.2951130867004395,1.3046359770438252,1.2887642993944823,1.298287189737868,26193600
1991-12-16,1.2967000007629395,1.2982870521134189,1.2792412734455887,1.29511294941246,27225600
1991-12-17,1.2935255765914917,1.3141584014820757,1.2728927517009077,1.2951126275475529,27480000
1991-12-18,1.3062235116958618,1.3109852492443301,1.2855906718589012,1.2951135657245227,33561600
1991-12-19,1.3046362400054932,1.3109850285911082,1.2855904554798656,1.299875084489695,38116800
1991-12-20,1.31098473072052,1.3332046138747373,1.298287156434323,1.3205076208196254,35356800
1991-12-23,1.3554245233535767,1.3554245233535767,1.3014618658979913,1.3109847561820471,46113600
1991-12-24,1.3490757942199707,1.3649468843853862,1.3459011112021908,1.3554239977937885,23995200
1991-12-26,1.3697091341018677,1.3744702885751872,1.342727515059787,1.3490763022553032,24326400
1991-12-27,1.4014513492584229,1.4157359694493583,1.3681215375310039,1.3744697409662123,36657600
1991-12-30,1.4062126874923706,1.4125608891418042,1.390341020907397,1.403038005436959,35524800
1991-12-31,1.4125621318817139,1.4220850239645821,1.3808193520158887,1.4062139246472727,40512000
1992-01-02,1.4474797248840332,1.4570026178109017,1.3903423673228212,1.4062140492780215,74265600
1992-01-03,1.4347825050354004,1.4506536032923325,1.4189108255473009,1.4474794998871794,38246400
1992-01-06,1.4792224168777466,1.4950940978599154,1.4268467996065455,1.4379567438015746,63057600
1992-01-07,1.5236624479293823,1.5268365509522026,1.4696992091548509,1.4792220994544094,64363200
1992-01-08,1.5776259899139404,1.5966717741735406,1.5077910601412676,1.5109657450053402,90763200
1992-01-09,1.615716576576233,1.6379364509658723,1.5744503482700882,1.5776250312049336,88348800
1992-01-10,1.5903221368789673,1.622064899959266,1.5744504647233686,1.6125420129120864,64641600
1992-01-13,1.6141307353973389,1.6363506264391638,1.5585804265614853,1.574451528206521,52804800
1992-01-14,1.6284140348434448,1.6315881374639876,1.5998453675654898,1.618891145750793,44006400
1992-01-15,1.6696799993515015,1.691900465454257,1.6284143328095884,1.6347631204433943,65294400
1992-01-16,1.6220651865005493,1.6760284163775858,1.618891084001077,1.6665055276481677,58761600
1992-01-17,1.6061949729919434,1.6442865487843903,1.5712775014384273,1.6220660754179161,85027200
1992-01-20,1.5554051399230957,1.615717162797553,1.5554051399230957,1.615717162797553,58862400
1992-01-21,1.515727162361145,1.5617545791469125,1.4728744309880124,1.5522316853716265,120019200
1992-01-22,1.5934958457946777,1.5934958457946777,1.510964565895404,1.5236615517497334,56131200
1992-01-23,1.5871484279632568,1.6426987130327824,1.57127675187738,1.5934966334127731,75590400
1992-01-24,1.5823864936828613,1.5934964330536439,1.5744506566377399,1.5807994425200311,37756800
1992-01-27,1.531598687171936,1.5934971996876093,1.5300116352455726,1.5839743068981789,46233600
1992-01-28,1.5331846475601196,1.5458816351627613,1.472873229909027,1.5363587491530712,95539200
1992-01-29,1.5807993412017822,1.5966710142747615,1.5458818929336007,1.555404780531202,97344000
1992-01-30,1.5681029558181763,1.5839740537768365,1.542708385360701,1.5807999504313357,41923200
1992-01-31,1.526836633682251,1.5712769845651777,1.5204884272926393,1.568102881370372,49948800
1992-02-03,1.5871484279632568,1.5934966334127731,1.4919195339100821,1.5014424233153996,80265600
1992-02-04,1.5807993412017822,1.5998451163969845,1.555404780531202,1.5903222287993832,58440000
1992-02-05,1.615716576576233,1.6315876663270372,1.5681021448621089,1.583973234612913,71212800
1992-02-06,1.6030199527740479,1.63793741703599,1.5966717456218393,1.606194637581351,62356800
1992-02-07,1.5966709852218628,1.618890862134977,1.574450527077827,1.6030191893507972,36499200
1992-02-10,1.5807993412017822,1.5998451163969845,1.549056576286756,1.5950839632136502,41371200
1992-02-11,1.5554051399230957,1.5839738093169755,1.5427081472695048,1.5776256036057135,41078400
1992-02-12,1.5966709852218628,1.6093679747106535,1.5062032640753298,1.5062032640753298,83342400
1992-02-13,1.5554051399230957,1.606194272999593,1.5427081472695048,1.5934966991149353,97358400
1992-02-14,1.5046168565750122,1.5554054174836098,1.4982680684997485,1.5522313140615631,82632000
1992-02-18,1.5014424324035645,1.5522309824623306,1.4982677484285472,1.5141394246104944,73694400
1992-02-19,1.4617640972137451,1.4982680293058692,1.44113068181669,1.4982680293058692,145372800
1992-02-20,1.4919195175170898,1.5141393988083343,1.4696990549948092,1.4728737389157271,74323200
1992-02-21,1.45382821559906,1.5046167737105558,1.4443053246262085,1.4855709917648527,91118400
1992-02-24,1.4585891962051392,1.4792220273093561,1.43478226223291,1.4538280419031209,59049600
1992-02-25,1.4696998596191406,1.4792227541333711,1.4379570716488235,1.46017696510491,57388800
1992-02-26,1.5490567684173584,1.5490567684173584,1.4728736581875048,1.4728736581875048,100670400
1992-02-27,1.5855612754821777,1.5903224292656741,1.5585796603493491,1.5585796603493491,79579200
1992-02-28,1.5681029558181763,1.6061945208888109,1.5522312766283597,1.5871487383534937,58276800
1992-03-02,1.5617542266845703,1.5966716897240896,1.5458825468973016,1.5712771183106955,34876800
1992-03-03,1.5649281740188599,1.5903227428986733,1.5554052833428198,1.5681028583982868,27734400
1992-03-04,1.5554051399230957,1.5776256036057135,1.545882250125136,1.5649280297210557,33086400
1992-03-05,1.539534330368042,1.564928320391921,1.5141397591129881,1.5554054288251729,55689600
1992-03-06,1.5014424324035645,1.5490568797183597,1.4823966534776463,1.5331852035364124,61867200
1992-03-09,1.510965347290039,1.5300111265364218,1.501442457666848,1.5077906632616047,30427200
1992-03-10,1.5458818674087524,1.5585794381498528,1.5141391030178473,1.5173132050876608,45480000
1992-03-11,1.526836633682251,1.564928196944437,1.5141396396718987,1.5522312029340848,39532800
1992-03-12,1.5379469394683838,1.542708093586151,1.5046165357198265,1.526836417398167,50025600
1992-03-13,1.5363587141036987,1.5617532699604848,1.530010511062619,1.5554044856885827,36763200
1992-03-16,1.5776259899139404,1.5776259899139404,1.5300115292649403,1.5363597365306676,55132800
1992-03-17,1.6252399682998657,1.634762857603906,1.5839737271616672,1.5919095651202069,94473600
1992-03-18,1.604607105255127,1.6379369265164017,1.5998453700857878,1.6315881400342913,69230400
1992-03-19,1.6188914775848389,1.6538089384921477,1.6030197987667634,1.6125426898113802,111576000
1992-03-20,1.6315876245498657,1.6379364090261388,1.6188906368281604,1.6188906368281604,35774400
1992-03-23,1.6315876245498657,1.6411105106488548,1.6220647384508766,1.6315876245498657,37843200
1992-03-24,1.6188914775848389,1.649047202354268,1.6061944832690642,1.6379372596740722,70228800
1992-03-25,1.6315876245498657,1.6411105106488548,1.6125418523518873,1.6188906368281604,36739200
1992-03-26,1.5871484279632568,1.6379369777146022,1.5776255385579392,1.634762874989844,60403200
1992-03-27,1.539534330368042,1.5871487882017838,1.5173138625581795,1.5808000000802267,89971200
1992-03-30,1.5236624479293823,1.5490570158052377,1.5236624479293823,1.5427082285284996,40713600
1992-03-31,1.5046168565750122,1.5490572106395166,1.495093965077702,1.5300114276448962,86702400
1992-04-01,1.5300110578536987,1.5331851605085904,1.485570714530063,1.4887448171849547,74203200
1992-04-02,1.4855709075927734,1.5427082501924956,1.4823968045253797,1.5300112566918147,56918400
1992-04-03,1.4919195175170898,1.5141393988083343,1.4823966282164085,1.4919195175170898,59534400
1992-04-06,1.539534330368042,1.5442954855358288,1.4950939759794915,1.4950939759794915,40123200
1992-04-07,1.472873568534851,1.555404878772907,1.469698884981178,1.5490566741274991,72758400
1992-04-08,1.4887447357177734,1.49191941942997,1.437956189863608,1.4696989583685867,105388800
1992-04-09,1.5236624479293823,1.5268365509522026,1.4808097321969171,1.5014425643074445,70008000
1992-04-10,1.472873568534851,1.5490566741274991,1.447479006260312,1.5395337859284182,126446400
1992-04-13,1.4919195175170898,1.4998553554728304,1.4506532763934465,1.4823966282164085,45552000
1992-04-14,1.4855709075927734,1.5268365723933153,1.4792221202268803,1.5014425853919537,72806400
1992-04-15,1.636350154876709,1.6411113096287653,1.6061944310869798,1.6347631032926901,223305600
1992-04-16,1.6204783916473389,1.637937120618807,1.6125425529120267,1.637937120618807,66393600
1992-04-20,1.4998555183410645,1.5871485828712286,1.4665251115538367,1.5807997955710187,226118400
1992-04-21,1.4744609594345093,1.5046166821414428,1.466525120568242,1.501442579087377,99244800
1992-04-22,1.493506908416748,1.5046168515882599,1.4538282908479907,1.479222280602541,61790400
1992-04-23,1.4696998596191406,1.510966123335043,1.4252600727069675,1.5046173332484378,115334400
1992-04-24,1.4252593517303467,1.48239668991244,1.4220846676773011,1.4728738002154242,90393600
1992-04-27,1.4379559755325317,1.4792216265613514,1.4284330882773493,1.4284330882773493,99585600
1992-04-28,1.38399338722229,1.4538283131988528,1.3585993970773378,1.4443054215867013,199876800
1992-04-29,1.4141491651535034,1.4157362162890146,1.3744699806109242,1.3903416544279559,137308800
1992-04-30,1.3998653888702393,1.4316081744659301,1.3935165992585767,1.4220852806640918,95870400
1992-05-01,1.444305181503296,1.447479284435997,1.3998648342900761,1.4030389372227772,62083200
1992-05-04,1.4474797248840332,1.4728742997661022,1.4284339390302958,1.4411309358557014,73920000
1992-05-05,1.4792224168777466,1.4919199941559704,1.4379567438015746,1.4443055324406866,59246400
1992-05-06,1.472873568534851,1.48874466137934,1.466524782658474,1.485570559056636,50016000
1992-05-07,1.4601765871047974,1.4792223712028216,1.4506536950557851,1.4728741639909497,40579200
1992-05-08,1.45382821559906,1.4855709917648527,1.4379565369005947,1.4728739975447633,59822400
1992-05-11,1.4474797248840332,1.4633514068392335,1.4379568319571645,1.4570026178109017,41112000
1992-05-12,1.4506529569625854,1.4633505273882053,1.4316071825550638,1.4570017421753954,49905600
1992-05-13,1.4316071271896362,1.4506529008605886,1.4093872516504868,1.444304697124195,64320000
1992-05-14,1.4062126874923706,1.4347813386069062,1.3871669200826802,1.4316066565514944,72307200
1992-05-15,1.3966904878616333,1.4157362645996057,1.3903417018719826,1.3998645902409688,40814400
1992-05-18,1.4316071271896362,1.4411300140251124,1.4030384666832074,1.40621314978229,37526400
1992-05-19,1.45382821559906,1.45382821559906,1.4379565369005947,1.4379565369005947,51240000
1992-05-20,1.4823967218399048,1.4855708247302526,1.4538280521335536,1.4538280521335536,58800000
1992-05-21,1.4808094501495361,1.4855706037769176,1.4633507243871644,1.4855706037769176,48566400
1992-05-22,1.4696998596191406,1.4855715442199766,1.46017696510491,1.4855715442199766,36969600
1992-05-26,1.466524600982666,1.485570375021402,1.4601758158927882,1.4728733860725438,38217600
1992-05-27,1.4601765871047974,1.4760482675968858,1.4570024834988613,1.4696994791538096,31166400
1992-05-28,1.510965347290039,1.517313552884796,1.4538280095508913,1.4570021123482697,62702400
1992-05-29,1.5363587141036987,1.5522303841680427,1.5173129425188148,1.520487625270177,89918400
1992-06-01,1.5776259899139404,1.5776259899139404,1.523662740768004,1.5300115292649403,68529600
1992-06-02,1.5601667165756226,1.5807995454984465,1.5522308790135348,1.5776254429660144,42585600
1992-06-03,1.5617542266845703,1.5776259064718388,1.555405438523427,1.555405438523427,28190400
1992-06-04,1.556992769241333,1.5681027104432712,1.555405136585857,1.564928026363385,41755200
1992-06-05,1.5363587141036987,1.5617532699604848,1.5331846125831587,1.5554044856885827,40939200
1992-06-08,1.5014424324035645,1.5363593062803835,1.5014424324035642,1.5331852035364124,40228800
1992-06-09,1.4601765871047974,1.5109657321869983,1.4474795914498493,1.504616943743922,84604800
1992-06-10,1.4284335374832153,1.4665250984827678,1.422084750239592,1.4633509954765032,65457600
1992-06-11,1.3712962865829468,1.4633510921574573,1.3649474989198704,1.4284336318572362,130732800
1992-06-12,1.4284335374832153,1.434782324726839,1.3824061377369072,1.3998648667335511,138028800
1992-06-15,1.4427177906036377,1.4855704950373192,1.4284331683051146,1.4284331683051146,54940800
1992-06-16,1.3855799436569214,1.4570012846416387,1.3808182109348863,1.4379555162149507,57376000
1992-06-17,1.3784384727478027,1.3951036755548474,1.3617732699407579,1.3808190499399293,70032000
1992-06-18,1.3760584592819214,1.4236729287859442,1.3522509339142512,1.3903425095174695,53356800
1992-06-19,1.3998653888702393,1.4141500201886523,1.3855813387831373,1.3998653888702393,43110400
1992-06-22,1.4141491651535034,1.4189103185600371,1.3617729902958746,1.3951033890654492,54080000
1992-06-23,1.3998653888702393,1.4427187015941674,1.3855813387831373,1.4236729139904907,57420800
1992-06-24,1.3760584592819214,1.4046271409843352,1.3665355653811166,1.4046271409843352,34096000
1992-06-25,1.333204746246338,1.3760580465626846,1.266544508934021,1.3760580465626846,165340800
1992-06-26,1.2713065147399902,1.3284438731276016,1.2522607286107863,1.3236821359796676,140982400
1992-06-29,1.3760584592819214,1.385581353182726,1.2998753080754846,1.3046364644102284,90963200
1992-06-30,1.333204746246338,1.3903420925140382,1.3236818552017213,1.3855809376073012,74048000
1992-07-01,1.3736767768859863,1.385580825653275,1.3236817482491001,1.337966374277408,45136000
1992-07-02,1.3308244943618774,1.3903424326432359,1.309398129577594,1.385581276571744,80563200
1992-07-06,1.3236819505691528,1.3379665787808153,1.2903521201272485,1.3332048422998664,36224000
1992-07-07,1.2951130867004395,1.328443493517839,1.2808290418009112,1.328443493517839,54396800
1992-07-08,1.307016372680664,1.3141586847533828,1.2474984616137186,1.2951129067134788,93417600
1992-07-09,1.31415855884552,1.3474889578375187,1.2998745172996375,1.31415855884552,61174400
1992-07-10,1.3236819505691528,1.3332048422998664,1.2879709612711818,1.3189207953193887,28905600
1992-07-13,1.333204746246338,1.357012264473451,1.3046360731124877,1.328443591339601,35113600
1992-07-14,1.3546313047409058,1.3617736193811314,1.3379666788886837,1.342727834494682,41116800
1992-07-15,1.3617726564407349,1.3951030470389587,1.352249770731359,1.3665343899108313,80172800
1992-07-16,1.3760584592819214,1.3760584592819214,1.3474897775795076,1.3522509339142512,42291200
1992-07-17,1.3379669189453125,1.3712967578609898,1.3284440247935,1.36653560140075,59865600
1992-07-20,1.318920373916626,1.3379661512928156,1.3046357502689843,1.3236815276451739,48707200
1992-07-21,1.3665351867675781,1.3855809692923446,1.3236818854712753,1.3332047767336586,45907200
1992-07-22,1.333204746246338,1.3665351555180678,1.3236818552017213,1.3665351555180678,59008000
1992-07-23,1.352250337600708,1.3760578524697722,1.3093976245598782,1.3284434039627049,68441600
1992-07-24,1.3855799436569214,1.4046257120836094,1.3522495582948544,1.354630134040509,76259200
1992-07-27,1.3903416395187378,1.399864527460647,1.3760575982213508,1.38558048616326,30512000
1992-07-28,1.4093879461288452,1.4189108376567428,1.3855810079246873,1.3998650546009477,45363200
1992-07-29,1.4093879461288452,1.423672574036278,1.3712963800172548,1.4189108376567428,145273600
1992-07-30,1.3927228450775146,1.4189109440506835,1.390342267324831,1.3998651595667817,32035200
1992-07-31,1.3855799436569214,1.3998639793615746,1.3760570594435775,1.3998639793615746,35312000
1992-08-03,1.4046270847320557,1.4141499782514888,1.3712966667983921,1.385581297693189,31516800
1992-08-04,1.4070067405700684,1.4189102043593143,1.3998644298041556,1.409387317081735,31430400
1992-08-05,1.3712962865829468,1.404626695275182,1.3570122408799408,1.404626695275182,60150400
1992-08-06,1.3617726564407349,1.3712955421501105,1.3379657327827041,1.3617726564407349,3705600
1992-08-07,1.3474889993667603,1.4046263297731745,1.342727264550735,1.361773041352873,55008000
1992-08-10,1.3498696088790894,1.3808188516250044,1.3474890320288642,1.3522501857293148,42067200
1992-08-11,1.3593928813934326,1.368915772714523,1.3332047849526443,1.3570123038709498,33436800
1992-08-12,1.352250337600708,1.3808190067049484,1.3474891833655318,1.3665349627683587,30441600
1992-08-13,1.3498696088790894,1.3665348092926572,1.342727297097418,1.3570119206607607,28227200
1992-08-14,1.352250337600708,1.3665349627683587,1.3474891833655318,1.352250337600708,33942400
1992-08-17,1.3236819505691528,1.352250625761293,1.3236819505691528,1.3474894705115286,63318400
1992-08-18,1.3236819505691528,1.3474894705115286,1.295113275377013,1.3141590588384395,66313600
1992-08-19,1.318920373916626,1.3427273050213633,1.3093974852285313,1.3236815276451739,27433600
1992-08-20,1.3403465747833252,1.3474888857898626,1.3141584885799766,1.3236813761783823,36534400
1992-08-21,1.3284435272216797,1.3498698857301286,1.314158900728637,1.3427275724836074,52710400
1992-08-24,1.31415855884552,1.3332043350606726,1.3093974054072137,1.3260620236722496,42800000
1992-08-25,1.3403465747833252,1.3474888857898626,1.304635600981571,1.30939733539624,37123200
1992-08-26,1.3641539812088013,1.3760580308015826,1.3379664670594094,1.3379664670594094,50016000
1992-08-27,1.4022451639175415,1.4093874754861957,1.371295922094677,1.371295922094677,88028800
1992-08-28,1.4165303707122803,1.4189109484723825,1.399865163929129,1.399865163929129,49468800
1992-08-31,1.4189109802246094,1.4284338727093382,1.3998651952551515,1.4141498245978603,25651200
1992-09-01,1.4189109802246094,1.421291558037984,1.3951040396284025,1.4093880877398803,30825600
1992-09-02,1.4355759620666504,1.4427182756170167,1.4046267116565825,1.4189107575261755,61955200
1992-09-03,1.459383249282837,1.4712873018016523,1.4379568847190158,1.4427186219727977,85296000
1992-09-04,1.4474797248840332,1.4570026178109017,1.4379568319571645,1.4522414619630963,28585600
1992-09-08,1.4617640972137451,1.4641446747180056,1.4331954234691555,1.4474794697258728,49376000
1992-09-09,1.4879511594772339,1.492712894268035,1.457001917645451,1.461763652436252,60982400
1992-09-10,1.5046168565750122,1.5046168565750122,1.4760481820830815,1.4903328099446322,53302400
1992-09-11,1.4998555183410645,1.5093784086758297,1.485570892223367,1.495093782558132,30796800
1992-09-14,1.556992769241333,1.561753923514564,1.5189012101312216,1.5189012101312216,95100800
1992-09-15,1.5474697351455688,1.5569926240349847,1.5236622223065237,1.5522308889747711,44614400
1992-09-16,1.5308048725128174,1.5569929680527257,1.5141396679664085,1.518901404078728,35708800
1992-09-17,1.5450891256332397,1.5522314401441617,1.5284245000827128,1.5331856556025154,23590400
1992-09-18,1.5212818384170532,1.5522310859268418,1.4927131681239212,1.547469931493529,71683200
1992-09-21,1.506996989250183,1.5141393010724253,1.4903323699729496,1.4998552586589398,31811200
1992-09-22,1.4808094501495361,1.5069969575621074,1.4760477152911682,1.5046163807484165,30777600
1992-09-23,1.506996989250183,1.5189010360309199,1.476047746328465,1.4808094812869594,37654400
1992-09-24,1.5284239053726196,1.5331850590398564,1.5093781282416896,1.5093781282416896,36953600
1992-09-25,1.4998555183410645,1.5308047666212765,1.4474793308843064,1.52842418934536,41817600
1992-09-28,1.466524600982666,1.4903321091465345,1.4522405610690627,1.457001713963298,52854400
1992-09-29,1.4998555183410645,1.5046166728928974,1.4665251115538367,1.4665251115538367,39392000
1992-09-30,1.5331846475601196,1.5331846475601196,1.4998548371416218,1.518900609161002,59843200
1992-10-01,1.5165202617645264,1.5427083575869054,1.5141396842982588,1.5236625753944744,47804800
1992-10-02,1.4998555183410645,1.5189012990105948,1.485570892223367,1.5093784086758297,36803200
1992-10-05,1.556992769241333,1.556992769241333,1.442718091910999,1.4950936950718694,71347200
1992-10-06,1.5712774991989136,1.5903232870679915,1.5474705549782262,1.566516342847304,74316800
1992-10-07,1.5450891256332397,1.6046076382492973,1.5427085478733384,1.5712772246858078,58153600
1992-10-08,1.587942123413086,1.6093684815580052,1.5569928748447468,1.566515765268167,59532800
1992-10-09,1.5688954591751099,1.5903218052555894,1.5522302650099467,1.5903218052555894,40182400
1992-10-12,1.5974644422531128,1.5998450186994058,1.5760380917746843,1.5807992446672698,34700800
1992-10-13,1.604607105255127,1.626033460439591,1.58556132703982,1.6141299943627803,86643200
1992-10-14,1.5903221368789673,1.6188907980205056,1.580799249831788,1.606987334519256,47456000
1992-10-15,1.6093677282333374,1.6141294618316926,1.5760379179681816,1.5855608039340594,35942400
1992-10-16,1.6260337829589844,1.6284143604003225,1.5950845325281666,1.614130314521153,47644800
1992-10-19,1.6736479997634888,1.6807903123022163,1.6188912390183394,1.6188912390183394,83280000
1992-10-20,1.6736479997634888,1.7093589812260694,1.656982797583477,1.6807903123022163,84150400
1992-10-21,1.7141202688217163,1.7141202688217163,1.6712675527167247,1.6807904430990674,60396800
1992-10-22,1.7093583345413208,1.7188812205799051,1.6807896764255676,1.7141194869451943,49174400
1992-10-23,1.6879332065582275,1.7188830551394503,1.6807914703300604,1.7188830551394503,46006400
1992-10-26,1.7141202688217163,1.718882004628439,1.6712675527167247,1.6855515976746878,40121600
1992-10-27,1.6760287284851074,1.7188820263630658,1.6665058379823512,1.7141202904961326,49116800
1992-10-28,1.6855523586273193,1.690314096583757,1.6617454125392261,1.6807912019022466,36172800
1992-10-29,1.7141202688217163,1.7141202688217163,1.6855515976746878,1.6903133334814104,32774400
1992-10-30,1.6903125047683716,1.7141194284368075,1.685550771296194,1.7117388523161274,24998400
1992-11-02,1.7069783210754395,1.7141206356986574,1.6712679104218042,1.695074850857561,31091200
1992-11-03,1.6807899475097656,1.7093586102331815,1.6688859021184774,1.70459687583048,35267200
1992-11-04,1.6855523586273193,1.7093598859467776,1.676029463945809,1.6807912019022466,23657600
1992-11-05,1.7498295307159424,1.7569718367803437,1.6807887887081452,1.6950728196064173,90361600
1992-11-06,1.7664964199066162,1.7760193100914738,1.7379277493520437,1.7474506395369012,61155200
1992-11-09,1.7498295307159424,1.7664947177893686,1.7236414626334917,1.7664947177893686,54796800
1992-11-10,1.7688775062561035,1.776019821258191,1.7426894054026214,1.7522122983283188,38710400
1992-11-11,1.7855420112609863,1.8093489435874117,1.756973343730659,1.7664962329074347,60748800
1992-11-12,1.7807801961898804,1.7950648199298995,1.752211529940845,1.7855419311802212,46960000
1992-11-13,1.776019811630249,1.7855427045043222,1.7617351817035123,1.7807809674516584,25811200
1992-11-16,1.7664964199066162,1.7807804645683574,1.7569735297217588,1.7712575743834997,19312000
1992-11-17,1.7141202688217163,1.7903033918804592,1.6998362238637532,1.7688770338279634,56649600
1992-11-18,1.752212405204773,1.7617352987113208,1.7117402531097687,1.72364372468513,33273600
1992-11-19,1.7903028726577759,1.8093486478988159,1.7569730566014223,1.7569730566014223,46857600
1992-11-20,1.809349536895752,1.809349536895752,1.7855425967627334,1.7903037522968495,41113600
1992-11-23,1.6855523586273193,1.7474514646728188,1.6617454125392261,1.7188827806282878,309884800
1992-11-24,1.7426886558532715,1.7664961685432734,1.6998359467346784,1.7379275020538756,145513600
1992-11-25,1.7355469465255737,1.7617350452080909,1.718882321210526,1.752212153071831,53152000
1992-11-27,1.7474510669708252,1.7617351151265048,1.7331664375839129,1.7426893300981101,17593600
1992-11-30,1.7736380100250244,1.7760191683044586,1.747450500030642,1.7617345435520284,35251200
1992-12-01,1.7736380100250244,1.7807803224012395,1.7522116541274229,1.766496278879853,33593600
1992-12-02,1.7284049987792969,1.780780608411114,1.723643262686693,1.7712577174570436,49881600
1992-12-03,1.7450692653656006,1.761734466436948,1.7236429104058788,1.7284046455252717,26048000
1992-12-04,1.7474510669708252,1.7617351151265048,1.7379281744566277,1.7426893300981101,23548800
1992-12-07,1.7783994674682617,1.7807800441446742,1.7331656044616615,1.7522113803348667,46422400
1992-12-08,1.7617340087890625,1.7903026683910475,1.7426882357210727,1.7855415157394836,26908800
1992-12-09,1.752212405204773,1.776019929586789,1.7379283555605982,1.7474512490671459,26048000
1992-12-10,1.6950739622116089,1.747450133681923,1.6855510747834537,1.714119737067919,89296000
1992-12-11,1.6450800895690918,1.6950751379363496,1.6331766173352353,1.6855522439029993,112934400
1992-12-14,1.6593633890151978,1.6807903268164093,1.647459922168566,1.652221657645856,51286400
1992-12-15,1.6450800895690918,1.6712681934686364,1.6284148797028974,1.6617452994352861,45289600
1992-12-16,1.656982660293579,1.6807901730397385,1.6236528399261667,1.647459771441317,73792000
1992-12-17,1.7141202688217163,1.718882004628439,1.656982926527659,1.6617446623343817,51859200
1992-12-18,1.7141202688217163,1.718882004628439,1.6855515976746878,1.6950744880570305,74387200
1992-12-21,1.72364342212677,1.7522120976316338,1.6998364831549793,1.7093593749899338,64928000
1992-12-22,1.6712675094604492,1.7426888948639185,1.656982883641103,1.7331660047280502,56928000
1992-12-23,1.6617456674575806,1.680791459742301,1.637938136485953,1.6760297210553938,59974400
1992-12-24,1.6617456674575806,1.6617456674575806,1.637938136485953,1.6617456674575806,32723200
1992-12-28,1.6665061712265015,1.6712679080456188,1.6379374940054756,1.6617450156386102,45731200
1992-12-29,1.6474595069885254,1.6665052816357917,1.6426983539421667,1.661744128589433,60035200
1992-12-30,1.6355568170547485,1.656983178363723,1.6236533475754504,1.6522220230644802,50860800
1992-12-31,1.6260337829589844,1.6426989875106321,1.623653205517646,1.6379372513968158,30851200
1993-01-04,1.6212716102600098,1.6331756567233924,1.6093681450276107,1.6188910334597266,72646400
1993-01-05,1.6474595069885254,1.6522212412658,1.6141296919712675,1.6188908450176263,71529600
1993-01-06,1.6950739622116089,1.6998356965411474,1.652221259400372,1.6569824124989885,87440000
1993-01-07,1.6617456674575806,1.711740726897108,1.6569839287706736,1.6950755133401143,58748800
1993-01-08,1.6593633890151978,1.6807903268164093,1.6426987679223384,1.6617445473693737,43977600
1993-01-11,1.697455644607544,1.6998368039390355,1.642699442146653,1.6617452294107804,58348800
1993-01-12,1.7093583345413208,1.737926992657074,1.690312562464152,1.6950737148680255,85129600
1993-01-13,1.7379276752471924,1.7569734548047997,1.6807903365743708,1.7045972704058472,83696000
1993-01-14,1.7379276752471924,1.7903032784150796,1.7236430499634543,1.7569734548047997,121264000
1993-01-15,1.7093583345413208,1.7331652590223632,1.6569821707136878,1.6665050567522723,181958400
1993-01-18,1.6998357772827148,1.7093586651632038,1.6807900015217374,1.7045969306074844,50611200
1993-01-19,1.6831703186035156,1.6998355151319813,1.6807897423082663,1.6950737813106225,52960000
1993-01-20,1.6831703186035156,1.6950737813106225,1.671266855896409,1.685550894898765,47968000
1993-01-21,1.7045971155166626,1.7141200044301637,1.652221517107914,1.6712672949349159,73363200
1993-01-22,1.7022167444229126,1.718881947344398,1.6903132771494584,1.7093590572794182,49088000
1993-01-25,1.6855523586273193,1.7188827806282878,1.6712683072207364,1.6998369912652673,49609600
1993-01-26,1.6760287284851074,1.7141202904961326,1.6665058379823512,1.6855516189878637,42345600
1993-01-27,1.6426994800567627,1.6712681616122602,1.628414848663357,1.6665064240706868,64192000
1993-01-28,1.656982660293579,1.6593632371988922,1.614129951073905,1.6426986176306906,77030400
1993-01-29,1.6474595069885254,1.6760281689594247,1.6331754666185336,1.6665052816357917,39424000
1993-02-01,1.6665061712265015,1.67602906363351,1.628414601598467,1.642699230824593,42854400
1993-02-02,1.6950739622116089,1.7045968496397639,1.661744146828527,1.6641247233778353,70371200
1993-02-03,1.6831703186035156,1.718881287955696,1.6760280084869077,1.70459666772248,71728000
1993-02-04,1.6188914775848389,1.6712676689458021,1.6093685865402223,1.6712676689458021,124214400
1993-02-05,1.6950739622116089,1.7045968496397639,1.566515272546976,1.6141297096877516,177216000
1993-02-08,1.6331756114959717,1.6950740939750837,1.618890988627889,1.6855512058066844,92665600
1993-02-09,1.5974644422531128,1.6617440749192953,1.5903221316833378,1.6522211879032276,64550400
1993-02-10,1.6284140348434448,1.6426986590979344,1.5998453675654898,1.6093682566581415,39193600
1993-02-11,1.6236525774002075,1.6474595050660512,1.614129690087687,1.6426983520252485,31635200
1993-02-12,1.592703104019165,1.6236529304375882,1.5855613729051057,1.6236529304375882,34752000
1993-02-16,1.526043176651001,1.5950845740982438,1.5189014441408628,1.578419369112278,91180800
1993-02-17,1.5284239053726196,1.5474696825035494,1.47128657397983,1.5427079476053212,121913600
1993-02-18,1.5546118021011353,1.5760387426595266,1.5046167699271624,1.5474700698128083,138553600
1993-02-19,1.5189014673233032,1.5617541879627979,1.5141397310127127,1.5593736104230846,97094400
1993-02-22,1.4617640972137451,1.542708382207838,1.4617640972137451,1.5189014447029243,76256000
1993-02-23,1.51413893699646,1.5331847097888682,1.4617633524327667,1.4855702778078475,105974400
1993-02-24,1.5974644422531128,1.5998450186994058,1.4998549956461413,1.5046161485387268,77548800
1993-02-25,1.6069881916046143,1.6188916614545663,1.5712772008235496,1.5712772008235496,60806400
1993-02-26,1.587942123413086,1.6188913719814253,1.5807998102877447,1.6046073269618475,29833600
1993-03-01,1.5522313117980957,1.5950846140890882,1.5474701566719686,1.5950846140890882,26432000
1993-03-02,1.6117480993270874,1.6141292564386864,1.5474690631598478,1.5569919479139676,38380800
1993-03-03,1.6141307353973389,1.6284147850010002,1.590323211082848,1.6141307353973389,42352000
1993-03-04,1.5950847864151,1.6141305714395715,1.556993216366157,1.6141305714395715,56659200
1993-03-05,1.576038122177124,1.618890823960628,1.5712763879617857,1.5903221623613226,35724800
1993-03-08,1.592703104019165,1.6093683057473864,1.5617538588317834,1.5736573252529238,48022400
1993-03-09,1.604607105255127,1.6188911483010948,1.5950842161474734,1.5998453700857878,41312000
1993-03-10,1.6188914775848389,1.6331761047673354,1.5903228044509887,1.6093685865402223,26592000
1993-03-11,1.6474595069885254,1.671267015913066,1.6188908450176263,1.6236525792949006,57779200
1993-03-12,1.6950739622116089,1.6998356965411474,1.6236525971159066,1.6379366376426783,73580800
1993-03-15,1.6688859462738037,1.6998357676329052,1.656982481798505,1.6998357676329052,35347200
1993-03-16,1.6712675094604492,1.690313289732186,1.656982883641103,1.6807903995963176,36336000
1993-03-17,1.6260337829589844,1.666505924386295,1.623653205517646,1.6522218785071254,39644800
1993-03-18,1.6236525774002075,1.652221239337769,1.6188908431284896,1.633175464712728,34406400
1993-03-19,1.604607105255127,1.6331757725780873,1.5998453700857878,1.6331757725780873,45404800
1993-03-22,1.587942123413086,1.599845591134585,1.5712769198643246,1.5855615461150072,34083200
1993-03-23,1.5831807851791382,1.6188917785430477,1.5808002072832112,1.5903231000981704,34409600
1993-03-24,1.6426994800567627,1.6522223739085953,1.5808003794041943,1.5855621169457677,50576000
1993-03-25,1.6641255617141724,1.6807907684166035,1.6450797772631693,1.647460355011741,43833600
1993-03-26,1.649841070175171,1.6807909084092663,1.6379375992096608,1.676029171284304,28380800
1993-03-29,1.656982660293579,1.685551326850365,1.6522215064829526,1.6522215064829526,48262400
1993-03-30,1.7331651449203491,1.7379268782415738,1.6617437949483715,1.6855507178620976,140777600
1993-03-31,1.7617340087890625,1.7950644022734785,1.7284041965355141,1.737927083069509,179660800
1993-04-01,1.771257758140564,1.8045881678609348,1.761734866967765,1.761734866967765,100412800
1993-04-02,1.7093583345413208,1.752211031099532,1.7093583345413208,1.7474498786956585,73251200
1993-04-05,1.7426886558532715,1.756973279713474,1.6760284340446763,1.690313057904879,61187200
1993-04-06,1.7093583345413208,1.7712568031767009,1.6998354485027363,1.7474498786956585,55699200
1993-04-07,1.718882441520691,1.723643597306465,1.6998366559150946,1.7141207045036668,39417600
1993-04-08,1.6950739622116089,1.7188814713974576,1.6807899216848372,1.714119737067919,40185600
1993-04-12,1.716500163078308,1.7379270938356837,1.6855509269588158,1.6903126608707453,48976000
1993-04-13,1.6926929950714111,1.7569726156865908,1.6903124190714234,1.718881074763638,53337600
1993-04-14,1.6950739622116089,1.7188814713974576,1.6712670342566822,1.6950739622116089,38592000
1993-04-15,1.6593633890151978,1.7117395731100762,1.6379370324450484,1.6760285913391193,109152000
1993-04-16,1.656982660293579,1.6712672841874765,1.6284139937367932,1.6617443953352147,49600000
1993-04-19,1.656982660293579,1.6617443953352147,1.6188911048845314,1.656982660293579,45673600
1993-04-20,1.6522215604782104,1.6665056036079071,1.6188911577905383,1.6522215604782104,46009600
1993-04-21,1.6165106296539307,1.6522216104038019,1.6046071631476555,1.6522216104038019,92528000
1993-04-22,1.5855612754821777,1.6188910956596683,1.5784189635759278,1.6093682068616701,79872000
1993-04-23,1.5498497486114502,1.5855607142717711,1.5379462871349432,1.5807989809426883,89296000
1993-04-26,1.5308048725128174,1.571277013927405,1.518901404078728,1.5522312319404061,65376000
1993-04-27,1.5712774991989136,1.5760392367818428,1.5284247671091484,1.5331859234607583,58208000
1993-04-28,1.6379365921020508,1.6379365921020506,1.5760381161555075,1.5807992691217465,55372800
1993-04-29,1.6284140348434448,1.6331757700052827,1.5998453675654898,1.6331757700052827,49660800
1993-04-30,1.6284140348434448,1.652221548190586,1.618891145750793,1.618891145750793,46825600
1993-05-03,1.6403177976608276,1.656983001895722,1.6188914386337514,1.6284143294492441,38096000
1993-05-04,1.6760287284851074,1.6855516189878637,1.6474600569768385,1.6522217928437717,49664000
1993-05-05,1.6998357772827148,1.7141198184879731,1.6665053790855295,1.6760282669660183,51868800
1993-05-06,1.6617456674575806,1.7093601481693816,1.6522227713152204,1.6950755133401143,47244800
1993-05-07,1.656982660293579,1.6712672841874765,1.647459771441317,1.6617443953352147,31798400
1993-05-10,1.697455644607544,1.714120853771481,1.6760292792432256,1.6855521728752896,69091200
1993-05-11,1.6712675094604492,1.690313289732186,1.6617446193245808,1.6807903995963176,38220800
1993-05-12,1.6426994800567627,1.6760293179225194,1.6331765862049301,1.6665064240706868,48272000
1993-05-13,1.6331756114959717,1.6379367649646877,1.6093681004594895,1.6331756114959717,43708800
1993-05-14,1.6284140348434448,1.652221548190586,1.6141299918199792,1.6379369239360966,49116800
1993-05-17,1.6474595069885254,1.6498400835117049,1.6236525792949006,1.6331754666185336,27763200
1993-05-18,1.6855523586273193,1.690314096583757,1.6474607799012784,1.652222517857716,84185600
1993-05-19,1.7617340087890625,1.7712568953230574,1.704596689585093,1.7284041965355141,181017600
1993-05-20,1.7926841974258423,1.8141111394376743,1.7522120534554533,1.7569737898684747,150256000
1993-05-21,1.7617340087890625,1.7950644022734785,1.7522111222550676,1.7807797818570525,75500800
1993-05-24,1.7545918226242065,1.7903027949590422,1.7522112461301265,1.7569729803491954,64252800
1993-05-25,1.7379276752471924,1.7522117192998652,1.7141201601846507,1.7474505650259962,36716800
1993-05-26,1.8141101598739624,1.8141101598739626,1.737927068251557,1.742688220862526,87484800
1993-05-27,1.7926841974258423,1.8188722946195195,1.7712578366451865,1.8093494030246529,95052800
1993-05-28,1.7641156911849976,1.7855426352439618,1.7474510652252238,1.7807808983760036,35136000
1993-06-01,1.8331561088562012,1.8664859240269371,1.7664958972838105,1.7712570503520935,173088000
1993-06-02,1.8236333131790161,1.856963130025539,1.8141104253327311,1.823633313179016,70710400
1993-06-03,1.8022067546844482,1.8283948470198432,1.7998261775351583,1.8236336927212633,23936000
1993-06-04,1.7903028726577759,1.7998257602782959,1.7807799850372557,1.7903028726577759,32652800
1993-06-07,1.776019811630249,1.8236342760006143,1.7712580745775854,1.795065597378395,52761600
1993-06-08,1.7569730281829834,1.7760188031159647,1.7284043657835115,1.771257068767257,48131200
1993-06-09,1.7331651449203491,1.7712566865669501,1.7284039928299235,1.7664955344765245,62480000
1993-06-10,1.7355469465255737,1.7617350452080909,1.7045976923905313,1.7379281054830458,56544000
1993-06-11,1.7022167444229126,1.7617346620212655,1.6950744315664068,1.7474506175393374,67542400
1993-06-14,1.7569730281829834,1.7569730281829834,1.718881478317021,1.7331655189012947,40489600
1993-06-15,1.7617340087890625,1.7712568953230574,1.7426882357210727,1.7712568953230574,42345600
1993-06-16,1.7379276752471924,1.776019234362407,1.6998361161319782,1.7664963445836035,66966400
1993-06-17,1.7307851314544678,1.7474503316494598,1.723642819766473,1.7426885967804673,28083200
1993-06-18,1.6665061712265015,1.7379281548946788,1.656983278819493,1.723643525668553,75910400
1993-06-21,1.6879332065582275,1.6998372627347553,1.6569839392084629,1.6903143665324079,68102400
1993-06-22,1.6760287284851074,1.7093591358603093,1.661744683346528,1.699836245357553,41062400
1993-06-23,1.6879332065582275,1.6998372627347553,1.671268574127713,1.6760297316131578,33129600
1993-06-24,1.6855523586273193,1.70459814799034,1.6617454125392261,1.6807912019022466,35782400
1993-06-25,1.6855523586273193,1.6998369912652673,1.652222517857716,1.6855523586273193,45484800
1993-06-28,1.718882441520691,1.718882441520691,1.6855520260952723,1.6903137631122964,52224000
1993-06-29,1.6950739622116089,1.747450133681923,1.6855510747834537,1.7188814713974576,42361600
1993-06-30,1.6760287284851074,1.7188820263630658,1.661744683346528,1.699836245357553,56422400
1993-07-01,1.6593633890151978,1.6855514810626369,1.647459922168566,1.6807903268164093,57907200
1993-07-02,1.6617456674575806,1.6665068249130337,1.6474610326283132,1.6617456674575806,25404800
1993-07-06,1.6379365921020508,1.6712669877893478,1.6236525519724276,1.6522212134625796,47721600
1993-07-07,1.587942123413086,1.6046073269618475,1.5474699844213267,1.5641346067389832,182569600
1993-07-08,1.6165106296539307,1.6284140961602058,1.599845427806518,1.599845427806518,70105600
1993-07-09,1.6117480993270874,1.618890408200367,1.5903217539380075,1.618890408200367,50000000
1993-07-12,1.5950847864151,1.6141305714395715,1.590323049543366,1.6141305714395715,26540800
1993-07-13,1.576038122177124,1.599845049561091,1.5712763879617857,1.599845049561091,36476800
1993-07-14,1.604607105255127,1.6284140374087483,1.5712767027628274,1.5807995918704807,43491200
1993-07-15,1.5903221368789673,1.604606758065186,1.5760380969236476,1.604606758065186,34432000
1993-07-16,1.5450891256332397,1.5855618537076512,1.5379473923535358,1.5855618537076512,86217600
1993-07-19,1.4998555183410645,1.52842418934536,1.485570892223367,1.5141395632276624,122435200
1993-07-20,1.5331846475601196,1.5331846475601196,1.4855702175116687,1.509377723151312,74822400
1993-07-21,1.5046168565750122,1.5046168565750122,1.4617641354527016,1.495093965077702,178963200
1993-07-22,1.4784284830093384,1.5569927590847514,1.4617638619306705,1.5379469796539351,147584000
1993-07-23,1.4784284830093384,1.490332531076895,1.4617638619306705,1.4665250161728438,92790400
1993-07-26,1.4903323650360107,1.509378142344899,1.4808094763815665,1.4903323650360107,65801600
1993-07-27,1.4379559755325317,1.4998550333066727,1.4379559755325317,1.4950932990636256,112220800
1993-07-28,1.4903323650360107,1.5141392960566227,1.4236721444549014,1.4474790754755134,113459200
1993-07-29,1.5046168565750122,1.5379472674311832,1.4760481820830815,1.4855710735803918,96534400
1993-07-30,1.4093879461288452,1.4141496825083801,1.3712963800172548,1.39034216307305,287936000
1993-08-02,1.3855799436569214,1.4427172489369857,1.3760570594435775,1.4236714805102977,148208000
1993-08-03,1.3903416395187378,1.395103374105169,1.3712958636349195,1.3903416395187378,85136000
1993-08-04,1.3903416395187378,1.4046262620470782,1.3665347102794416,1.395103374105169,94416000
1993-08-05,1.4236724376678467,1.4284335923601557,1.3951037658206435,1.3998649205129525,67910400
1993-08-06,1.3951034545898438,1.4450984738613826,1.3855805660985512,1.4236721200637212,71760000
1993-08-09,1.3903416395187378,1.409387415402556,1.3760575982213508,1.395103374105169,70876800
1993-08-10,1.352250337600708,1.3951036318725991,1.3403468707817066,1.3903418964063619,192028800
1993-08-11,1.3784384727478027,1.390341939939515,1.3546309571332988,1.3570121155565045,95974400
1993-08-12,1.4093879461288452,1.4189108376567428,1.3760581163967898,1.3808192715451524,77366400
1993-08-13,1.4331954717636108,1.4427183633327008,1.3903421690871192,1.4093879522252988,61900800
1993-08-16,1.4808094501495361,1.4903323386352858,1.4379561613481704,1.4427178962065383,78451200
1993-08-17,1.471286416053772,1.4950933442965326,1.4474789065800824,1.4855704567532426,54272000
1993-08-18,1.471286416053772,1.5093779662269322,1.4570017941233724,1.480809303597062,66012800
1993-08-19,1.4141491651535034,1.48318995816496,1.4046262771094764,1.471286493417666,114742400
1993-08-20,1.4522411823272705,1.461764073420462,1.3951038357681218,1.3998649906991447,73683200
1993-08-23,1.466524600982666,1.4903321091465345,1.437955939924562,1.437955939924562,59472000
1993-08-24,1.4450994729995728,1.4665258416113722,1.4427188945385703,1.4570029465359737,39417600
1993-08-25,1.4141491651535034,1.4474789826921184,1.387961077724689,1.4284332066040641,68800000
1993-08-26,1.3736767768859863,1.4046266062036217,1.3617733093497935,1.399864870450487,136256000
1993-08-27,1.3689159154891968,1.3808193855742734,1.3570124454041201,1.3760582300327309,67763200
1993-08-30,1.383198857307434,1.3951028991049854,1.3665342450062221,1.380818281440226,54012800
1993-08-31,1.4308139085769653,1.4379562205430443,1.3998646650319704,1.40462640008636,93020800
1993-09-01,1.4617640972137451,1.4712869884619417,1.4284336872294796,1.4331954234691555,86035200
1993-09-02,1.459383249282837,1.495094244376725,1.4498603560065522,1.4712873018016523,55497600
1993-09-03,1.4427177906036377,1.4617635661810393,1.4331949028149369,1.4570018316712168,26800000
1993-09-07,1.4236724376678467,1.4522411095150498,1.4141495470521124,1.4427182188993155,38659200
1993-09-08,1.4189109802246094,1.4236727170825891,1.3951040396284025,1.4093880877398803,54777600
1993-09-09,1.4522411823272705,1.4570023372582934,1.4189107728855275,1.428433663978719,29856000
1993-09-10,1.4855709075927734,1.4903326434249697,1.4522410816918216,1.4665251267261994,56540800
1993-09-13,1.4546211957931519,1.4950933219391895,1.4522406192506603,1.4950933219391895,33481600
1993-09-14,1.4331954717636108,1.4522412549017907,1.4141496886254312,1.4474795185016582,57756800
1993-09-15,1.4570019245147705,1.4617636593280219,1.41652979414155,1.442717882536979,60428800
1993-09-16,1.4474797248840332,1.4712872478168335,1.4427185690362276,1.461764354889965,25641600
1993-09-17,1.4474797248840332,1.4570026178109017,1.433195676109359,1.4379568319571645,25286400
1993-09-20,1.440337061882019,1.4808097829660622,1.4284335939072381,1.4522411110879174,34691200
1993-09-21,1.4474797248840332,1.4736678257407363,1.4236727831824905,1.4379568319571645,57846400
1993-09-22,1.471286416053772,1.4855704567532426,1.433194865880612,1.4474789065800824,72051200
1993-09-23,1.4998555183410645,1.5093784086758297,1.4617639570020038,1.471286847336769,72214400
1993-09-24,1.5236624479293823,1.5379470739942689,1.4950937770307065,1.4950937770307065,91481600
1993-09-27,1.566515326499939,1.5712764797625363,1.5474695509876657,1.5569924387438023,73472000
1993-09-28,1.5998462438583374,1.6046079816283487,1.5665164043936264,1.5665164043936264,84012800
1993-09-29,1.5807993412017822,1.5998451163969845,1.5379466376280435,1.5950839632136502,87529600
1993-09-30,1.5712774991989136,1.5855621307163816,1.566516342847304,1.5760392367818428,38400000
1993-10-01,1.5617542266845703,1.585561746365473,1.56175422668457,1.5712771183106955,46048000
1993-10-04,1.5736571550369263,1.599845243315611,1.5712765782564035,1.5712765782564035,40505600
1993-10-05,1.5855612754821777,1.614129941876172,1.571276651669678,1.5760383866841798,86931200
1993-10-06,1.6165106296539307,1.6284140961602058,1.5807996489040594,1.585561384245197,77321600
1993-10-07,1.602225661277771,1.6331754812806223,1.5950839316441172,1.6188908595514724,41596800
1993-10-08,1.6093677282333374,1.6141294618316926,1.566515032002304,1.6046065758658148,38086400
1993-10-11,1.5998462438583374,1.6141308759370294,1.5665164043936264,1.609369138167018,36457600
1993-10-12,1.604607105255127,1.6236528834704338,1.5665155488245128,1.6046071052551267,79296000
1993-10-13,1.5855612754821777,1.604607053078174,1.5474697202901857,1.5950841642801759,62409600
1993-10-14,1.564134120941162,1.5998450942454434,1.5617535443824566,1.5950839411280322,63257600
1993-10-15,1.5379469394683838,1.5807996514524758,1.5284240500018027,1.5665156078681273,126425600
1993-10-18,1.5807993412017822,1.585561075616049,1.5379466376280435,1.5427077908113778,67750400
1993-10-19,1.5284239053726196,1.599845278998111,1.5141392819089263,1.5617537247362512,91392000
1993-10-20,1.5427088737487793,1.5569935057880493,1.5093790343760498,1.5331859794663794,81590400
1993-10-21,1.51413893699646,1.523661823392664,1.4855702778078475,1.4998548980175832,127142400
1993-10-22,1.5308048725128174,1.5379471860657268,1.5093785130852286,1.5093785130852286,47625600
1993-10-25,1.5331846475601196,1.5474692671900727,1.5046159895310491,1.5331846475601196,48553600
1993-10-26,1.51413893699646,1.5379464436024,1.5093777844137874,1.5331847097888682,66944000
1993-10-27,1.5212818384170532,1.5331853057314204,1.514139525535999,1.514139525535999,45564800
1993-10-28,1.5046168565750122,1.5331855310669429,1.4998557014419422,1.5189014844365627,56009600
1993-10-29,1.526043176651001,1.5284243353855353,1.5093785528961903,1.514139707902949,39843200
1993-11-01,1.5403274297714233,1.5522308956264492,1.5189010749861735,1.5284239639163972,30163200
1993-11-02,1.5284239053726196,1.5522308361707862,1.5141392819089263,1.5474696825035494,42422400
1993-11-03,1.4950932264328003,1.5331847736030626,1.4808091868593936,1.523661886810497,56796800
1993-11-04,1.4570019245147705,1.5046163664923775,1.4570019245147705,1.4998552129101073,63177600
1993-11-05,1.4998555183410645,1.5046166728928974,1.4474793308843064,1.4522410666672387,56432000
1993-11-08,1.4950932264328003,1.5141390000179313,1.4808091868593936,1.5046161132253657,28819200
1993-11-09,1.4903323650360107,1.5236621847110667,1.48557063009329,1.5046164074021784,36320000
1993-11-10,1.5498497486114502,1.554610900709733,1.5046158975237636,1.523661668378495,57177600
1993-11-11,1.5546118021011353,1.5712770065695052,1.542708333722787,1.5474700698128083,31158400
1993-11-12,1.5593732595443726,1.5712767257956723,1.556992682540319,1.556992682540319,34339200
1993-11-15,1.5331846475601196,1.5617533055891901,1.5331846475601196,1.5617533055891901,29244800
1993-11-16,1.566515326499939,1.5760382142560756,1.53318492873799,1.5427078164941264,47664000
1993-11-17,1.5379469394683838,1.5807996514524758,1.5379469394683838,1.5760384973347086,72217600
1993-11-18,1.5284239053726196,1.5522308361707862,1.5236621704743913,1.5379467939380844,48438400
1993-11-19,1.526043176651001,1.5284243353855353,1.514139707902949,1.5189014441408628,38403200
1993-11-22,1.466524600982666,1.5189007702046384,1.457001713963298,1.5189007702046384,80355200
1993-11-23,1.473667860031128,1.4950942243073324,1.4712872820518323,1.4808101752002867,98256000
1993-11-24,1.4998555183410645,1.5189012990105948,1.4760480018886017,1.4760480018886017,32467200
1993-11-26,1.5046168565750122,1.5093785929392525,1.4998557014419422,1.5046168565750122,6403200
1993-11-29,1.51413893699646,1.523661823392664,1.5046160506002557,1.5046160506002557,32105600
1993-11-30,1.5236624479293823,1.5331853382289409,1.4903326224964757,1.4950937770307065,44153600
1993-12-01,1.5522313117980957,1.5665159396388164,1.533185528831248,1.533185528831248,58886400
1993-12-02,1.5784190893173218,1.5807996663987134,1.5569927331226927,1.561753887285476,51936000
1993-12-03,1.6331756114959717,1.647459653133087,1.590322324122691,1.5950840588223743,114502400
1993-12-06,1.6165106296539307,1.6284140961602058,1.599845427806518,1.6188912067089767,59337600
1993-12-07,1.6284140348434448,1.6379369239360966,1.618891145750793,1.618891145750793,32780800
1993-12-08,1.5903221368789673,1.5950838710180064,1.566515209876468,1.580799249831788,105900800
1993-12-09,1.5450891256332397,1.5903230092274538,1.5331856556025154,1.5903230092274538,61465600
1993-12-10,1.5593732595443726,1.5665155717875656,1.5379469040458262,1.5474697932930728,19916800
1993-12-13,1.5498497486114502,1.5617532100879572,1.5379462871349432,1.5522303246605915,20112000
1993-12-14,1.5236624479293823,1.5522311188280582,1.509378403095593,1.5427082285284996,47414400
1993-12-15,1.5189014673233032,1.5427084051827638,1.5189014673233032,1.5236626224027296,35219200
1993-12-16,1.5236624479293823,1.5427082285284996,1.5189012933951516,1.5236624479293823,29113600
1993-12-17,1.5331846475601196,1.5331846475601196,1.518900609161002,1.5331846475601196,26112000
1993-12-20,1.5617542266845703,1.56175422668457,1.5331855518061939,1.5427084434323193,35462400
1993-12-21,1.5712774991989136,1.5712774991989138,1.552231711329836,1.561754605264375,31008000
1993-12-22,1.5450891256332397,1.5712772246858078,1.5427085478733384,1.5665160691660052,24169600
1993-12-23,1.5403274297714233,1.5665155196372915,1.5379468528466207,1.5427080066962258,31820800
1993-12-27,1.5331846475601196,1.5474692671900727,1.518900609161002,1.5379463811803824,24537600
1993-12-28,1.576038122177124,1.5807992751615543,1.533184839162712,1.533184839162712,27776000
1993-12-29,1.5522313117980957,1.5903228777317913,1.533185528831248,1.5760388311222404,48988800
1993-12-30,1.5474697351455688,1.5665155129244004,1.5379468462561532,1.5569926240349847,25328000
1993-12-31,1.5355662107467651,1.5522314172830665,1.5284244775722438,1.5427085251524955,22995200
1994-01-03,1.526043176651001,1.537947226630208,1.5093785528961903,1.5331854903922941,36646400
1994-01-04,1.5331846475601196,1.5379463811803824,1.509377723151312,1.5284234951706923,45302400
1994-01-05,1.566515326499939,1.5712764797625363,1.5236620409818533,1.5284237754753927,53974400
1994-01-06,1.6117480993270874,1.6141292564386864,1.571275984429768,1.573656560310608,82006400
1994-01-07,1.6236525774002075,1.633175464712728,1.5855610281501253,1.6046068027751663,70832000
1994-01-10,1.6331756114959717,1.647459653133087,1.618890988627889,1.618890988627889,74185600
1994-01-11,1.6236525774002075,1.6379366177535308,1.6069873792955678,1.6188908431284896,35360000
1994-01-12,1.6284140348434448,1.6331757700052827,1.5950842136346757,1.618891145750793,39488000
1994-01-13,1.6260337829589844,1.6284143604003225,1.5998456874108433,1.614130314521153,40755200
1994-01-14,1.6307942867279053,1.6379365974314088,1.614129670060941,1.6284137102370402,45216000
1994-01-17,1.6141307353973389,1.6379376784805382,1.6093689980419241,1.6236536288768768,30755200
1994-01-18,1.6117480993270874,1.6284132929544868,1.5998446386921272,1.6236521411928062,43686400
1994-01-19,1.5855612754821777,1.604607053078174,1.571276651669678,1.5950841642801759,76563200
1994-01-20,1.6426994800567627,1.6450800582118923,1.5855621169457677,1.5855621169457677,145004800
1994-01-21,1.6426994800567627,1.6569835302188543,1.6188919548115244,1.6426994800567627,99078400
1994-01-24,1.6236525774002075,1.6569823923785718,1.6188908431284896,1.6379366177535308,38374400
1994-01-25,1.6212716102600098,1.6260333450915596,1.5998452565954946,1.6236527682912765,70361600
1994-01-26,1.604607105255127,1.6188911483010948,1.5998453700857878,1.6188911483010948,50489600
1994-01-27,1.604607105255127,1.6141299943627803,1.58556132703982,1.5998453700857878,51129600
1994-01-28,1.6165106296539307,1.6284140961602058,1.6046071631476555,1.6093683172577473,41875200
1994-01-31,1.6212716102600098,1.6355562335236755,1.6141298798591603,1.6236527682912765,62566400
1994-02-01,1.6212716102600098,1.6331756567233924,1.6093681450276107,1.6188910334597266,44003200
1994-02-02,1.5998462438583374,1.628414926784379,1.5998462438583374,1.6141308759370294,40924800
1994-02-03,1.6093677282333374,1.6093677282333374,1.5903219563015818,1.6046065758658148,31792000
1994-02-04,1.5474697351455688,1.6093682223112658,1.5474697351455688,1.59984533342185,78217600
1994-02-07,1.5379469394683838,1.5474698289349649,1.5141394251864075,1.5189011605352214,118851200
1994-02-08,1.4998555183410645,1.533185343897193,1.485570892223367,1.533185343897193,149875200
1994-02-09,1.5165202617645264,1.528424311558155,1.4855710110096125,1.495093902105828,98585600
1994-02-10,1.5117591619491577,1.5379472587263274,1.5046168480588082,1.5189014758395072,66620800
1994-02-11,1.4998555183410645,1.5141395632276624,1.485570892223367,1.5093784086758297,53747200
1994-02-14,1.506996989250183,1.5141393010724253,1.4998552586589398,1.5046164123864352,55270400
1994-02-15,1.5189014673233032,1.5284243587133202,1.509378575933286,1.5189014673233032,28876800
1994-02-16,1.4998555183410645,1.52842418934536,1.4998555183410645,1.52842418934536,43731200
1994-02-17,1.4974740743637085,1.514139274580359,1.4855706090222391,1.5046163860609858,85017600
1994-02-18,1.5236624479293823,1.5379470739942689,1.4950937770307065,1.4950937770307065,79465600
1994-02-22,1.51413893699646,1.5284235572061957,1.4950931642040517,1.523661823392664,63235200
1994-02-23,1.5427088737487793,1.561754662313579,1.4903332458112502,1.5189019286584498,139462400
1994-02-24,1.5212818384170532,1.5379470413958183,1.5093783711026862,1.5236624156337097,82553600
1994-02-25,1.5427088737487793,1.5474706115056494,1.5189019286584498,1.5284248229408497,52995200
1994-02-28,1.5712774991989136,1.5808003931334527,1.5427088173952972,1.5474705549782262,55494400
1994-03-01,1.5855612754821777,1.585561275482178,1.5665154978861817,1.580799540467676,48070400
1994-03-02,1.576038122177124,1.5807992751615543,1.5427077263624807,1.5569923477775873,68499200
1994-03-03,1.5427088737487793,1.585562188635249,1.5331859794663794,1.5808004508783786,31564800
1994-03-04,1.5427088737487793,1.552231768031179,1.5331859794663794,1.542708873748779,25705600
1994-03-07,1.5474697351455688,1.5665155129244004,1.5379468462561532,1.5474697351455688,30540800
1994-03-08,1.5427088737487793,1.5474706115056494,1.5189019286584498,1.5474706115056494,24723200
1994-03-09,1.5403274297714233,1.556992630707068,1.5236622288357784,1.5474697417768444,37024000
1994-03-10,1.5403274297714233,1.5665155196372915,1.533185117766002,1.5522308956264492,46588800
1994-03-11,1.556992769241333,1.5665156590188607,1.5379469896862774,1.5427081439595085,34857600
1994-03-14,1.5974644422531128,1.604606752822888,1.5665152047586166,1.5712763576512019,69203200
1994-03-15,1.6165106296539307,1.623652942050114,1.5903225383552888,1.599845427806518,62934400
1994-03-16,1.6141307353973389,1.6236536288768768,1.6093689980419241,1.618891891521462,41286400
1994-03-17,1.6093677282333374,1.6236523477975704,1.6093677282333374,1.6141294618316926,30992000
1994-03-18,1.6141307353973389,1.618891891521462,1.590323211082848,1.6093689980419241,36857600
1994-03-21,1.5855612754821777,1.6260334075659182,1.580799540467676,1.6188910956596683,65078400
1994-03-22,1.6141307353973389,1.633176522356415,1.566516267999649,1.566516267999649,89024000
1994-03-23,1.6426994800567627,1.6665064240706868,1.6188919548115244,1.6236536923530978,116441600
1994-03-24,1.6617456674575806,1.6617456674575806,1.6188923442012326,1.6331769790305,60166400
1994-03-25,1.6665061712265015,1.6998365852666444,1.656983278819493,1.656983278819493,102051200
1994-03-28,1.6450800895690918,1.676029349869649,1.5950850412018343,1.6665064558362985,118403200
1994-03-29,1.5712774991989136,1.6474606506752247,1.5712774991989138,1.6474606506752247,78339200
1994-03-30,1.592703104019165,1.6188911951305072,1.571276748214904,1.576038483521985,86860800
1994-03-31,1.6141307353973389,1.633176522356415,1.5712774241237721,1.590323211082848,72297600
1994-04-04,1.6093677282333374,1.633175233763448,1.5617532984039486,1.5712761843698264,73996800
1994-04-05,1.6712675094604492,1.6712675094604492,1.6188913230976294,1.623653058781107,101878400
1994-04-06,1.6950739622116089,1.6998356965411474,1.661744146828527,1.6665052999271435,80780800
1994-04-07,1.7093583345413208,1.716500063147131,1.690312562464152,1.6998354485027363,76630400
1994-04-08,1.656982660293579,1.7141199934071507,1.6522215064829526,1.7093588395965242,118710400
1994-04-11,1.656982660293579,1.6617443953352147,1.6379368825890552,1.656982660293579,40400000
1994-04-12,1.6141307353973389,1.6522223093154909,1.5998461045623862,1.6522223093154909,84969600
1994-04-13,1.6165106296539307,1.6284140961602058,1.5807996489040594,1.6141300525988849,69644800
1994-04-14,1.602225661277771,1.623652593871496,1.5950839316441172,1.6093679721423462,53088000
1994-04-15,1.6165106296539307,1.623652942050114,1.5903225383552888,1.5903225383552888,35241600
1994-04-18,1.5807993412017822,1.6331755136040544,1.5665153004208467,1.6141297384088522,78006400
1994-04-19,1.6784090995788574,1.7045971905515147,1.6331758111718586,1.6569827438880647,291273600
1994-04-20,1.7045971155166626,1.7069776924372848,1.6569826709491582,1.685551337689661,104732800
1994-04-21,1.7426886558532715,1.747450390883675,1.6998359467346784,1.704597100534074,141980800
1994-04-22,1.7474510669708252,1.7664968519992197,1.7284052819424305,1.7522122226123076,66060800
1994-04-25,1.7855420112609863,1.7950649004377623,1.7426887193499807,1.7522116085267565,142745600
1994-04-26,1.8081588745117188,1.8141108260380656,1.7903033105482162,1.7998262004979406,113193600
1994-04-28,1.7545918226242065,1.814110303592569,1.7474500931419663,1.814110303592569,141382400
1994-04-29,1.7617340087890625,1.7807797818570525,1.737927083069509,1.7522111222550676,56803200
1994-05-02,1.8188713788986206,1.8200615944409642,1.7522111712950064,1.7664957921112228,79260800
1994-05-03,1.7807801961898804,1.8188717511885946,1.7760190424305426,1.8141105974292566,41929600
1994-05-04,1.8117297887802124,1.814110947350182,1.7664964944175146,1.7855422755905814,68889600
1994-05-05,1.7974456548690796,1.8331566381151554,1.7903033419736474,1.8141108578813931,56374400
1994-05-06,1.7617340087890625,1.7950644022734785,1.730784772861296,1.7760186292054887,96403200
1994-05-09,1.7569730281829834,1.7831605327926394,1.7450689829266768,1.7474501407164929,47600000
1994-05-10,1.7903028726577759,1.7998257602782959,1.7664959442219426,1.7712570974167356,65305600
1994-05-11,1.7807801961898804,1.7950648199298995,1.766496153680864,1.790303084939559,57433600
1994-05-12,1.7998262643814087,1.815003225469708,1.7760193292776263,1.7807804838059442,58998400
1994-05-13,1.8379179239273071,1.8569637055224089,1.799826360737104,1.8569637055224089,179920000
1994-05-16,1.809349536895752,1.8426799505594413,1.8045883813616361,1.83315705825999,56633600
1994-05-17,1.8022067546844482,1.814110802893035,1.7807803978787016,1.8093490673633865,122464000
1994-05-18,1.8486311435699463,1.8569638188340436,1.8045882068671266,1.8141110982457627,96953600
1994-05-19,1.8736273050308228,1.8855307630250913,1.847439232458928,1.8522009643950132,89651200
1994-05-20,1.8617254495620728,1.8902941220778762,1.8522025587234718,1.8664866043658084,78140800
1994-05-23,1.9260038137435913,1.9426690118490446,1.8474401387191897,1.8664859133451606,74947200
1994-05-24,1.947432041168213,1.976000722105414,1.9141016227924936,1.9521931973754287,85144000
1994-05-25,1.9998070001602173,2.0093298906371704,1.9141009858676366,1.9426696572984967,86003200
1994-05-26,1.9807612895965576,2.0093299620426617,1.9521926171504536,2.0093299620426617,64296000
1994-05-27,1.9950459003448486,2.009329945837133,1.9521926014057458,1.971238382882875,47544000
1994-05-31,2.0474209785461426,2.0480164496786486,1.9759996071193222,1.9902836489122968,76000000
1994-06-01,2.018852472305298,2.037898250345914,1.9950455403700373,2.037898250345914,100764800
1994-06-02,1.990283727645874,2.0331370171819776,1.9807608389968507,2.0283752822419676,60291200
1994-06-03,2.0140914916992188,2.037898425682782,1.9902839764845863,1.9998068663242254,86841600
1994-06-06,2.0759899616241455,2.0807516971057876,1.9712381745697163,2.0045685792480206,764504000
1994-06-07,2.0426602363586426,2.0664671712179583,2.037898500648125,2.056944281028014,166171200
1994-06-08,1.9807612895965576,2.0426603705120145,1.96647724398907,2.0426603705120145,203835200
1994-06-09,1.990283727645874,2.002187193149404,1.9712379503478275,1.9759996852878374,79356800
1994-06-10,2.002187490463257,2.018852693381488,1.9759999787129885,1.9902840231921275,53726400
1994-06-13,2.0140914916992188,2.033137271378497,1.975999932340662,2.00456860185958,56628800
1994-06-14,2.0402793884277344,2.0617063305397063,2.018853027546941,2.023614763982217,59249600
1994-06-15,2.066467523574829,2.0807521519109873,2.028375956319994,2.042660584656152,58860800
1994-06-16,2.0402793884277344,2.0664674857438032,2.037898810825686,2.0664674857438032,48478400
1994-06-17,2.018852472305298,2.0426599854715777,2.0140913184106535,2.037898250345914,47622400
1994-06-20,2.037898302078247,2.037898302078247,1.9950455910145486,1.9998067450300554,45668800
1994-06-21,2.0045688152313232,2.033137487791168,1.980761297482554,1.9855230335247602,86995200
1994-06-22,1.9617148637771606,2.0188521899065925,1.952191976088922,2.009329302218354,82924800
1994-06-23,1.9093390703201294,1.9902833165001519,1.9045773363637817,1.961714656454695,85979200
1994-06-24,1.8855315446853638,1.9188619383634193,1.8760086580960438,1.904577317864004,81454400
1994-06-27,1.975999116897583,1.9855220028073768,1.8807702577996472,1.895054296048923,76161600
1994-06-28,1.9545730352401733,2.009329798273404,1.9117203206792672,1.9807611281557724,99417600
1994-06-29,1.9569544792175293,1.9760002620749693,1.9379086963600896,1.9569544792175295,53435200
1994-06-30,1.9664777517318726,1.9855235382802137,1.9426702279308063,1.9712389077533183,40827200
1994-07-01,1.9141006469726562,1.9712379797181088,1.8992211332368614,1.966476825938157,66622400
1994-07-05,1.8712486028671265,1.9426700035588307,1.8664868661643668,1.9188630637386666,40430400
1994-07-06,1.840297818183899,1.866485903463694,1.8188714671508448,1.8498207054464688,89254400
1994-07-07,1.9188625812530518,1.9236237355274384,1.8260142605918572,1.847440617288728,89667200
1994-07-08,1.8855315446853638,1.9379077115420593,1.8712475054168192,1.8998161651847794,48945600
1994-07-11,1.8426791429519653,1.890293583580815,1.8188716320220581,1.890293583580815,85406400
1994-07-12,1.8283953666687012,1.837918259203434,1.7855426408780204,1.837918259203434,83752000
1994-07-13,1.8855315446853638,1.8855315446853638,1.8236330724702192,1.8379171117387638,82956800
1994-07-14,1.8569642305374146,1.8902946483678347,1.8426801809181574,1.8807717548778993,81446400
1994-07-15,1.8522021770477295,1.8807708436765043,1.8283946642415787,1.8569633308703535,45520000
1994-07-18,1.9236246347427368,1.9712391058997352,1.8855330578171379,1.9617162116683353,150499200
1994-07-19,1.9093390703201294,1.9283848436837672,1.8902932969564916,1.9283848436837672,70126400
1994-07-20,1.8426791429519653,1.9045776251539877,1.8236333667004254,1.9045776251539877,112604800
1994-07-21,1.8188713788986206,1.8617246601163862,1.8093484920981042,1.8522017733158698,85740800
1994-07-22,1.9260038137435913,1.9331461245360593,1.799825702154262,1.8474401387191897,152916800
1994-07-25,1.949811577796936,1.9664767780832237,1.9141006003923164,1.9283852238465606,51513600
1994-07-26,1.9188625812530518,1.9521924048669548,1.895055066187922,1.9474312505925684,54308800
1994-07-27,1.8855315446853638,1.9188619383634193,1.8855315446853638,1.9188619383634193,29291200
1994-07-28,1.8855315446853638,1.914100204453324,1.8760086580960438,1.8855315446853638,39899200
1994-07-29,1.9617148637771606,1.966476598236749,1.8902934967308398,1.8998163844190785,67064000
1994-08-01,2.0331380367279053,2.0426609301523184,1.9617160454291607,1.9664777827570115,83934400
1994-08-02,2.0117106437683105,2.0807520416836405,2.004568911209753,2.047421631485735,95249600
1994-08-03,2.0331380367279053,2.0569449796732946,2.0236151433034917,2.0474220862488814,58771200
1994-08-04,2.0093300342559814,2.042660443923196,2.0093300342559814,2.0378987077288153,40192000
1994-08-05,1.9998070001602173,2.014091626491201,1.9902841096832637,2.004568736014248,31204800
1994-08-08,2.018852472305298,2.018852472305298,1.9807609162240658,1.9950455403700373,34537600
1994-08-09,2.037898302078247,2.052182926586836,2.0093296342921034,2.018852523554151,40198400
1994-08-10,2.061706066131592,2.0712289565496795,2.0283756590527315,2.0378985494708197,48646400
1994-08-11,2.104557514190674,2.1331261682294613,2.052181939068274,2.052181939068274,81428800
1994-08-12,2.104557514190674,2.1188421318254447,2.090273477786657,2.109319247145849,38088000
1994-08-15,2.0736095905303955,2.114081730605835,2.0712290131685744,2.114081730605835,36113600
1994-08-16,2.0902750492095947,2.099797941048292,2.0569446371585594,2.0902750492095947,56779200
1994-08-17,2.1283657550811768,2.1426497964419786,2.0997970911286172,2.1093199791128034,79790400
1994-08-18,2.1140801906585693,2.1474105743698866,2.1093190394030654,2.128364806886476,61276800
1994-08-19,2.0902750492095947,2.1331277718681356,2.0855133126746503,2.128366616564383,74761600
1994-08-22,2.080751657485962,2.0950357011967777,2.0759899220949887,2.0950357011967777,62835200
1994-08-23,2.1140801906585693,2.1474105743698866,2.075988655691748,2.0807503881779494,58363200
1994-08-24,2.1236042976379395,2.1331271868650155,2.1140814084108634,2.1140814084108634,35246400
1994-08-25,2.140270233154297,2.161696595956187,2.1236050259833905,2.128366762845606,55174400
1994-08-26,2.1664586067199707,2.1997884440443847,2.1426510818614135,2.147412819325647,60961600
1994-08-29,2.1735994815826416,2.2140721997152983,2.171218904407507,2.1855035299204624,56625600
1994-08-30,2.223595380783081,2.2283565357567294,2.156935142533948,2.171219188686044,39851200
1994-08-31,2.2140722274780273,2.2569249420920827,2.199787601785954,2.2235951175290487,60968000
1994-09-01,2.1378884315490723,2.171218245580695,2.123603810370592,2.171218245580695,115568000
1994-09-02,2.133126735687256,2.1521725101130347,2.1236038484743665,2.1521725101130347,46964800
1994-09-06,2.133126735687256,2.1426496229001453,2.121223271978871,2.1283655826962655,28804800
1994-09-07,2.1664586067199707,2.2021690221608488,2.137889925628485,2.1426510818614135,43588800
1994-09-08,2.20693039894104,2.2093109766684407,2.1712194081051917,2.1712194081051917,28377600
1994-09-09,2.1664586067199707,2.2045501815086177,2.1283670319313233,2.137889925628485,60800000
1994-09-12,2.1378884315490723,2.175979979717155,2.1283655445070515,2.175979979717155,36238400
1994-09-13,2.1926465034484863,2.20455055852924,2.1474131865746773,2.1474131865746773,41134400
1994-09-14,2.195026159286499,2.2140719368888506,2.190264424270408,2.199787313071584,29968000
1994-09-15,2.2188334465026855,2.2188334465026855,2.1855036209690533,2.195026511297391,40640000
1994-09-16,2.1664586067199707,2.21407307520578,2.1616968692557372,2.2093113377415463,52921600
1994-09-19,2.1664586067199707,2.180742656650061,2.1569357130228086,2.1759815004171323,48350400
1994-09-20,2.133126735687256,2.175980018760713,2.1307461591917605,2.1664571315478236,40276800
1994-09-21,2.180741548538208,2.1855032835828356,2.0950355488139993,2.1450305700120356,82948800
1994-09-22,2.1712183952331543,2.1902641706299364,2.156934354301037,2.1807412829315456,44320000
1994-09-23,2.133126735687256,2.190264058964593,2.133126735687256,2.1664571315478236,48371200
1994-09-26,2.116462230682373,2.1331274340688102,2.104558763076817,2.1331274340688102,29921600
1994-09-27,2.152172565460205,2.152172565460205,2.090274087600042,2.114081015629051,50585600
1994-09-28,2.1712183952331543,2.1902641706299364,2.152172619836372,2.156934354301037,33355200
1994-09-29,2.152172565460205,2.1807412278335705,2.1474114123467727,2.16645718726235,27105600
1994-09-30,2.1378884315490723,2.1902640196647365,2.1378884315490723,2.152172471496654,34608000
1994-10-03,2.1283657550811768,2.14741153104955,2.114081132489419,2.1378886430653634,28833600
1994-10-04,2.0950355529785156,2.1378888435413086,2.090274399155433,2.1331271084872157,42622400
1994-10-05,2.1140801906585693,2.128364806886476,2.061704620694539,2.0902732719196546,50985600
1994-10-06,2.0759899616241455,2.1283661457668916,2.0664670718919247,2.114081520553029,40790400
1994-10-07,2.071228504180908,2.0902742808573715,2.0521827275044444,2.08075139251914,51518400
1994-10-10,2.0855140686035156,2.1093215974452844,2.071230016283576,2.071230016283576,39480000
1994-10-11,2.1259849071502686,2.156934733534864,2.09979739729859,2.09979739729859,55692800
1994-10-12,2.142651081085205,2.152173974778917,2.123605293697781,2.1283670311602894,27912000
1994-10-13,2.180741548538208,2.199787326254699,2.1569346170080994,2.1569346170080994,63033600
1994-10-14,2.130746603012085,2.185503361199395,2.102177935422753,2.1807416259856582,99878400
1994-10-17,2.099797248840332,2.142649957372278,2.095035513875116,2.133127068672845,31160000
1994-10-18,2.156934976577759,2.16169613118508,2.0974164753684965,2.1045587885105848,52686400
1994-10-19,2.195026159286499,2.2093102018727597,2.14264998026453,2.1569346040817963,59488000
1994-10-20,2.271209478378296,2.28073236805445,2.204549250645217,2.2188332945439186,136558400
1994-10-21,2.2616868019104004,2.2712096924842733,2.2235952396149083,2.256925066007907,67099200
1994-10-24,2.2426412105560303,2.2664481483899226,2.223595427796451,2.2664481483899226,57145600
1994-10-25,2.2735908031463623,2.275971381040475,2.2235957612137462,2.237879809809672,44780800
1994-10-26,2.323585033416748,2.32834676877288,2.275970586010667,2.280732321366799,97904000
1994-10-27,2.3473925590515137,2.3473925590515137,2.314062155091056,2.3283467799972666,41238400
1994-10-28,2.366438865661621,2.3759617573117056,2.3378701907113673,2.3473930823614517,58414400
1994-10-31,2.399768352508545,2.428337023371742,2.3616767913576155,2.371199681645348,59932800
1994-11-01,2.3902456760406494,2.395007412226026,2.3664387388072132,2.3902456760406494,39624000
1994-11-02,2.399768352508545,2.442621649418889,2.3807225719330805,2.390245462220813,61408000
1994-11-03,2.385484457015991,2.40929139361001,2.3759615661321574,2.3997685027261757,63441600
1994-11-04,2.3426313400268555,2.4045304262122595,2.3354890259994665,2.3854846429600087,46947200
1994-11-07,2.3569154739379883,2.361676628137253,2.3188239154196455,2.3426308488780814,47094400
1994-11-08,2.423576593399048,2.4330994865337567,2.3497740262972364,2.3569163414560856,43328000
1994-11-09,2.4283368587493896,2.461667263112459,2.4045299252595322,2.447382638033699,60206400
1994-11-10,2.4259564876556396,2.4521445817031875,2.418814174509744,2.418814174509744,24689600
1994-11-11,2.371198892593384,2.3878640903590953,2.31406156988029,2.371198892593384,132899200
1994-11-14,2.4569053649902344,2.4569053649902344,2.3902451419091038,2.3902451419091038,48934400
1994-11-15,2.4592864513397217,2.4807135385511447,2.4473831275218365,2.456906019068614,52544000
1994-11-16,2.4616663455963135,2.471189231689083,2.4569046119345086,2.466427498027278,30196800
1994-11-17,2.447382688522339,2.4664284681995556,2.433098644379961,2.461667313895786,33232000
1994-11-18,2.4426205158233643,2.4664274398785935,2.437858782273822,2.4426205158233643,25694400
1994-11-21,2.418813705444336,2.4664281484648938,2.414052551757777,2.4569052598607826,35560000
1994-11-22,2.3616764545440674,2.433098412131673,2.3569153006947676,2.409290899192133,56358400
1994-11-23,2.3426313400268555,2.3640577008778427,2.325966134373341,2.347393076455507,87507200
1994-11-25,2.371198892593384,2.37596062676826,2.3473919654117132,2.352153118355686,12563200
1994-11-28,2.414052724838257,2.4188138788661764,2.3711994324318026,2.3807223217186775,43449600
1994-11-29,2.4426205158233643,2.4521434016916213,2.4188130105373076,2.42357474408685,37673600
1994-11-30,2.395007371902466,2.4473829816728925,2.3902456357972603,2.4473829816728925,40934400
1994-12-01,2.383103132247925,2.4152433226637537,2.3807225550006974,2.385484290726245,43096000
1994-12-02,2.4092917442321777,2.4092917442321777,2.361677282883716,2.390245959692793,37715200
1994-12-05,2.4116716384887695,2.4473826196869055,2.4045299072339845,2.4140527968047505,38166400
1994-12-06,2.414052724838257,2.442621392698881,2.3997681002924267,2.4092909895793015,38830400
1994-12-07,2.399768352508545,2.4330987591311564,2.399768352508545,2.41881413308401,36744000
1994-12-08,2.380722761154175,2.4283372163772583,2.371199870109558,2.404530279381288,41934400
1994-12-09,2.404529333114624,2.4092904861476803,2.3711989369595745,2.380721824256601,79956800
1994-12-12,2.404529333114624,2.418813373444707,2.3473920093324656,2.404529333114624,65313600
1994-12-13,2.3902456760406494,2.418814349459462,2.371199893761441,2.414053194505234,30219200
1994-12-14,2.4092917442321777,2.4235763732523252,2.3807230674231006,2.3807230674231006,33641600
1994-12-15,2.418813705444336,2.442621217570112,2.399767928236113,2.414052551757777,28854400
1994-12-16,2.414052724838257,2.4473825467268004,2.4075053025302537,2.4235756141251312,54020800
1994-12-19,2.385484457015991,2.4235760205513275,2.3807227209585076,2.4140531296674936,31507200
1994-12-20,2.2807328701019287,2.3902458348687685,2.2378795665106,2.3854846795981697,253456000
1994-12-21,2.3426313400268555,2.347393076455507,2.2902557266987547,2.295016881896228,69395200
1994-12-22,2.309300422668457,2.361676011336681,2.2950158013392747,2.342630237051708,57355200
1994-12-23,2.318824529647827,2.3378703139519934,2.2997787453436613,2.3093016374957442,19486400
1994-12-27,2.3140618801116943,2.3473922801115097,2.3093007265294245,2.323584768507216,20566400
1994-12-28,2.323585033416748,2.323585033416748,2.2854934754918834,2.3140621439355322,34961600
1994-12-29,2.35453462600708,2.356915784651678,2.3093013302267065,2.3188242211117007,23446400
1994-12-30,2.3283467292785645,2.3569153972376204,2.3283467292785645,2.3569153972376204,20686400
1995-01-03,2.292635917663574,2.3426309449616936,2.2902553404663015,2.3426309449616936,39545600
1995-01-04,2.309300422668457,2.314061575624248,2.266447139911815,2.2950158013392747,51611200
1995-01-05,2.271209478378296,2.3235850809816143,2.261686588702142,2.318823926759067,39824000
1995-01-06,2.309300422668457,2.333107349909221,2.2759700270543015,2.280731761240997,46681600
1995-01-09,2.295016288757324,2.3235849562522284,2.275970510427388,2.3188238022852588,46000000
1995-01-10,2.323585033416748,2.3426308123791806,2.304539254454316,2.3093009898104477,42184000
1995-01-11,2.3378689289093018,2.3521529680594115,2.3140614220179634,2.3283460423989397,31512000
1995-01-12,2.3331077098846436,2.36643811064135,2.3235848212728696,2.3331077098846436,26996800
1995-01-13,2.3902456760406494,2.3997685671802538,2.3569158476676093,2.3616770026218368,41307200
1995-01-16,2.4426205158233643,2.4569045540103365,2.3997672388007936,2.4092901246690506,74648000
1995-01-17,2.4616663455963135,2.4807121177818523,2.452143459503544,2.466427498027278,73932800
1995-01-18,2.4783308506011963,2.4854733058887146,2.44738176097088,2.4711892671599514,50504000
1995-01-19,2.418813705444336,2.4759510370690054,2.4164331286010565,2.4569052598607826,67108800
1995-01-20,2.3473925590515137,2.418813939889416,2.3331079341453034,2.3950070066871323,82388800
1995-01-23,2.392625570297241,2.3997678819202255,2.304538997717042,2.3235847745576788,53843200
1995-01-24,2.362272024154663,2.404529845540725,2.361676552956242,2.399768110261988,36739200
1995-01-25,2.3521533012390137,2.371199076957548,2.323584637661212,2.3473921479248543,52459200
1995-01-26,2.2807328701019287,2.32358559246207,2.2759711336001422,2.318824437191471,80836800
1995-01-27,2.2807328701019287,2.2950169171449133,2.2759711336001422,2.290255761874314,58376000
1995-01-30,2.247401714324951,2.290255003730543,2.242640560630438,2.290255003730543,55164800
1995-01-31,2.2616868019104004,2.275970847155653,2.218833503712415,2.2521639113365275,59945600
1995-02-01,2.2521636486053467,2.3140621394990575,2.2468064420513856,2.2616865380683056,66705600
1995-02-02,2.247401714324951,2.26168633787048,2.223594783390396,2.23787882570493,46312000
1995-02-03,2.290255546569824,2.3045395922699807,2.256925137884237,2.266448028761386,60332800
1995-02-06,2.318824529647827,2.3283474217999105,2.290255853191578,2.290255853191578,48345600
1995-02-07,2.323585033416748,2.32834676877288,2.3093009898104477,2.3140621439355322,33152000
1995-02-08,2.3569154739379883,2.361676628137253,2.32358506961891,2.333107959248496,49150400
1995-02-09,2.3569154739379883,2.380722407396424,2.3521537385076674,2.366438363567574,42398400
1995-02-10,2.3616764545440674,2.3854839674836072,2.342630676684841,2.3616764545440674,49862400
1995-02-13,2.3616764545440674,2.390245121332907,2.3473924117651546,2.3616764545440674,38160000
1995-02-14,2.3569154739379883,2.3711995177668386,2.3426308488780814,2.366438363567574,31121600
1995-02-15,2.3140618801116943,2.3378693917159885,2.271209172947339,2.2902549497383817,147001600
1995-02-16,2.318824529647827,2.3283474217999105,2.2950170086520143,2.318824529647827,56744000
1995-02-17,2.2997777462005615,2.3188235222302516,2.29501601157766,2.31406178760735,37824000
1995-02-21,2.275969982147217,2.3140615299655805,2.266447095192626,2.3045386430109898,55392000
1995-02-22,2.3426313400268555,2.3616771232791063,2.271209943446504,2.275971098643977,60902400
1995-02-23,2.3473925590515137,2.366438338105761,2.3235850446181794,2.3331079341453034,59939200
1995-02-24,2.3331077098846436,2.356915222029576,2.3331077098846436,2.3378694448060275,34177600
1995-02-27,2.3521533012390137,2.361676189098281,2.32834637220632,2.3378692600655873,28592000
1995-02-28,2.399768352508545,2.4092912427962774,2.3521539010698835,2.356915636829298,52544000
1995-03-01,2.4092917442321777,2.437860421041255,2.390245959692793,2.4045305887129405,52032000
1995-03-02,2.4283368587493896,2.4283368587493896,2.4045299252595322,2.409291079465081,26038400
1995-03-03,2.423576593399048,2.4330994865337567,2.40453080712963,2.423576593399048,31776000
1995-03-06,2.449763059616089,2.4521443632477573,2.395007025633026,2.4092910694211813,45156800
1995-03-07,2.489044427871704,2.514637769240112,2.4473820857052204,2.4521438200671914,91750400
1995-03-08,2.6092724800109863,2.614034216758002,2.5045206651200345,2.5045206651200345,140096000
1995-03-09,2.5854644775390625,2.618794296147266,2.547372924140557,2.6092714077976398,58238400
1995-03-10,2.6116528511047363,2.6187953107496558,2.5330892823978486,2.5854654792284437,44324800
1995-03-13,2.62831711769104,2.654505350602357,2.5997484533683117,2.614033076145158,34550400
1995-03-14,2.733069896697998,2.7425927883241235,2.6378409804367435,2.6426027168653956,78643200
1995-03-15,2.6854562759399414,2.7378324868310457,2.6806951192578556,2.7330707489176,57294400
1995-03-16,2.6711714267730713,2.6854554737839886,2.652125643271057,2.6664096902819745,47510400
1995-03-17,2.6640281677246094,2.7330688140494077,2.661647445761152,2.6854543747802544,59868800
1995-03-20,2.709263324737549,2.723547373493389,2.666410016007514,2.6711717530802983,37772800
1995-03-21,2.683075428009033,2.7235474331659693,2.6806947047282934,2.7140245400430114,74772800
1995-03-22,2.702120780944824,2.7045012132282045,2.66164849166236,2.685455430036457,52464000
1995-03-23,2.7711594104766846,2.790205179620854,2.7140221030441753,2.7187838359455916,105286400
1995-03-24,2.8140134811401367,2.823536368417716,2.785444819307399,2.790205972330732,65683200
1995-03-27,2.7806832790374756,2.8140136774496343,2.7663992377400883,2.7711603910955662,61008000
1995-03-28,2.804490804672241,2.8187748460468653,2.7759221406920367,2.7759221406920367,47603200
1995-03-29,2.7521159648895264,2.818776213174048,2.7449735048148516,2.8044921648715557,65763200
1995-03-30,2.747354030609131,2.7711609647769007,2.680693801215872,2.761638074863578,75011200
1995-03-31,2.709263324737549,2.747354896394799,2.685455801836139,2.733070266407702,63080000
1995-04-03,2.666409492492676,2.718785683853639,2.6473637104034426,2.7045010566711425,65617600
1995-04-04,2.661648988723755,2.7235475050408593,2.656887251420978,2.6759330381695157,66689600
1995-04-05,2.6902170181274414,2.6902170181274414,2.6187950444805805,2.661648344914926,65792000
1995-04-06,2.666409492492676,2.699739901764406,2.6449832782578597,2.690217010719789,35414400
1995-04-07,2.6521248817443848,2.694977591703669,2.647363146620565,2.6759318136704273,43148800
1995-04-10,2.702120780944824,2.7140241048240785,2.642602708470612,2.647363863652961,43169600
1995-04-11,2.747354030609131,2.747948920613177,2.70926247095584,2.7283082507824856,43624000
1995-04-12,2.7283084392547607,2.790206937351786,2.694978031640121,2.747354220397094,40430400
1995-04-13,2.7616376876831055,2.761637687683106,2.709262091118405,2.733069021948453,32814400
1995-04-17,2.947335720062256,2.975904399507619,2.875913730833213,2.875913730833213,187913600
1995-04-18,2.923527240753174,2.9520959108582536,2.894958570648094,2.947334756456281,75609600
1995-04-19,2.8997199535369873,2.933049773989545,2.8759124407300085,2.918765731290166,59163200
1995-04-20,2.8663902282714844,2.928289311191924,2.818775772652357,2.9140046838906124,83913600
1995-04-21,2.8568670749664307,2.8901974814565863,2.852105920457034,2.880674591206698,53555200
1995-04-24,2.9616189002990723,2.962214371561789,2.861628842190699,2.8711517325453584,68089600
1995-04-25,3.0473248958587646,3.0520866316240927,2.9568577286285063,2.9568577286285063,69371200
1995-04-26,3.033041000366211,3.0568479366717676,3.013995218829315,3.0378021551348717,44305600
1995-04-27,2.994948625564575,3.0663699963548723,2.9092426318776377,3.0330401783143253,128844800
1995-04-28,3.1139848232269287,3.1282694478939486,2.9949489967466185,3.0044718861142847,92104000
1995-05-01,3.1282689571380615,3.190167437701877,3.1139843347119815,3.1187460692643247,65550400
1995-05-02,3.0306591987609863,3.133030548326375,3.0282787670753417,3.1282693943395707,78099200
1995-05-03,3.0806548595428467,3.0854160133924515,3.0568473466017805,3.0568473466017805,61566400
1995-05-04,3.1044626235961914,3.171122863980159,3.085416840629344,3.1044626235961914,66524800
1995-05-05,3.0473248958587646,3.1092239734214444,3.042563741324534,3.099701083121886,43707200
1995-05-08,3.0425636768341064,3.0616094570295282,3.0139950065409744,3.042563676834107,43988800
1995-05-09,3.04018235206604,3.061609435868878,3.0139949857094175,3.0473248102054997,36748800
1995-05-10,3.018756151199341,3.0616094471158193,3.00447210671457,3.0520865570489444,38688000
1995-05-11,3.0996994972229004,3.104460649321183,3.009231795047527,3.01399352837661,38673600
1995-05-12,3.075892925262451,3.1330302551434874,3.06160888340768,3.0997004366617045,36192000
1995-05-15,3.097318172454834,3.123506397807951,3.042562162870399,3.0711308189479105,35232000
1995-05-16,3.2330212593078613,3.2383778846241777,3.1044619611007436,3.1044619611007436,86708800
1995-05-17,3.2758731842041016,3.309203579891398,3.24254336974771,3.247304522713949,66515200
1995-05-18,3.223496198654175,3.304440413853708,3.223496198654175,3.2615877308023444,58326400
1995-05-19,3.2520675659179688,3.256828720800645,3.1996913748216866,3.2092142658181797,45190400
1995-05-22,3.323490858078003,3.3330137545194876,3.199693204338708,3.2520694253826075,91382400
1995-05-23,3.3711047172546387,3.3711047172546387,3.277066132274725,3.3330131385285977,55516800
1995-05-24,3.333012342453003,3.4091954817090713,3.313966557638986,3.3949114337141717,68684800
1995-05-25,3.3996708393096924,3.40443257367769,3.3187265861320676,3.347295248647275,43440000
1995-05-26,3.333012342453003,3.399672589302063,3.313966557638986,3.3972921568159236,52934400
1995-05-30,3.1615986824035645,3.3663410563674545,3.147314641622629,3.3520564343555863,99612800
1995-05-31,3.225879430770874,3.2282598627679815,3.0854165060083365,3.1711225200641233,119756800
1995-06-01,3.2044520378112793,3.261589364655781,3.1949291500038624,3.237781854521766,61153600
1995-06-02,3.1663618087768555,3.20445337591263,3.147316025208968,3.1901687476211205,55556800
1995-06-05,3.2282605171203613,3.2520680386881886,3.1139858085497294,3.1473162224984423,55852800
1995-06-06,3.1663618087768555,3.2764702450287038,3.1663618087768555,3.2330220512644607,49036800
1995-06-07,3.199692487716675,3.2282611706427167,3.1282710710172417,3.156839753943283,64590400
1995-06-08,3.2044520378112793,3.223497813426113,3.1854062621964454,3.2044520378112793,29320000
1995-06-09,3.2330212593078613,3.2711128171127783,3.1473152542467977,3.1901679661618068,81214400
1995-06-12,3.190168857574463,3.2282604260231134,3.1711230733501377,3.2234992705826357,45832000
1995-06-13,3.1949288845062256,3.228258698447015,3.17588311047409,3.2044517715222938,37691200
1995-06-14,3.1925482749938965,3.2044524675806594,3.152076286999893,3.175883800326884,43096000
1995-06-15,3.2330212593078613,3.2377824134179534,3.1949297015029443,3.199690855613036,43912000
1995-06-16,3.313965320587158,3.333011098291682,3.233021055958436,3.2377822097690627,92278400
1995-06-19,3.421098232269287,3.4240744262624476,3.30920484650279,3.3234888920996886,78982400
1995-06-20,3.4806153774261475,3.480615377426147,3.418716323296975,3.442523830648465,56670400
1995-06-21,3.44728684425354,3.518708823631295,3.4282410605836313,3.4996630399613857,57224000
1995-06-22,3.4996590614318848,3.5044202113211322,3.452044656386761,3.452044656386761,46296000
1995-06-23,3.4710943698883057,3.5115666602501965,3.437763957798212,3.456809741497925,46356800
1995-06-26,3.4187161922454834,3.4710923576724713,3.4091933059161086,3.466330623892356,41048000
1995-06-27,3.3092048168182373,3.4472864416845144,3.3044430808412333,3.4091948787929724,66004800
1995-06-28,3.3472959995269775,3.3901487122972287,3.2330213238315655,3.3044427055256693,107286400
1995-06-29,3.404433488845825,3.418717533327753,3.3520573028728946,3.3520573028728946,57643200
1995-06-30,3.4425249099731445,3.466331843557875,3.4139562409328326,3.4139562409328326,53342400
1995-07-03,3.4639511108398438,3.471093277479482,3.4425246109209304,3.4615703886266314,16763200
1995-07-05,3.4544286727905273,3.5044235551768286,3.442525060171041,3.490139510648987,48547200
1995-07-06,3.532992124557495,3.5425150143810997,3.4425249618487803,3.452047851672386,47070400
1995-07-07,3.6425044536590576,3.6425044536590576,3.532990965984791,3.5377526999506137,66699200
1995-07-10,3.7663040161132812,3.7996338469622666,3.647267577409895,3.656790469256918,111982400
1995-07-11,3.6758358478546143,3.775826491844462,3.6758358478546143,3.7710647558301225,78227200
1995-07-12,3.804396867752075,3.8091580246672154,3.685360388865531,3.685360388865531,94675200
1995-07-13,3.813918113708496,3.866293723285215,3.737734986156078,3.813918113708496,84811200
1995-07-14,3.9472367763519287,3.9472367763519283,3.732971537777335,3.7424944243532976,89905600
1995-07-17,4.151979923248291,4.161502812980512,4.056751025926083,4.104365474587187,155830400
1995-07-18,3.880577325820923,4.080557982849914,3.8567698141305513,4.075796248019447,289624000
1995-07-19,3.5996525287628174,3.761541663654267,3.371103161857242,3.6948814316401406,305092800
1995-07-20,3.661550998687744,3.7091654422257445,3.580606154057643,3.6282205975956434,177848000
1995-07-21,3.504424810409546,3.656791106514309,3.4949019169029985,3.5806079584619277,169257600
1995-07-24,3.566321849822998,3.571083003211802,3.5091845217716093,3.528230297788739,94811200
1995-07-25,3.671074390411377,3.71868884047358,3.618698204727414,3.637743984752295,109422400
1995-07-26,3.6567907333374023,3.737735610498248,3.6139380075467216,3.7186898254287826,77470400
1995-07-27,3.6758358478546143,3.7186891470591568,3.6663129570570634,3.6758358478546143,52916800
1995-07-28,3.5282320976257324,3.6567908607068302,3.5044245748440455,3.6567908607068302,158468800
1995-07-31,3.44728684425354,3.5615615462729946,3.4282410605836313,3.5472774991361584,101435200
1995-08-01,3.409194231033325,3.462165300614674,3.3472957437110757,3.45680867560083,166144000
1995-08-02,3.3901479244232178,3.5282300827469277,3.3520563747105974,3.4663310238484586,129804800
1995-08-03,3.4710943698883057,3.4806172617381623,3.3330121474497902,3.352057931149503,113536000
1995-08-04,3.5758442878723145,3.5758442878723145,3.4758536857490236,3.4806154197696015,77705600
1995-08-07,3.566321849822998,3.637743219271756,3.4948998991432836,3.5996516672374965,64273600
1995-08-08,3.5615603923797607,3.613936571118494,3.5567992386204232,3.5853679048694587,43913600
1995-08-09,3.6758358478546143,3.7377349286542585,3.6567900662595125,3.7234503018423686,144384000
1995-08-10,3.5853688716888428,3.699643567499943,3.5758459803712515,3.6948818312255676,71883200
1995-08-11,3.6758358478546143,3.6805975838689537,3.509185549513039,3.6091756122717586,97195200
1995-08-14,3.7615416049957275,3.7805873852741865,3.6472669233249713,3.6901202195670484,88872000
1995-08-15,3.7472546100616455,3.785346140627809,3.6901173142124004,3.7805844086917237,63267200
1995-08-16,3.7615416049957275,3.766303340680886,3.6996431097062783,3.7472575604024265,38118400
1995-08-17,3.7758259773254395,3.837724468459258,3.757375088303861,3.7663030878255404,74564800
1995-08-18,3.699643135070801,3.799633191602694,3.6948813993529956,3.7972527596671104,77502400
1995-08-21,3.5996525287628174,3.7424958830788024,3.5948913742345,3.7139272122156055,110491200
1995-08-22,3.7829666137695312,3.7853479167778947,3.5948901745810424,3.6234588359105704,94320000
1995-08-23,3.7282114028930664,3.8282014486221603,3.713926778514036,3.8091556702708065,111188800
1995-08-24,3.661550998687744,3.737734108348545,3.6377434863032434,3.737734108348545,95275200
1995-08-25,3.594891309738159,3.6853584752329867,3.5948913097381596,3.671074430673208,73489600
1995-08-28,3.430619239807129,3.5948895973038333,3.4234776568524645,3.5948895973038333,112622400
1995-08-29,3.4996590614318848,3.499659061431885,3.313962591140636,3.4329988943687115,163929600
1995-08-30,3.5520386695861816,3.571084453337314,3.4853784264572183,3.537754622388429,79499200
1995-08-31,3.523468017578125,3.580605336782095,3.4853764714421454,3.556798411062541,38764800
1995-09-01,3.4187161922454834,3.504422169209855,3.404432153366849,3.49489928288048,80262400
1995-09-05,3.618699073791504,3.6234608105568396,3.437764120101929,3.461571641466167,92052800
1995-09-06,3.5615603923797607,3.675835057375903,3.542514614880404,3.6282206136275104,100265600
1995-09-07,3.6044139862060547,3.680597102625405,3.552037803052225,3.5901293612619005,93932800
1995-09-08,3.637742757797241,3.6425044918129412,3.5520367765925944,3.5710825501936267,64417600
1995-09-11,3.7186901569366455,3.7282130503203104,3.618699485792525,3.632984116483665,77408000
1995-09-12,3.666311264038086,3.7234485824386794,3.6425043386532683,3.7234485824386794,71155200
1995-09-13,3.661550998687744,3.694880818548844,3.6234594438573433,3.661550998687744,61208000
1995-09-14,3.6139376163482666,3.6758361205080763,3.609175879980728,3.6615520738678016,54230400
1995-09-15,3.5591816902160645,3.6329841138867085,3.523470549437207,3.6091765898289228,88316800
1995-09-18,3.504424810409546,3.556801015311205,3.461572080245728,3.5520392779422845,76827200
1995-09-19,3.554417133331299,3.5996511353030565,3.4853764960870866,3.504422269289748,58011200
1995-09-20,3.547276735305786,3.6044140740122064,3.5282309557369795,3.5615607793668587,44652800
1995-09-21,3.4520487785339355,3.5448963980122383,3.4472870417280914,3.475855718869484,83836800
1995-09-22,3.4187161922454834,3.4568077375629818,3.3901475332573594,3.423477926025598,99899200
1995-09-25,3.437167167663574,3.452047261700946,3.3711024214186303,3.4472855269874128,57878400
1995-09-26,3.361579656600952,3.499661831127818,3.3568185029436415,3.4425244998541475,76548800
1995-09-27,3.3758668899536133,3.3806280472918258,3.1758860758884633,3.3520593595682326,140756800
1995-09-28,3.485377311706543,3.485377311706543,3.385387269609154,3.39014842340855,105510400
1995-09-29,3.44728684425354,3.532992870768131,3.4306214929267744,3.4901401481264314,95158400
1995-10-02,3.361579656600952,3.4615702769453707,3.3568185029436415,3.447285653511458,67731200
1995-10-03,3.3853859901428223,3.3996700273735354,3.32348694552763,3.3568173344506076,80736000
1995-10-04,3.2806360721588135,3.356819196258512,3.2568285552621026,3.356819196258512,73473600
1995-10-05,3.333012342453003,3.333012342453003,3.237783418382917,3.2758749880109512,101289600
1995-10-06,3.271113634109497,3.3901494913648587,3.2568290057493865,3.333012140386799,76616000
1995-10-09,3.1663618087768555,3.2663518818926693,3.152077180485346,3.2330220512644607,108614400
1995-10-10,3.190168857574463,3.204453486358311,3.0616101046758724,3.094939936452837,157644800
1995-10-11,3.299682855606079,3.3282515358224463,3.237783757854973,3.2711141753897115,107009600
1995-10-12,3.3377726078033447,3.3568183842209645,3.2996810549681053,3.313965096665835,78700800
1995-10-13,3.285398006439209,3.3806269341620845,3.2758751136669213,3.371104041389797,68644800
1995-10-16,3.3044424057006836,3.3282499182592744,3.2568279618145066,3.266350850591742,61067200
1995-10-17,3.4710943698883057,3.4853784170474946,3.3044434719002203,3.3234892555999336,123140800
1995-10-18,3.6425044536590576,3.7567790940682695,3.6139357935567546,3.742494473401679,294329600
1995-10-19,3.6853578090667725,3.694880697462294,3.6091747019026017,3.6282204786936445,95840000
1995-10-20,3.637742757797241,3.690118925815523,3.6139358314113923,3.6758343049993067,79984000
1995-10-23,3.671074390411377,3.699643060448699,3.599652424702533,3.618698204727414,93473600
1995-10-24,3.713928461074829,3.737735985415314,3.671075730985766,3.671075730985766,68681600
1995-10-25,3.6520299911499023,3.723451402630751,3.652029991149903,3.718690246439967,60211200
1995-10-26,3.7329721450805664,3.7377338797586517,3.632982110381391,3.647266151953717,82841600
1995-10-27,3.809154987335205,3.8145116115361453,3.7091649595331186,3.713926112651825,130683200
1995-10-30,3.9139084815979004,3.937716001420291,3.752019322991661,3.780587998039821,125464000
1995-10-31,3.809154987335205,3.9377142587732306,3.799632099866867,3.9234296369552615,91958400
1995-11-01,3.7472546100616455,3.8472445871825096,3.74249287812556,3.8139147885524314,72819200
1995-11-02,3.809154987335205,3.8234396091531746,3.7424947750568394,3.7567793968748084,63504000
1995-11-03,3.7901103496551514,3.8139178660851174,3.761541678677851,3.8091561303066843,40635200
1995-11-06,3.709167003631592,3.7663043599296557,3.6901212181989043,3.6948823739414536,87729600
1995-11-07,3.542515516281128,3.709166402420681,3.5377543613103035,3.67583599270031,115921600
1995-11-08,3.628220319747925,3.6377432077262655,3.556798950525845,3.575844726482527,71280000
1995-11-09,3.7710630893707275,3.7716585603979955,3.6567884502988877,3.6758342234775276,99814400
1995-11-10,3.690119981765747,3.7710642521173883,3.680001621029326,3.75201847306629,60819200
1995-11-13,3.6686935424804688,3.704404675079459,3.659170651284892,3.6805977377060923,59003200
1995-11-14,3.5806057453155518,3.6567888462797122,3.5758445921207587,3.652027693084919,75657600
1995-11-15,3.5806057453155518,3.604413254982319,3.4996614911565977,3.5948903673617987,108686400
1995-11-16,3.423478841781616,3.498471010454453,3.4139559529049377,3.447285773357809,195126400
1995-11-17,3.3282511234283447,3.4520487223598626,3.3282511234283443,3.4282412011805015,143803200
1995-11-20,3.2758731842041016,3.4044324515252384,3.2663502970407174,3.3663409028717024,115296000
1995-11-21,3.352057456970215,3.3806261284784838,3.2092140994288707,3.2711131783123415,130163200
1995-11-22,3.3282511234283447,3.409195416729499,3.323489386699986,3.36634269233035,65428800
1995-11-24,3.352057456970215,3.3615803474729713,3.328250521328879,3.3377734118316353,15014400
1995-11-27,3.323490858078003,3.4091969260513615,3.319324590884854,3.3758670791219028,79100800
1995-11-28,3.485377311706543,3.485377311706543,3.294919535110557,3.3139653127701556,86537600
1995-11-29,3.4187161922454834,3.523467941868604,3.399670419586734,3.499661016660595,91067200
1995-11-30,3.318727493286133,3.4187175488055717,3.309204603178039,3.409194658697478,93512000
1995-12-01,3.285398006439209,3.347297100074702,3.2711139578964015,3.3187284217578394,96124800
1995-12-04,3.3472959995269775,3.413956227015968,3.2473053676779635,3.280635772037987,130436800
1995-12-05,3.2758731842041016,3.3568180157083183,3.24254336974771,3.3472951285449346,104528000
1995-12-06,3.4520487785339355,3.46633282648902,3.2758749788797332,3.2806367156855774,145272000
1995-12-07,3.44728684425354,3.5044241952632675,3.3847928665866513,3.471094364456522,132876800
1995-12-08,3.5996525287628174,3.604414264522232,3.513351044914695,3.5282311422203736,147041600
1995-12-11,3.547276735305786,3.6091752282888754,3.5425149997980516,3.599652338504472,61924800
1995-12-12,3.4806153774261475,3.547275584287091,3.4710924907317264,3.542513850324442,44739200
1995-12-13,3.494901657104492,3.5091862869180916,3.4472871931112428,3.4710947157234924,39577600
1995-12-14,3.380624532699585,3.56155936684407,3.3758633803112006,3.513944936806048,92822400
1995-12-15,3.3663406372070312,3.4187162218568172,3.323487357738243,3.3949092964426035,115470400
1995-12-18,3.313965320587158,3.3901484314052537,3.25206683366296,3.3663414998901033,99460800
1995-12-19,3.4615702629089355,3.4669268876941217,3.3282498238109763,3.3282498238109763,84340800
1995-12-20,3.318727493286133,3.4806166251237225,3.313965757616543,3.4710937350156286,84980800
1995-12-21,3.4282405376434326,3.4282405376434326,3.328250479244384,3.342534524202347,60593600
1995-12-22,3.44728684425354,3.461571472621568,3.394911229776886,3.433002797116704,36057600
1995-12-26,3.4377646446228027,3.475856219632474,3.4234805946098303,3.437764644622803,34707200
1995-12-27,3.3853859901428223,3.4520461867579892,3.3663402196813457,3.442523301527251,40539200
1995-12-28,3.3282511234283447,3.3711038478274933,3.323489386699986,3.3615809556019918,49777600
1995-12-29,3.342534303665161,3.3806258626812884,3.2853969651409707,3.3234885241570975,52342400
1996-01-02,3.4187161922454834,3.4187161922454834,3.328249062731852,3.3472948353906014,57779200
1996-01-03,3.3092048168182373,3.433002396215748,3.3044430808412333,3.394910833324206,62857600
1996-01-04,3.3282511234283447,3.3330122789254877,3.2330222011733305,3.323489386699986,102353600
1996-01-05,3.2901601791381836,3.337774649304935,3.2806372851048335,3.285398441505846,62083200
1996-01-08,3.285398006439209,3.3377742073024144,3.280636850668689,3.2949208992114962,11377600
1996-01-09,3.05446720123291,3.2758740989941617,3.0425635889545886,3.2758740989941617,177424000
1996-01-10,3.1377909183502197,3.171120725449768,3.0657735188425232,3.0663689897742503,181571200
1996-01-11,3.299682855606079,3.3092057490115345,3.1663623479296974,3.1806463974222376,116617600
1996-01-12,3.266350746154785,3.3092040348976735,3.19492937322462,3.2949194115730487,80544000
1996-01-15,3.142554998397827,3.2711143571297616,3.1187480541771397,3.2711143571297616,84572800
1996-01-16,3.2901601791381836,3.2943258640464492,3.1711237131056427,3.1854083447713304,122006400
1996-01-17,3.2330212593078613,3.333011307930246,3.223498369856632,3.2282595239667238,143078400
1996-01-18,3.3377726078033447,3.385387048847394,3.237781990995356,3.2568277674129757,121331200
1996-01-19,3.4996590614318848,3.552034616366256,3.413953132350662,3.4377600442579586,227440000
1996-01-22,3.504424810409546,3.532993490929189,3.461572080245728,3.4901407607653714,82643200
1996-01-23,3.409194231033325,3.4949002312548334,3.3996713421198246,3.4806161885000884,66473600
1996-01-24,3.4758546352386475,3.523469082296711,3.4091944093573585,3.423479034090299,92217600
1996-01-25,3.404433488845825,3.4901394994306436,3.3901488631328136,3.4806166093656636,59881600
1996-01-26,3.44728684425354,3.461571472621568,3.390149493243813,3.394911229776886,50881600
1996-01-29,3.4425249099731445,3.475854733237979,3.4038378800321922,3.456808953877771,39587200
1996-01-30,3.45918869972229,3.480615778484576,3.452047115109454,3.461570002901161,45120000
1996-01-31,3.523468017578125,3.5282297514605565,3.433000886120607,3.456807811840161,68774400
1996-02-01,3.5853688716888428,3.590130026732059,3.504424004873734,3.513946896191326,78587200
1996-02-02,3.542515516281128,3.5853688171742975,3.5091856877919074,3.5806070809723227,44686400
1996-02-05,3.699643135070801,3.7044042895575138,3.532992265876189,3.532992265876189,126480000
1996-02-06,3.6758358478546143,3.7139274110448177,3.6425060206787503,3.6758358478546143,98158400
1996-02-07,3.690119981765747,3.699642871291296,3.637148327548831,3.656789577810801,65555200
1996-02-08,3.7663040161132812,3.790110955115243,3.637744685562872,3.680597989490072,103924800
1996-02-09,3.813918113708496,3.8186792685649538,3.7520190319565883,3.76154192290064,122832000
1996-02-12,3.7901103496551514,3.852009427388184,3.7758263047820506,3.799633239980918,87779200
1996-02-13,3.7948710918426514,3.818678020808277,3.7139262546514415,3.723449142483881,114513600
1996-02-14,3.7615416049957275,3.8139177913770346,3.7472575604024265,3.8139177913770346,80212800
1996-02-15,3.752018690109253,3.7758262059158434,3.7234500198799947,3.752018690109253,52195200
1996-02-16,3.7282114028930664,3.7805870027437756,3.728211402893066,3.7615412243924213,62206400
1996-02-20,3.7234506607055664,3.752019335851645,3.6901208303174,3.7044048772748472,64182400
1996-02-21,3.804396867752075,3.8139197628137436,3.7139290740505353,3.723451969112203,80046400
1996-02-22,3.9043848514556885,3.9091465870120237,3.8091559526396956,3.8091559526396956,106500800
1996-02-23,3.9424784183502197,3.947240156331061,3.880579893218859,3.9091485774098027,102640000
1996-02-26,3.832962989807129,3.9329530304748888,3.828201254844807,3.923430141781245,63696000
1996-02-27,3.813918113708496,3.840105482573503,3.7990380153772776,3.8377250504530585,60958400
1996-02-28,3.813918113708496,3.8853395051733197,3.8043952227644438,3.8377250504530585,60051200
1996-02-29,3.7591605186462402,3.8139171274142623,3.754398493174556,3.771063838632491,61723200
1996-03-01,3.637742757797241,3.7567791334191374,3.604412944610876,3.7472562466186212,157652800
1996-03-04,3.666311264038086,3.7091645434539604,3.637742604837789,3.656788377637987,72564800
1996-03-05,3.7377350330352783,3.7430916592584915,3.6472672773165544,3.656790168380044,57369600
1996-03-06,3.6948816776275635,3.766303650156035,3.694881677627563,3.7424961322361656,44256000
1996-03-07,3.7067835330963135,3.7186877232665627,3.6805961746606615,3.699641948963612,44291200
1996-03-08,3.623460054397583,3.7139272217476824,3.6091754283137734,3.6377440992502943,108524800
1996-03-11,3.6758358478546143,3.6805975838689537,3.623460239083649,3.623460239083649,74592000
1996-03-12,3.647266149520874,3.680596548552343,3.60917459704546,3.666311925758581,76888000
1996-03-13,3.8424856662750244,3.847246819743382,3.7234492735635203,3.74189957877292,156710400
1996-03-14,3.7948710918426514,3.8805770823346077,3.7948710918426514,3.852008418837289,60640000
1996-03-15,3.899623155593872,3.928191821271369,3.7948713814430484,3.8091554236663017,121721600
1996-03-18,4.00913667678833,4.032944192325414,3.8996237327647574,3.8996237327647574,119472000
1996-03-19,4.071036338806152,4.078177926080588,3.9900914717938,4.051990556124559,92491200
1996-03-20,3.98533034324646,4.061513474479547,3.951404461388061,4.04722884675776,92944000
1996-03-21,3.837724447250366,3.9758066348513235,3.8282015578030943,3.971044899512165,66313600
1996-03-22,3.852008581161499,3.863912191453668,3.7996324052604677,3.852008581161499,48046400
1996-03-25,3.804396867752075,3.8996258183687558,3.763923982508598,3.866295395037224,63379200
1996-03-26,3.9139084815979004,3.918670218054851,3.761542214674381,3.785349734496772,79899200
1996-03-27,3.9043848514556885,3.9615221907452836,3.852009247722428,3.932953521100486,52729600
1996-03-28,3.8948631286621094,3.9424775923376854,3.8520104019697143,3.88057908017506,54955200
1996-03-29,3.928191661834717,3.9662832145253275,3.890100109144106,3.8996229973167584,53508800
1996-04-01,3.9139084815979004,3.9424771566460604,3.890101543006691,3.92878799985215,31692800
1996-04-02,3.98533034324646,3.999614389737081,3.9091472120133726,3.913908367099858,54396800
1996-04-03,3.980567455291748,4.004374967529805,3.9377147469866416,3.966283412933712,46072000
1996-04-04,3.975806474685669,3.9948522528129513,3.9424760723474144,3.9853293637493103,28961600
1996-04-08,3.951997756958008,3.9567594906541026,3.8805764013633457,3.904383326151285,73753600
1996-04-09,3.8710529804229736,3.961520095842455,3.8662912473847038,3.961520095842455,66942400
1996-04-10,3.8710529804229736,3.9234285564593545,3.856768362538929,3.8662912473847038,51910400
1996-04-11,3.852008581161499,3.8996230223301764,3.7948712517590857,3.8662926228966166,62465600
1996-04-12,3.852008581161499,3.87105435762897,3.8282010699616746,3.852008581161499,33737600
1996-04-15,3.9430699348449707,3.9472361971105716,3.8472456121207537,3.8472456121207537,50102400
1996-04-16,4.00913667678833,4.0186595667569485,3.961522226945238,3.9710451169138565,80116800
1996-04-17,4.035324573516846,4.037705005192128,3.973425212725089,4.009136337702562,62630400
1996-04-18,4.151979923248291,4.161502812980512,4.0186594669972,4.037705246461641,133958400
1996-04-19,4.180549621582031,4.271017386924353,4.1710267295055345,4.251971602771359,169492800
1996-04-22,4.294823169708252,4.318630684102647,4.199594274592769,4.209117164104318,92758400
1996-04-23,4.290062427520752,4.313869362970156,4.242447975390839,4.29482358211819,57139200
1996-04-24,4.247208595275879,4.309107665867389,4.237685706048803,4.304345930638335,69251200
1996-04-25,4.294823169708252,4.332914727754445,4.199594274592769,4.247208722150511,63896000
1996-04-26,4.323392391204834,4.337677017914684,4.280539673537528,4.2948237190162555,54296000
1996-04-29,4.290062427520752,4.323392253396139,4.266254910840242,4.3186310987987,34267200
1996-04-30,4.313869476318359,4.313869476318359,4.2614938682148225,4.2900625402434205,28441600
1996-05-01,4.385293483734131,4.390054640667968,4.290064532743503,4.299587427842566,65014400
1996-05-02,4.2519707679748535,4.390052385358659,4.232924987561151,4.385291230870778,87340800
1996-05-03,4.223401069641113,4.3614826534244475,4.194832405972394,4.285299550307863,75300800
1996-05-06,4.256731033325195,4.2805385444850055,4.175786774089978,4.228162368672006,75852800
1996-05-07,4.309107780456543,4.323391824061487,4.251970443574673,4.251970443574673,47366400
1996-05-08,4.351958751678467,4.356720485129409,4.218638352283503,4.299583171102996,77851200
1996-05-09,4.323392391204834,4.385291471562315,4.313869500475308,4.351961063393412,47776000
1996-05-10,4.375767230987549,4.385885008650957,4.347198567611888,4.356721455403775,43913600
1996-05-13,4.518611907958984,4.528134798617242,4.380529702798683,4.380529702798683,95606400
1996-05-14,4.532894611358643,4.570986162714598,4.5037304767362665,4.542417499197632,76832000
1996-05-15,4.480519771575928,4.561464041190296,4.4709968821371175,4.532895372873864,56323200
1996-05-16,4.461474418640137,4.4709973089881085,4.404337076552308,4.418621121458716,67092800
1996-05-17,4.456714153289795,4.4948057272495365,4.432907210180603,4.490044571120215,35392000
1996-05-20,4.447190284729004,4.490043586653538,4.442429129643592,4.470997803849559,38457600
1996-05-21,4.385293483734131,4.451953749427571,4.385293483734131,4.447192011262344,42113600
1996-05-22,4.451952934265137,4.466236983682594,4.366246894066537,4.380530943483994,45646400
1996-05-23,4.513850688934326,4.537658208921935,4.4519521831826765,4.4519521831826765,51976000
1996-05-24,4.513850688934326,4.532896472431939,4.504327797185519,4.513850688934326,26443200
1996-05-28,4.4662346839904785,4.538251527908768,4.461473530379968,4.52337201470251,43376000
1996-05-29,4.461474418640137,4.504327134590458,4.442428637944194,4.4709973089881085,33569600
1996-05-30,4.504326343536377,4.504326343536377,4.442427857760784,4.466234788834166,33824000
1996-05-31,4.523372650146484,4.5471801652364725,4.494803980777139,4.5162301921886145,40259200
1996-06-03,4.509089469909668,4.551942191557697,4.49956657829553,4.523373516715285,31684800
1996-06-04,4.490042209625244,4.528133763551096,4.428143143880242,4.518610875069633,65852800
1996-06-05,4.604315280914307,4.618599318086812,4.490040658611128,4.494801810591701,50968000
1996-06-06,4.563844680786133,4.685261817276205,4.56146424893354,4.637647367913641,88136000
1996-06-07,4.618600368499756,4.618600368499756,4.480518792428108,4.480518792428108,70198400
1996-06-10,4.5947957038879395,4.6186026433929195,4.570392711783139,4.609079751344686,45819200
1996-06-11,4.651932716369629,4.694785436840831,4.594795368253918,4.599556523314647,65259200
1996-06-12,4.76144552230835,4.775730149490847,4.6757395029068,4.68050123904468,88844800
1996-06-13,4.747160911560059,4.794775361118178,4.713830506253838,4.7662066913833065,62577600
1996-06-14,4.685262680053711,4.761445813062714,4.680501524856237,4.751922921436589,55944000
1996-06-17,4.747160911560059,4.761444955811958,4.661454902355443,4.690023572090315,57499200
1996-06-18,4.661456108093262,4.742400402663677,4.64717147891541,4.742400402663677,74585600
1996-06-19,4.637648105621338,4.69002429886714,4.623364059155951,4.6662167797832765,73409600
1996-06-20,4.637648105621338,4.665621308455988,4.532896300360897,4.647170997008651,102228800
1996-06-21,4.718592643737793,4.728115534460542,4.628124891256114,4.661455299401298,56806400
1996-06-24,4.728116512298584,4.766208083067429,4.685263204568011,4.7233547753368565,48102400
1996-06-25,4.647170066833496,4.732876072164442,4.62336313374598,4.732876072164442,41145600
1996-06-26,4.590032577514648,4.647169912504457,4.532895242524839,4.642408758537488,71457600
1996-06-27,4.568605422973633,4.609077402941862,4.532894305372576,4.590031628549541,77582400
1996-06-28,4.575748920440674,4.6090787447145996,4.537657360566999,4.5900329647777625,52000000
1996-07-01,4.659071922302246,4.66621437778163,4.57574724678701,4.580508399414212,47862400
1996-07-02,4.6328840255737305,4.670975567073902,4.618599406895767,4.661452681698859,38548800
1996-07-03,4.613839626312256,4.6804998437526635,4.594793849900711,4.632885402723801,44243200
1996-07-05,4.509089469909668,4.57574971120863,4.509089469909668,4.57574971120863,35331200
1996-07-08,4.582890033721924,4.599555380062296,4.499565336328624,4.51384937919157,64432000
1996-07-09,4.570987224578857,4.623363410476031,4.570987224578857,4.60431763037362,35571200
1996-07-10,4.551939964294434,4.570985738203616,4.499564376659631,4.570985738203616,77980800
1996-07-11,4.361483097076416,4.509088164994726,4.33291443050168,4.5043264299500985,140915200
1996-07-12,4.280540466308594,4.387673006857083,4.208523010597545,4.387673006857083,139478400
1996-07-15,4.213878631591797,4.332914452303304,4.185309964873313,4.2805388539349245,111832000
1996-07-16,4.394813537597656,4.404336426540196,4.094842245292143,4.199594023660081,182100800
1996-07-17,4.461474418640137,4.499565980032022,4.404337076552308,4.485281353894515,126208000
1996-07-18,4.566226959228516,4.570988114565591,4.413860688742996,4.466236303606795,98537600
1996-07-19,4.608484268188477,4.632887260230859,4.485282143245193,4.485282143245193,99208000
1996-07-22,4.561464786529541,4.628125023493439,4.490043394683792,4.609674712806501,144475200
1996-07-23,4.271015644073486,4.570986331460069,4.199593692028938,4.570986331460069,257678400
1996-07-24,4.371006488800049,4.4090980486152995,4.171025799769981,4.171025799769981,192225600
1996-07-25,4.513850688934326,4.523373580683133,4.38529194094103,4.418621771446261,100920000
1996-07-26,4.537655353546143,4.551939391565352,4.504324962783287,4.551939391565352,59304000
1996-07-29,4.451952934265137,4.5662276545299365,4.4471911969717945,4.5424201305257945,56748800
1996-07-30,4.518611907958984,4.523373062672554,4.423383001376404,4.490043235984211,66976000
1996-07-31,4.490042209625244,4.556702428995485,4.480519321143782,4.532894917176335,56320000
1996-08-01,4.5947957038879395,4.6043185959361725,4.470998107260913,4.490043891357378,96025600
1996-08-02,4.699545860290527,4.718591637675228,4.59479408467467,4.651931416828774,109289600
1996-08-05,4.637648105621338,4.71383123671984,4.618602322846712,4.704308345332527,55072000
1996-08-06,4.723352909088135,4.728114644168448,4.6043170880834765,4.632885754872317,67388800
1996-08-07,4.7519211769104,4.766205799721004,4.680499806550276,4.737637135330762,76790400
1996-08-08,4.770967960357666,4.794775476324296,4.713830619515059,4.728115245341255,54379200
1996-08-09,4.742397785186768,4.780489333662164,4.718590858005097,4.751920672305617,44313600
1996-08-12,4.770967960357666,4.804298366464731,4.723353509655494,4.732876399795928,66187200
1996-08-13,4.704306602478027,4.79477432775654,4.699545449163868,4.761443929633631,72508800
1996-08-14,4.756683349609375,4.76620623861637,4.713830058462389,4.718591793581396,52032000
1996-08-15,4.766207218170166,4.79001415496496,4.737638545277731,4.75192259110838,35556800
1996-08-16,4.732876777648926,4.770968341251734,4.7138309958475215,4.76620718641695,47598400
1996-08-19,4.704306602478027,4.72811411274167,4.656692163181691,4.7185912248824025,43131200
1996-08-20,4.699545860290527,4.728114526367579,4.6947841253288525,4.713829902713553,25678400
1996-08-21,4.704306602478027,4.704306602478027,4.637646387463157,4.666215051040958,49345600
1996-08-22,4.76144552230835,4.766207258446229,4.70430817604065,4.728115694267763,50236800
1996-08-23,4.694785118103027,4.761445353045667,4.694785118103027,4.756684198308182,44006400
1996-08-26,4.680500030517578,4.7138298499522495,4.675738295609201,4.699545807689103,31944000
1996-08-27,4.7519211769104,4.7519211769104,4.685260959999834,4.690022694680357,28038400
1996-08-28,4.785251617431641,4.7900127709224405,4.756682952793932,4.761444106284732,32070400
1996-08-29,4.728116512298584,4.770969238797914,4.709070726914161,4.770969238797914,34182400
1996-08-30,4.666215419769287,4.732875640051706,4.666215419769287,4.732875640051706,28088000
1996-09-03,4.699545860290527,4.699545860290527,4.59479408467467,4.647169681867099,48524800
1996-09-04,4.699545860290527,4.709068748982878,4.682880805078914,4.699545860290527,27126400
1996-09-05,4.628123760223389,4.6757382022009955,4.628123760223389,4.6757382022009955,40372800
1996-09-06,4.666215419769287,4.675738308381061,4.632885600243575,4.647169642545739,41921600
1996-09-09,4.756683349609375,4.761444503497363,4.656692724420421,4.666215613427416,41747200
1996-09-10,4.737638473510742,4.766207145970411,4.709069801051073,4.751922519125013,38904000
1996-09-11,4.766207218170166,4.780491264000815,4.709069872385296,4.720973486090477,36387200
1996-09-12,4.899527072906494,4.9328566038637325,4.768587055837067,4.780490376717362,95944000
1996-09-13,4.989993572235107,5.004278486211043,4.909049601244724,4.93761826673462,80137600
1996-09-16,5.009040832519531,5.070940207308441,4.989995049886376,4.994757076775825,62409600
1996-09-17,5.0995049476623535,5.128073599575136,5.037605620620614,5.061413411778644,75624000
1996-09-18,5.199498176574707,5.2518746551888915,5.0757006009419765,5.1042692722418375,86049600
1996-09-19,5.247110843658447,5.266156618045592,5.170927746109867,5.199496407690584,75912000
1996-09-20,5.261396884918213,5.2804426633930985,5.175690881781227,5.218543302118688,104849600
1996-09-23,5.247110843658447,5.261395755679714,5.189973520497012,5.242349981292569,46385600
1996-09-24,5.21378231048584,5.270919644505071,5.185213643476224,5.2375889517628345,72520000
1996-09-25,5.166167259216309,5.2518732501874945,5.156644371330621,5.237588337128013,44067200
1996-09-26,5.028086185455322,5.1852144599819106,5.018563294952566,5.170929542996666,92604800
1996-09-27,5.118556976318359,5.15188652975262,4.999520199852358,5.04713467794619,98372800
1996-09-30,5.023324012756348,5.137598669018537,5.018561987514465,5.085222203667409,89574400
1996-10-01,5.032849311828613,5.099509559915996,4.985234848909054,5.018564391721509,69124800
1996-10-02,5.132838726043701,5.170930293583915,5.0423718343668895,5.061417618136996,68760000
1996-10-03,5.1042680740356445,5.147121652156838,5.0899843229698725,5.132836738629128,58294400
1996-10-04,5.194736003875732,5.2042588919099115,5.11379087435425,5.128075787636478,45166400
1996-10-07,5.237590312957764,5.261398122884195,5.1756920995812505,5.19473788253746,42432000
1996-10-08,5.15664529800415,5.247112167944554,5.1423603823776025,5.247112167944554,48465600
1996-10-09,5.123314380645752,5.185213741568598,5.07569993472897,5.180451715745891,64955200
1996-10-10,5.094746112823486,5.185214148394417,5.080462359158794,5.094746112823486,51739200
1996-10-11,5.223306655883789,5.228067520481827,5.113792820580585,5.128077739299421,36523200
1996-10-14,5.204259872436523,5.2613972114067575,5.194736982608151,5.2328285419216405,36091200
1996-10-15,5.2899675369262695,5.299490429735802,5.232830180069078,5.285205509290253,61206400
1996-10-16,5.25663423538208,5.292345065785492,5.218542682951775,5.285202899704809,36427200
1996-10-17,5.161406993865967,5.294727469722283,5.161406993865967,5.266158796324501,49097600
1996-10-18,5.132838726043701,5.142361617928755,5.087604989589699,5.104270050388542,69646400
1996-10-21,5.1042680740356445,5.180451179618267,5.085222297639989,5.132836738629128,71401600
1996-10-22,5.047130584716797,5.08046127358267,4.999516145238337,5.070938385686977,113806400
1996-10-23,5.123314380645752,5.132837269829109,5.018562599628831,5.0518932930016085,67443200
1996-10-24,5.204259872436523,5.2328285419216405,5.0995080843244285,5.137599643637918,81417600
1996-10-25,5.197117328643799,5.251874528545897,5.185214297120324,5.20426007752763,53084800
1996-10-28,5.204259872436523,5.242351431750013,5.189974956462897,5.206640013662548,51240000
1996-10-29,5.15664529800415,5.232828414780115,5.137599518810159,5.213782635586123,66756800
1996-10-30,5.189975738525391,5.218544412315439,5.137600417808126,5.156646200334825,60526400
1996-10-31,5.228066444396973,5.232828470477211,5.185214021985435,5.19473691168379,37028800
1996-11-01,5.232829570770264,5.285204893892975,5.199498868586603,5.228067543688726,56531200
1996-11-04,5.25663423538208,5.270919148774408,5.209019794844199,5.228065571059352,36006400
1996-11-05,5.389955043792725,5.389955043792725,5.268538211975839,5.275680378553303,86417600
1996-11-06,5.504231929779053,5.504231929779053,5.3709114332100105,5.385196353359361,71438400
1996-11-07,5.466139793395996,5.566130736701491,5.451856037187985,5.513754251526623,76742400
1996-11-08,5.466139793395996,5.466139793395995,5.389956660386992,5.461378928814112,67369600
1996-11-11,5.470898628234863,5.513751034317371,5.447090831829942,5.461375742165231,38593600
1996-11-12,5.399477958679199,5.556606205374416,5.389955069863187,5.485183958023313,81156800
1996-11-13,5.523275375366211,5.551844041100864,5.451854292260571,5.470900069417007,90409600
1996-11-14,5.69944953918457,5.69944953918457,5.532798403627436,5.532798403627436,114969600
1996-11-15,5.6756439208984375,5.747066195765135,5.61374570097893,5.74230416829154,104041600
1996-11-18,5.728016376495361,5.780391667041688,5.661356176051717,5.6899248333847074,98585600
1996-11-19,5.9375224113464355,5.9375224113464355,5.723256808178563,5.732779698042421,104739200
1996-11-20,5.837533950805664,6.018468934598988,5.837533950805664,5.942285783528115,123857600
1996-11-21,5.728016376495361,5.889905434715639,5.713731466598045,5.885143410595986,130718400
1996-11-22,5.732780456542969,5.808963585533573,5.689928027716902,5.742303347666795,94424000
1996-11-25,5.847054481506348,5.851816507754942,5.7327798010860285,5.756587607404676,75129600
1996-11-26,5.8565778732299805,5.918477244991184,5.804202554781819,5.866100764080761,108238400
1996-11-27,5.9232378005981445,5.932760690952804,5.8565775681155285,5.870862484878619,44446400
1996-11-29,5.975613117218018,5.985136005721583,5.923236649217423,5.923236649217423,17152000
1996-12-02,6.008941173553467,6.008941173553467,5.9137123118489745,5.999418287383017,64502400
1996-12-03,5.8922882080078125,6.075603841145834,5.889908066730608,6.032751417227767,77563200
1996-12-04,5.837533950805664,5.9137171018765375,5.794681509559615,5.908956236165924,102542400
1996-12-05,5.828007698059082,5.918475719047517,5.785155281510217,5.842292611883345,74950400
1996-12-06,5.823246002197266,5.885144186683917,5.64766719128678,5.675640671947596,110238400
1996-12-09,6.227969646453857,6.2374925358215245,5.942282965423864,5.9708516335268635,94718400
1996-12-10,6.237492084503174,6.442234772324734,6.227969195824543,6.42794985807579,125725600
1996-12-11,6.3517680168151855,6.370813797975051,6.104172861736933,6.170833095796462,113558400
1996-12-12,6.170835494995117,6.494613900596712,6.170835494995116,6.475568112031913,78272800
1996-12-13,6.094649791717529,6.247016036510467,6.0363220886327325,6.180355804413557,74532000
1996-12-16,5.847054481506348,6.1517869626272,5.8280087014362945,6.113695402487093,64883200
1996-12-17,6.085126876831055,6.104172657353217,5.818485949520774,5.837531730042937,68944800
1996-12-18,6.294629096984863,6.30415198518,6.094648444887008,6.199400215033504,61796800
1996-12-19,6.466041564941406,6.48508734274683,6.323198231400727,6.399381342622423,94609600
1996-12-20,6.370813369750977,6.52317960878837,6.351767589871303,6.513656718848533,90414400
1996-12-23,6.380337715148926,6.456520852046227,6.313677470363788,6.408906391485414,36892800
1996-12-24,6.466041564941406,6.48508734274683,6.332721120303439,6.408904231525135,16246400
1996-12-26,6.513656139373779,6.561270584837038,6.485087472095825,6.494610361188476,27905600
1996-12-27,6.418426990509033,6.532701655028482,6.40057157417787,6.513655877608574,19079200
1996-12-30,6.361288547515869,6.52317762731792,6.361288547515869,6.504131853223561,27279200
1996-12-31,6.294629096984863,6.418426643521631,6.285106208789728,6.3993808671313595,34367200
1997-01-02,6.218447208404541,6.332721889110291,6.151786977992854,6.332721889110291,54480800
1997-01-03,6.44699239730835,6.456515281203931,6.247011835501148,6.26605760329231,44131200
1997-01-06,6.427951812744141,6.494612053765191,6.332722896999782,6.446997595893012,55948000
1997-01-07,6.4755659103393555,6.485088801383973,6.351768326759339,6.437474346160889,36880800
1997-01-08,6.3517680168151855,6.493421014191687,6.3327222356553206,6.475565594354313,50593600
1997-01-09,6.275580883026123,6.380332612484829,6.2660579985298765,6.380332612484829,47763200
1997-01-10,6.418426990509033,6.427949879218987,6.218446327599999,6.24701499372986,66556800
1997-01-13,6.380337715148926,6.513658204719202,6.361291930924601,6.485089528382714,50361600
1997-01-14,6.5041351318359375,6.599364050310842,6.418429105208524,6.418429105208524,63728000
1997-01-15,6.44699239730835,6.570789887950903,6.427946629517187,6.5231754684729975,53058400
1997-01-16,6.551746368408203,6.637452352878658,6.47556327110113,6.47556327110113,58688000
1997-01-17,6.637454032897949,6.685068480766657,6.513656468439307,6.523179358013048,65368800
1997-01-20,6.913619041442871,7.0755081925510375,6.599363630468195,6.627932304193166,146220800
1997-01-21,7.237398147583008,7.242160174963953,6.827913778706601,6.904096917102212,114592000
1997-01-22,7.418333053588867,7.504039083733026,7.20882942434759,7.24692099330055,129236800
1997-01-23,7.218351364135742,7.59926700340412,7.1993055821723235,7.475469420641897,105048000
1997-01-24,7.308818340301514,7.446899658101759,7.189781639215893,7.246918976746085,89817600
1997-01-27,7.323101043701172,7.419520286961867,7.275486602584779,7.351669708371007,53263200
1997-01-28,7.285008430480957,7.523080601411707,7.218348222620347,7.494511940900017,64656800
1997-01-29,7.408807754516602,7.418330643661224,7.2945330847811265,7.37071619793811,48933600
1997-01-30,7.704016208648682,7.713539096422043,7.465944014314668,7.484989789861389,79937600
1997-01-31,7.770679950714111,7.865908871678745,7.684973921845941,7.761157058617648,86516000
1997-02-03,7.799245357513428,7.876618823361776,7.704016476469308,7.818291133722252,60804800
1997-02-04,7.856383323669434,7.865906212546609,7.656402657248757,7.799245990406383,56464000
1997-02-05,7.494509220123291,7.884947438706589,7.3802346195623265,7.856378788566348,110099200
1997-02-06,7.399285316467285,7.494514213719117,7.313579308940637,7.484991323993934,102122400
1997-02-07,7.646881103515625,7.656403994055496,7.427854621098615,7.494514854877705,62448000
1997-02-10,7.446901321411133,7.732588072871918,7.437378429695773,7.675450722579761,66804800
1997-02-11,7.504037380218506,7.513560270294925,7.246919348155181,7.484991600065667,88834400
1997-02-12,7.60879373550415,7.6183166312932675,7.427858715510936,7.494518986034752,72001600
1997-02-13,7.61830997467041,7.704015961885452,7.570695537328721,7.656401524543763,58292000
1997-02-14,7.456421852111816,7.656402514812133,7.4373760747117865,7.5706965165119975,57395200
1997-02-18,7.418333053588867,7.456424622541826,7.332627023444708,7.437378838065347,52545600
1997-02-19,7.427856922149658,7.475471389599336,7.351673774230175,7.418334028659723,56383200
1997-02-20,7.25644063949585,7.427852623105988,7.2469177515175085,7.380238183214282,75395200
1997-02-21,7.237398147583008,7.265966824481362,7.161215009187398,7.227875255283557,61131200
1997-02-24,7.627835273742676,7.637358164221755,7.161213640267781,7.18025942122594,68599200
1997-02-25,7.580220699310303,7.695685744510223,7.532606247681469,7.618312260613369,63941600
1997-02-26,7.637354373931885,7.646877259684917,7.4945110876364005,7.580217059413691,48849600
1997-02-27,7.323101043701172,7.637356355069363,7.313578155477893,7.637356355069363,56628800
1997-02-28,7.427856922149658,7.4945171765792065,7.270729760797016,7.323105093760368,78412000
1997-03-03,7.580220699310303,7.627835150939136,7.361194221817668,7.389762892794968,53874400
1997-03-04,7.5516510009765625,7.627834113218444,7.5135594448556215,7.561173890006798,63920800
1997-03-05,7.684970378875732,7.6944932665818975,7.561172838695578,7.580218614107909,46393600
1997-03-06,7.446901321411133,7.68497361429512,7.445710959946712,7.675450722579761,57018400
1997-03-07,7.370715618133545,7.580219162835015,7.351669841342503,7.494513167275323,46032000
1997-03-10,7.61830997467041,7.627832862138749,7.30881671318035,7.399283562898637,45997600
1997-03-11,7.494509220123291,7.661160260505374,7.494509220123292,7.589738053924096,47577600
1997-03-12,7.523083209991455,7.580220550826833,7.446900088877618,7.446900088877618,43234400
1997-03-13,7.589741230010986,7.627832779471518,7.465943694264258,7.484989468994524,45505600
1997-03-14,7.542126178741455,7.637355044634655,7.532603292152135,7.5992634982773755,61327200
1997-03-17,7.656402587890625,7.675448365472443,7.4659448120724505,7.504036367236085,83958400
1997-03-18,7.589741230010986,7.680209241210668,7.532603905820189,7.66592432893205,59012000
1997-03-19,7.370715618133545,7.484990278879802,7.232634317629467,7.446898725297716,111560000
1997-03-20,7.313581466674805,7.446901962161064,7.265967004001141,7.361195929348469,81410400
1997-03-21,7.1612114906311035,7.399283681144105,7.075505502046423,7.3516692430415045,85829600
1997-03-24,6.866001129150391,7.123119063251723,6.675543400186441,7.094550403907131,186269600
1997-03-25,6.8802900314331055,6.961234031968988,6.770776192517031,6.904096680133401,89701600
1997-03-26,7.180259704589844,7.208828377154524,6.904095869797926,6.91361876065282,81270400
1997-03-27,7.142168045043945,7.3231029688517255,6.93266444905599,7.246919843037923,93919200
1997-03-31,6.985040664672852,7.199305116676159,6.951709967160841,7.094553322650448,93825600
1997-04-01,7.104077339172363,7.142168906674628,6.83743636665651,6.866005042283208,86680800
1997-04-02,7.008849620819092,7.132647236404212,6.932666472766711,7.075509875364926,63331200
1997-04-03,7.24691915512085,7.265964934766371,6.9040951215014665,6.932663790969749,92252800
1997-04-04,7.1754984855651855,7.370717157205813,7.142167787990129,7.142167787990129,94964000
1997-04-07,7.3040595054626465,7.437380017948276,7.237399249219833,7.2850137179647,76511200
1997-04-08,7.484992980957031,7.484992980957031,7.2754893606249,7.3611953871244085,53339200
1997-04-09,7.465944290161133,7.561173171413188,7.446898513910722,7.551650283287983,73762400
1997-04-10,7.370715618133545,7.446898725297716,7.275486734178331,7.446898725297716,67913600
1997-04-11,7.237398147583008,7.408810208973132,7.232637282664502,7.275489716780814,60033600
1997-04-14,7.418333053588867,7.418333053588867,7.113600501965191,7.21835231658583,59107200
1997-04-15,7.399285316467285,7.542128662345032,7.3040564192154545,7.456422654818384,84440000
1997-04-16,7.484992980957031,7.504038764623588,7.332626711624572,7.3611953871244085,42710400
1997-04-17,7.47546911239624,7.618312471231838,7.427854659451041,7.50403778416336,71720800
1997-04-18,8.199210166931152,8.199210166931152,7.846863156273252,7.9230462937127974,231764000
1997-04-21,8.199210166931152,8.522988501049223,8.084935460771833,8.151595706031436,155695200
1997-04-22,8.427756309509277,8.442041223468246,8.189684097376247,8.199206985861569,82300000
1997-04-23,8.770586013793945,8.81820048726731,8.408716015396367,8.427761804785712,102814400
1997-04-24,8.694398880004883,8.980085590191242,8.589647086269885,8.88485668679579,118163200
1997-04-25,8.656307220458984,8.789627683700378,8.6277385497644,8.646784330227456,58566400
1997-04-28,8.751533508300781,8.765818420611627,8.503938436248747,8.665827521821232,67224000
1997-04-29,9.065789222717285,9.075312110556274,8.87533146593751,8.941991680810432,73953600
1997-04-30,9.256247520446777,9.34195351600647,9.018175310558743,9.037221087349787,90204000
1997-05-01,9.218153953552246,9.389565907234003,9.084833545133103,9.294337044077471,72325600
1997-05-02,9.19911003112793,9.408613572209518,9.061028733009671,9.294338913437743,96192000
1997-05-05,9.156257629394531,9.199110045268847,8.79914873895281,9.11340405105827,111063200
1997-05-06,8.937234878540039,9.122930694535809,8.865812606067681,9.09436201803935,74770400
1997-05-07,8.799150466918945,9.065791390158914,8.770581796571806,8.865810697728937,70532800
1997-05-08,8.865813255310059,8.99913375538991,8.770584326681593,8.78010721954444,53834400
1997-05-09,8.894380569458008,9.027701049085858,8.818197438242093,8.989609483477901,58392000
1997-05-12,8.999131202697754,9.02769987318251,8.91342519124349,8.95151675188983,42976000
1997-05-13,8.970564842224121,9.084839553590035,8.90390459392734,9.018179305293252,49813600
1997-05-14,8.82772159576416,9.03722523665608,8.80867581022853,9.018179451120453,60744800
1997-05-15,8.922947883605957,8.980085223308878,8.827718984101091,8.837241874051578,41861600
1997-05-16,8.794389724731445,8.91342527159321,8.751536137386923,8.865810820356065,59913600
1997-05-19,8.770586013793945,8.922952328908716,8.770586013793945,8.84676917135133,45632000
1997-05-20,9.075309753417969,9.08483263878357,8.78010030708433,8.827714733912337,64876800
1997-05-21,9.170543670654297,9.365763509671927,9.122929217535635,9.18958945190176,76620000
1997-05-22,9.189590454101562,9.265773587399813,9.122930212465594,9.218159129088408,33655200
1997-05-23,9.36099910736084,9.370521995567717,9.208632896050796,9.246724448878307,28904800
1997-05-27,9.646687507629395,9.703824847259973,9.322909249722782,9.351477919538072,69036000
1997-05-28,9.589550971984863,9.694302770089962,9.513367846090247,9.694302770089962,52241600
1997-05-29,9.589550971984863,9.832384685773954,9.522890736827074,9.694302770089962,51111200
1997-05-30,9.44670581817627,9.570503374261241,8.951515593836385,8.951515593836385,83337600
1997-06-02,9.475275993347168,9.560982007357342,9.380047088891418,9.522890445575044,38939200
1997-06-03,9.19911003112793,9.408613572209518,9.189587142896949,9.399090683978537,41995200
1997-06-04,9.080074310302734,9.313384485613211,9.008652068906029,9.189586941325919,54639200
1997-06-05,9.18482780456543,9.256248896921722,9.103882659935355,9.162210360031699,35892000
1997-06-06,9.451467514038086,9.47051329123266,9.218156162173567,9.246724827965428,35964000
1997-06-09,9.532413482666016,9.608596607402607,9.332432780232462,9.513367701481867,48200000
1997-06-10,9.508605003356934,9.680017000951592,9.42765986770623,9.532411644014077,53135200
1997-06-11,9.675254821777344,9.703823487589679,9.41337596639527,9.508604852436386,49056800
1997-06-12,9.675254821777344,9.760960819214349,9.551457269923894,9.656209044569122,44614400
1997-06-13,9.875237464904785,9.908567581710154,9.641927228498318,9.656210983040937,50116000
1997-06-16,10.00855827331543,10.00855827331543,9.818100456506382,9.875237801549098,40612800
1997-06-17,10.222824096679688,10.279961446078921,9.970467470166403,10.018081927999097,53191200
1997-06-18,9.918091773986816,10.170448405778128,9.908568882221106,10.151402622246708,55657600
1997-06-19,9.851428985595703,9.960942212598459,9.751438647897535,9.780007315811297,65519200
1997-06-20,9.894282341003418,10.008557016741667,9.789530554910023,9.856190782424001,64240000
1997-06-23,9.756202697753906,10.018082223559892,9.751441251830162,9.894284629542518,35724800
1997-06-24,10.060935020446777,10.065696466268097,9.780009716988964,9.865715741772703,39319200
1997-06-25,9.937132835388184,10.151397798297847,9.889518399186036,10.12282913657656,49576000
1997-06-26,9.77048110961914,9.96570027409009,9.74191245140388,9.913324400695444,37312000
1997-06-27,9.713347434997559,9.903805227840648,9.69430165571325,9.837145000345567,38198400
1997-06-30,9.627641677856445,9.8085765857489,9.613357924253902,9.741916356525364,38286400
1997-07-01,9.518126487731934,9.665730660428746,9.38956692727364,9.632401135934046,59377600
1997-07-02,9.780006408691406,9.789529297112722,9.451467339386992,9.570502863422458,53237600
1997-07-03,9.870475769042969,9.90856733013913,9.789531201713624,9.90856733013913,28764000
1997-07-07,9.865715026855469,10.037127064001607,9.856192135902907,9.951421045428537,39320000
1997-07-08,9.999032020568848,10.003793464388167,9.822858599254063,9.856188705989293,36007200
1997-07-09,9.96094036102295,10.103783674039532,9.865711485678561,10.094260786505092,48266400
1997-07-10,9.894282341003418,9.999034127096813,9.818099223844584,9.941896789227687,43780800
1997-07-11,9.88476276397705,9.984753138757165,9.784772389196936,9.922854335321857,38094400
1997-07-14,10.3561429977417,10.360904442798134,9.941897277832032,9.965704503114196,57424000
1997-07-15,10.548980712890625,10.608498771528014,10.40851809450639,10.518031322399183,75503200
1997-07-16,11.308429718017578,11.389374267578125,10.665634765625,10.84656964111328,111217600
1997-07-17,11.389376640319824,11.484605541994739,11.16082727630003,11.465559761659756,131668000
1997-07-18,10.703733444213867,11.227492642996573,10.665641866120579,11.046557647053456,158927200
1997-07-21,10.3561429977417,10.74182004731277,10.189492420766546,10.732297157199904,127223200
1997-07-22,10.97989273071289,11.032268628387582,10.41804219202073,10.427565082507037,101384000
1997-07-23,10.775145530700684,11.189391072534956,10.741815429633558,11.065593554285632,95556000
1997-07-24,10.51326847076416,10.694203344808109,10.332333596720213,10.54183713508689,141855200
1997-07-25,10.551362037658691,10.837048735429235,10.456133138401844,10.551362037658691,90308800
1997-07-28,10.437089920043945,10.618024873037408,10.341860997415807,10.608501980774594,56404000
1997-07-29,10.66087532043457,10.670398210403695,10.370427176376282,10.418041626221902,79061600
1997-07-30,10.751346588134766,10.818006841559871,10.637071867977443,10.722777908095436,78324000
1997-07-31,10.770386695861816,10.827524025813338,10.732295142560801,10.818001137488084,42240800
1997-08-01,10.713252067565918,10.803719529469808,10.603738824208579,10.77038941192627,58912800
1997-08-04,10.784671783447266,10.818001894919288,10.622782670583156,10.684681449031197,46312800
1997-08-05,10.91799259185791,10.99893715097766,10.818002254121751,10.837048032738162,59333600
1997-08-06,10.927513122558594,11.01798055145995,10.837045693657236,10.917990235305819,43410400
1997-08-07,10.96561050415039,10.998940627263309,10.818005673221748,10.994179181104322,43947200
1997-08-08,10.665637969970703,10.90371024608612,10.665637969970703,10.879903018474579,66815200
1997-08-11,10.532316207885742,10.684682445974504,10.389472859677525,10.665636666213409,72696000
1997-08-12,10.360904693603516,10.646591403905084,10.346620358088439,10.618022732874927,60887200
1997-08-13,10.365663528442383,10.532314067484865,10.265673205016894,10.52279117953958,66731200
1997-08-14,10.379951477050781,10.418043042104179,10.218062325573843,10.360905694524083,45900800
1997-08-15,10.122831344604492,10.360903577544391,10.113308455286896,10.322812020274007,51078400
1997-08-18,10.199007987976074,10.199007987976074,9.979981672641388,10.132347805048127,69969600
1997-08-19,10.575170516967773,10.5894548535508,10.2561536666135,10.26567655766885,91013600
1997-08-20,10.708491325378418,10.718014216730467,10.437088921845039,10.589455183477812,51433600
1997-08-21,10.503745079040527,10.84656903447612,10.475176416087562,10.789431708570188,64412000
1997-08-22,10.456132888793945,10.475178668190654,10.218060646335067,10.303766653620261,72161600
1997-08-25,10.398996353149414,10.589454161815155,10.332336120116405,10.503748147915571,38856800
1997-08-26,10.284719467163086,10.427562793095907,10.265673690372044,10.360902574327257,34327200
1997-08-27,10.251389503479004,10.308526834664208,10.132353396843158,10.303765390398775,49371200
1997-08-28,10.060935020446777,10.189494057622388,10.05617357462546,10.170448274337112,43641600
1997-08-29,10.070456504821777,10.199015524032268,10.037126388730169,10.060933614509889,37857600
1997-09-02,10.45136833190918,10.475175549066147,10.132351622005801,10.141874508868588,50112800
1997-09-03,10.403757095336914,10.579930556447882,10.375188425967568,10.484701658550062,42872800
1997-09-04,10.52755355834961,10.551360780326881,10.341857226926889,10.360903004508707,44476000
1997-09-05,10.460890769958496,10.641825612588638,10.379946235097643,10.594211180317547,48398400
1997-09-08,10.613259315490723,10.651350869785889,10.494223208318328,10.494223208318328,42416000
1997-09-09,10.627546310424805,10.684683656179777,10.541840291792345,10.60850052850648,39465600
1997-09-10,10.294242858886719,10.598975302443034,10.289481414456151,10.579929524720765,53294400
1997-09-11,10.422800064086914,10.465653056584301,10.122829116605198,10.284718199373108,61779200
1997-09-12,10.508509635925293,10.541839752577525,10.332336162192064,10.427565066912727,48576000
1997-09-15,9.95617961883545,10.456131249623457,9.951418174732707,10.332333702952141,129003200
1997-09-16,10.389471054077148,10.437085495204908,9.979986860378416,10.037124189731726,102538400
1997-09-17,10.146636962890625,10.41803926551135,10.103783967739984,10.408516377700098,61609600
1997-09-18,10.075218200683594,10.294244683307149,10.013319412116067,10.227584449465198,61077600
1997-09-19,10.299005508422852,10.303766953410564,10.056171814049497,10.075217594000348,77435200
1997-09-22,10.156159400939941,10.351378592425426,10.146636513550407,10.284718380698676,43251200
1997-09-23,10.322813987731934,10.322813987731934,10.141879056212648,10.175209175176727,39946400
1997-09-24,10.089502334594727,10.365666154984767,10.065695108699034,10.332336038730796,60040000
1997-09-25,10.113309860229492,10.218061657275184,10.060933961706647,10.122832750870009,39272000
1997-09-26,10.16092300415039,10.189491672390739,10.0276025523621,10.179968782977289,36652000
1997-09-29,10.246628761291504,10.265674539658217,10.122831201907871,10.170445647824653,27505600
1997-09-30,10.079978942871094,10.341858414698166,10.075217497928785,10.241868070909648,43892800
1997-10-01,10.199007987976074,10.24662240435318,10.00855032246765,10.094256271946442,61466400
1997-10-02,10.146636962890625,10.25615017272004,10.113306855551238,10.189489958041266,28831200
1997-10-03,10.279959678649902,10.379950022907266,10.160923554533992,10.279959678649902,60284800
1997-10-06,10.294242858886719,10.379948858636933,10.227582636858775,10.35138019205353,41776800
1997-10-07,10.403757095336914,10.489463103444953,10.256152303595293,10.284720972964639,54548800
1997-10-08,10.589455604553223,10.59421705041858,10.379951986477531,10.40852066166967,71196800
1997-10-09,10.58469009399414,10.63706597839987,10.522791321514644,10.55135998573595,34672800
1997-10-10,10.398996353149414,10.57040838094858,10.37995057228284,10.537078264432076,24893600
1997-10-13,10.418044090270996,10.503750120264085,10.403759751938814,10.437089874713905,19051200
1997-10-14,10.413277626037598,10.465653508015839,10.313287305897319,10.446607732751024,33361600
1997-10-15,10.341856956481934,10.360902733565695,10.275196736688772,10.341856956481934,45003200
1997-10-16,10.201395034790039,10.408517874469556,10.075216753146195,10.370426317746887,47327200
1997-10-17,10.075218200683594,10.256153121111748,9.93237484245084,10.141878434525545,87720000
1997-10-20,10.103780746459961,10.303761326738622,9.713342470677812,10.132349400785483,154052800
1997-10-21,10.551362037658691,10.60730901597209,10.308528344553732,10.370427129070682,115682400
1997-10-22,10.337095260620117,10.551360247597504,10.313288039844853,10.541837359287397,55775200
1997-10-23,10.3323335647583,10.456131109773839,10.056169810492872,10.056169810492872,66413600
1997-10-24,10.313288688659668,10.456132022297613,10.15139957720333,10.427563355570024,70030400
1997-10-27,9.818097114562988,10.379947482903644,9.799051339365,10.27519571931471,96795200
1997-10-28,10.16092300415039,10.284720566525232,9.408614740487897,10.075216999429347,160057600
1997-10-29,9.970465660095215,10.28948246965891,9.913328321068882,10.189492126362827,85532800
1997-10-30,9.799052238464355,10.008555784864955,9.789529349991602,9.865712457773638,72097600
1997-10-31,9.903806686401367,10.018081378936769,9.875238013267518,9.979989814758301,46808800
1997-11-03,10.218062400817871,10.227585292151344,10.0037973458147,10.027604574148386,67714400
1997-11-04,10.22758674621582,10.279962655996256,10.14664215837333,10.208540960841116,49134400
1997-11-05,10.175209999084473,10.256154580265772,10.094265417903173,10.246631688362088,42512800
1997-11-06,10.060935020446777,10.170448274337112,10.037127791340184,10.151402491051837,40266400
1997-11-07,10.022843360900879,10.05617348134093,9.894284324917827,9.908568662249277,63628800
1997-11-10,9.918091773986816,10.094265271652448,9.884761652806832,10.027605029292479,36764800
1997-11-11,9.95141887664795,10.013317654349587,9.856189987876197,9.937134543332187,37013600
1997-11-12,9.841906547546387,9.979988448794014,9.827622212934562,9.913328220605504,45784000
1997-11-13,10.022843360900879,10.027604806678028,9.841908421369176,9.908568662249277,60094400
1997-11-14,10.156159400939941,10.199012394192852,10.008554646402137,10.027600421181209,46663200
1997-11-17,10.275203704833984,10.34662541733283,10.165690412335753,10.246635019834445,60094400
1997-11-18,10.208536148071289,10.322810806445222,10.189490371675634,10.279957809554997,36683200
1997-11-19,10.289481163024902,10.29424260733912,10.160922166541019,10.179967943797891,31720800
1997-11-20,10.427562713623047,10.446608490268934,10.275196500455953,10.303765165424783,53680800
1997-11-21,10.503745079040527,10.513267966691517,10.389470427228664,10.498983635215033,68220800
1997-11-24,10.322813987731934,10.522794701516409,10.322813987731934,10.446611572455657,39084000
1997-11-25,10.589455604553223,10.60850138801465,10.341860419554678,10.35138331128539,56463200
1997-11-26,10.784671783447266,10.80847900592728,10.532315225159095,10.589452559111134,63053600
1997-11-28,10.77991008758545,10.837047420205161,10.751341421275594,10.760864310045546,17392800
1997-12-01,10.956084251403809,10.970368585499513,10.789433686953947,10.813240910446785,49006400
1997-12-02,10.837051391601562,11.037032129056426,10.818005607082053,10.937041760328995,50167200
1997-12-03,11.022746086120605,11.051314758482041,10.741820807899822,10.794196707229121,57712000
1997-12-04,10.860855102539062,11.113211665640584,10.837047879604958,11.027505663077804,62630400
1997-12-05,10.903706550598145,11.027504092220656,10.827523448061214,10.827523448061214,48136000
1997-12-08,11.13226318359375,11.17035475992769,10.903713725590116,10.93228240784057,49952800
1997-12-09,10.994172096252441,11.075116628793062,10.932273336074319,11.046547970249312,51782400
1997-12-10,10.837051391601562,10.913234529679606,10.74182246900401,10.837051391601564,66434400
1997-12-11,10.594212532043457,10.741817290916872,10.579928200539578,10.69420285257061,70189600
1997-12-12,10.418044090270996,10.551364581371356,10.36090673694227,10.49422722804263,54308000
1997-12-15,10.370431900024414,10.437092160171495,10.13235954235627,10.39423913579123,84305600
1997-12-16,10.594212532043457,10.69420285257061,10.28471868279275,10.351378896477518,65401600
1997-12-17,10.3323335647583,10.694203311726795,10.322810676680183,10.65611175941432,51472000
1997-12-18,9.970465660095215,10.265675245064605,9.932374100744326,10.24662946538916,98774400
1997-12-19,9.803815841674805,9.91809052851317,9.61811947556246,9.808577286959737,138065600
1997-12-22,9.675254821777344,9.903804148276022,9.58954882434034,9.837143928047242,59063200
1997-12-23,9.394332885742188,9.77048651234497,9.370525076167107,9.680019625869233,67195200
1997-12-24,9.061033248901367,9.437186940263873,8.989610970342175,9.427664047286816,88411200
1997-12-26,9.19911003112793,9.19911003112793,9.046743819432228,9.05626670766321,32388800
1997-12-29,9.622881889343262,9.65621142644799,9.303864461183123,9.322910243089332,67815200
1997-12-30,9.922849655151367,9.979986985219417,9.618117228121767,9.632402141869758,77864800
1997-12-31,9.846664428710938,10.018076382015384,9.827618656121555,9.979984836836618,46147200
1998-01-02,9.989511489868164,10.018080159524605,9.86571392135693,9.87523681124241,39748000
1998-01-05,9.93237018585205,10.179965224042034,9.741912464167447,9.99903038844166,80377600
1998-01-06,9.989511489868164,10.13235483815036,9.84666814158597,9.884759701127889,67834400
1998-01-07,9.870475769042969,9.994273342605496,9.713348079521301,9.89428299472807,61492800
1998-01-08,9.94189739227295,10.065694965165237,9.71334802693334,9.799054038935694,77619200
1998-01-09,9.675254821777344,10.01807881152536,9.58954882434034,9.908565592578078,87534400
1998-01-12,9.865715026855469,9.903806590665722,9.475276497800378,9.494322279705505,78393600
1998-01-13,10.065696716308594,10.075219608187789,9.76096417617437,9.86571598684551,66945600
1998-01-14,9.989511489868164,10.094263278608441,9.84666814158597,10.065694608952002,54774400
1998-01-15,10.079978942871094,10.132354837236509,9.894282590120989,9.932374149659472,50622400
1998-01-16,10.303766250610352,10.313289139936238,10.079978351451993,10.084739796114937,72943200
1998-01-20,10.498983383178711,10.513267714312287,10.208535316795988,10.218058204218373,64956000
1998-01-21,10.437089920043945,10.546603181066304,10.332338105152994,10.456135704569574,85567200
1998-01-22,10.560882568359375,10.656111446342777,10.308526041703358,10.327571817300038,159139200
1998-01-23,10.532316207885742,10.622783661750944,10.414470445613963,10.570407767407932,63312000
1998-01-26,10.798955917358398,10.808478806174412,10.547789724836063,10.656112585118208,74277600
1998-01-27,11.060835838317871,11.113211729071853,10.784672050705975,10.846570830687952,97540800
1998-01-28,11.351287841796875,11.38937941173579,11.084646852224465,11.141784207132838,79387200
1998-01-29,11.294143676757812,11.436986977897245,11.23700635630204,11.34651955384227,73571200
1998-01-30,11.365567207336426,11.427465981402356,11.246531103363486,11.322714209906167,50071200
1998-02-02,11.79886245727539,11.817908240095852,11.46556125791733,11.560790172019633,98397600
1998-02-03,11.875042915344238,11.894088693877269,11.71791524244674,11.817905579745148,61374400
1998-02-04,11.94646167755127,12.036929103567003,11.813141260264926,11.875040025433584,61940800
1998-02-05,11.841715812683105,12.094072442386445,11.789339908405054,12.046457983951852,67014400
1998-02-06,12.046451568603516,12.055974455219014,11.817902289831592,11.836948063062586,50070400
1998-02-09,11.975035667419434,12.103594698441432,11.85599952758425,12.094071807254618,54681600
1998-02-10,12.132164001464844,12.15120978482664,11.94170616784687,11.979797734570464,48099200
1998-02-11,12.108356475830078,12.19406249885994,11.96551310411364,12.141686595897246,76460000
1998-02-12,12.094071388244629,12.108355724529956,11.917897907392245,12.041695488531758,76658400
1998-02-13,11.99884033203125,12.094069223555309,11.989317442878844,12.084546334402901,42203200
1998-02-17,11.76076602935791,12.075021315972332,11.722674479465253,12.075021315972332,85673600
1998-02-18,11.779813766479492,11.884565546132906,11.713153543063681,11.77981376647949,76608800
1998-02-19,11.79886245727539,11.889329925672579,11.751248000224239,11.846476914326542,73773600
1998-02-20,11.817907333374023,11.865521786771984,11.646495301141362,11.8464760054128,86092000
1998-02-23,12.436894416809082,12.446417306867895,12.094070374691833,12.332142626162145,120803600
1998-02-24,12.513073921203613,12.941603850011957,12.474982371976205,12.703531667340656,118302000
1998-02-25,12.941604614257812,12.951127502127022,12.65591797818148,12.713055305396747,94944400
1998-02-26,13.027312278747559,13.055880946025514,12.86542316417248,13.027312278747559,61388000
1998-02-27,12.913042068481445,13.103499916099167,12.884473391338789,13.036839669432965,47532400
1998-03-02,12.694008827209473,13.084447208241423,12.655917277840503,13.084447208241423,50093600
1998-03-03,12.8749418258667,12.884464711832576,12.579732360924488,12.589255246890366,50753600
1998-03-04,12.54164981842041,12.77019924563536,12.427375104812937,12.560695604021657,71513600
1998-03-05,12.198822975158691,12.40832657036048,12.075025396175816,12.075025396175816,92255600
1998-03-06,12.608302116394043,12.608302116394043,12.227386644599662,12.23690953139452,51404800
1998-03-09,12.127395629882812,12.570209840161219,12.113111300518993,12.570209840161219,52256000
1998-03-10,12.417850494384766,12.417850494384766,12.179778207299169,12.370236036967647,47406400
1998-03-11,12.294046401977539,12.494027017346655,12.151203105285314,12.494027017346655,39838800
1998-03-12,12.474984169006348,12.589258833149916,12.313095061469623,12.570213055792655,47962000
1998-03-13,12.551161766052246,12.646390611014706,12.427364267601048,12.560684650548492,32542400
1998-03-16,12.494033813476562,12.608308512990067,12.398804897215307,12.56069405485944,27979600
1998-03-17,12.246438026428223,12.446418740701155,12.141686223713828,12.446418740701155,53842400
1998-03-18,12.455939292907715,12.465462182275381,12.170252611877721,12.198821279980722,33887600
1998-03-19,12.494033813476562,12.541648271607189,12.379759113963056,12.417850680467557,30299200
1998-03-20,12.465460777282715,12.646395654875054,12.26548012310171,12.513075218754384,56310000
1998-03-23,12.779714584350586,12.893989230410352,12.35118466162646,12.370230435969754,55050000
1998-03-24,12.941604614257812,12.960650389996234,12.713055305396747,12.82732995982728,32281600
1998-03-25,13.532022476196289,13.8558006353734,13.293950300330767,13.789140426131054,124244800
1998-03-26,13.446318626403809,13.646299285861655,13.332043963856467,13.484410180586256,45441200
1998-03-27,13.37966537475586,13.617737712384967,13.341573800735201,13.617737712384967,38924000
1998-03-30,13.398707389831543,13.503459188899166,13.27490980911526,13.417753171480202,27463200
1998-03-31,13.6367769241333,13.674868479787305,13.484410701517287,13.503456479344289,38177200
1998-04-01,13.770097732543945,13.808189289203817,13.484411057594901,13.68439173005923,36835600
1998-04-02,13.91294002532959,14.008168909828767,13.693913590981486,13.817711140830415,41414800
1998-04-03,14.170062065124512,14.17958495629731,13.941512676977341,14.01769580635973,40987600
1998-04-06,13.703439712524414,14.11292401248171,13.570119242770875,14.11292401248171,74232000
1998-04-07,13.293963432312012,13.808199840152161,13.217780260780138,13.608219014880993,62630800
1998-04-08,13.551066398620605,13.560589284354,13.198719626485003,13.217765397951792,36793200
1998-04-09,13.560591697692871,13.655820571974422,13.332042399417148,13.398702611414233,33619200
1998-04-13,13.50346565246582,13.560603024761162,13.217778790989112,13.532034338613492,33156400
1998-04-14,13.474886894226074,13.646298882986546,13.332043570259012,13.512978447283956,28476800
1998-04-15,13.92246150970459,13.92246150970459,13.541546010123069,13.598683335060297,40498400
1998-04-16,13.97007942199707,14.027216761146342,13.74153006539998,13.770098734974617,39695600
1998-04-17,14.036736488342285,14.055782263767444,13.760572744677477,13.941507611216489,37402800
1998-04-20,14.417654037475586,14.474791371838105,14.046261364119214,14.074830031300474,45535200
1998-04-21,14.455748558044434,14.474794340070844,14.189107609674709,14.42717988500482,51938400
1998-04-22,15.065214157104492,15.10330572260918,14.570023805543535,14.627161153800568,80154000
1998-04-23,14.39861011505127,14.836663068286956,14.34385349589681,14.817617287711492,64215200
1998-04-24,14.036736488342285,14.436697772270627,13.998644937491967,14.246240018019035,51436000
1998-04-27,13.760579109191895,13.793909231601702,13.484415237796348,13.636781511669753,58752000
1998-04-28,13.693913459777832,14.055783217407567,13.56297374484602,14.036737440690212,56668000
1998-04-29,13.78914737701416,13.941513646373433,13.655826891324798,13.72248713416948,50061600
1998-04-30,13.732002258300781,13.960551533057522,13.6653420531634,13.941505760161126,54473600
1998-05-01,13.655826568603516,13.789147051142184,13.4272771699658,13.74153259309266,35996000
1998-05-04,13.417749404907227,13.693913161289277,13.398703628605016,13.58916139162712,37899600
1998-05-05,13.370137214660645,13.646301017527568,13.255862537612263,13.351091435152581,50828000
1998-05-06,13.160638809204102,13.332050892102563,13.103501448237948,13.332050892102563,48110800
1998-05-07,12.703536033630371,13.141589000307281,12.674967361890573,13.132066109727349,78022000
1998-05-08,13.06540298461914,13.122540315455668,12.474983899308365,12.474983899308365,96274800
1998-05-11,12.836853981018066,13.132063531026644,12.808285314888206,13.12254064231669,51474400
1998-05-12,13.055872917175293,13.065395800411745,12.684480470953675,12.684480470953675,64147200
1998-05-13,13.246336936950684,13.522500683299764,13.1796767223147,13.512977795494622,80680400
1998-05-14,13.551066398620605,13.86532162782263,13.074922111950873,13.084444997684267,94774400
1998-05-15,13.62725830078125,13.741533003513167,13.522506489943657,13.732010111618841,48150800
1998-05-18,13.113016128540039,13.179676341248665,12.87494394029494,12.87494394029494,80395600
1998-05-19,13.179676055908203,13.246336267173636,13.036832746053706,13.07492429534824,52234400
1998-05-20,13.06540298461914,13.236814977128722,13.008265653782615,13.122540315455668,35698800
1998-05-21,13.160638809204102,13.313005105113845,13.027318300283076,13.07493276775487,36680000
1998-05-22,13.036834716796875,13.217769603297343,13.017788939270512,13.198723825770978,36129200
1998-05-26,12.741626739501953,13.132065227035273,12.72258095962228,12.998744767877554,44473600
1998-05-27,13.103492736816406,13.122538511143173,12.627348378647204,12.627348378647204,58574400
1998-05-28,13.151111602783203,13.160634493154516,12.960653795356944,13.065405589441387,30746800
1998-05-29,12.922562599182129,13.179680646476099,12.91303970854161,13.160634865195064,34091200
1998-06-01,12.760675430297852,12.891615196840087,12.665446509176226,12.779721214522176,42436800
1998-06-02,13.027312278747559,13.093972502396122,12.779717162338613,12.808285829616569,38570800
1998-06-03,12.846378326416016,13.170156579268607,12.81780965704667,13.084450571160568,36010800
1998-06-04,13.113016128540039,13.122539016069842,12.741623514877684,12.903512602884351,33717600
1998-06-05,13.141592025756836,13.179683596845985,12.913042599221933,13.08445466912311,34431600
1998-06-08,13.055872917175293,13.151101749539809,12.951121201574324,13.04635003393884,18886400
1998-06-09,13.265389442443848,13.341572583534695,12.989225555989526,12.998748448625882,35690400
1998-06-10,13.103492736816406,13.465362449024997,13.084446962489636,13.198721608450246,33290400
1998-06-11,12.998745918273926,13.274909750969856,12.970177245926072,13.170157952361055,41271200
1998-06-12,13.06540298461914,13.122540315455668,12.798762107382016,12.93208254600058,41323600
1998-06-15,13.093971252441406,13.303474792480468,12.884467712402344,12.903513488769532,42846000
1998-06-16,13.693913459777832,13.70343634813651,13.027311274670428,13.151108823333232,61138400
1998-06-17,13.874848365783691,14.074829021707822,13.674867709859562,13.70343637499158,76147600
1998-06-18,13.893898963928223,13.979604989065546,13.7701013720632,13.836761613836673,39228400
1998-06-19,14.427178382873535,14.436701272895233,14.09387723211408,14.151014572244272,91226800
1998-06-22,14.598591804504395,14.617637586375894,14.274813512688903,14.43670265859665,48969600
1998-06-23,15.350897789001465,15.369943567896007,14.512883517641582,14.598589522667025,124675200
1998-06-24,15.988930702209473,16.017499369336708,15.227099578816526,15.493740472004056,105724800
1998-06-25,15.474699020385742,16.284144815298227,15.446130345271184,16.131778548020584,88969600
1998-06-26,15.912751197814941,15.941319871419635,15.541358440953909,15.579450005760169,55680400
1998-06-29,16.36984634399414,16.40793790035015,16.036545225879074,16.074636782235082,65906000
1998-06-30,16.51268768310547,16.54125634691707,15.941314406873445,16.03654328624545,77010000
1998-07-01,16.66506004333496,16.77933474077497,16.33175884246826,16.626968477521622,53470400
1998-07-02,16.341278076171875,16.62696475582523,16.32223229752832,16.579350309216338,27321200
1998-07-06,16.426979064941406,16.46507061059924,16.055586494777515,16.284135768724525,35307600
1998-07-07,16.446025848388672,16.54125471838513,16.22699944739681,16.426980074389377,32422800
1998-07-08,16.741241455078125,16.77933301697819,16.265096931327324,16.474600521777678,41553600
1998-07-09,16.912641525268555,17.06500766513584,16.72218385043445,16.760275385401272,43690000
1998-07-10,17.245948791503906,17.25547167874383,16.741235767787888,16.931693512586385,45396800
1998-07-13,17.912551879882812,18.017303645262242,17.31260995089152,17.388793052985655,69223200
1998-07-14,17.750667572021484,18.093491623841643,17.598301326768084,18.01730850121494,56972400
1998-07-15,17.883981704711914,17.97921057427907,17.617340869923876,17.67447819166417,48690000
1998-07-16,17.883981704711914,18.11253099167309,17.769707061231326,17.988733461235785,65125200
1998-07-17,17.969696044921875,18.22681411233729,17.664963520577675,17.90303580522158,83108400
1998-07-20,17.82685661315918,18.2077723527566,17.798287932689373,18.007791589467953,45794800
1998-07-21,17.18881607055664,18.131582159745065,17.14120162160773,17.807803906892477,74605200
1998-07-22,17.788761138916016,17.86494427013193,17.04597560956085,17.065021392364827,71654400
1998-07-23,17.21738052368164,17.903028420642414,17.21738052368164,17.722093558944433,51029600
1998-07-24,17.3411808013916,17.617344581314917,17.14120013317127,17.331657912428728,60366400
1998-07-27,17.788761138916016,17.788761138916016,16.865040672923055,17.236433437600635,58998000
1998-07-28,17.103107452392578,17.807801189295166,17.06501589904649,17.674480752583865,78378400
1998-07-29,16.865039825439453,17.407844608076406,16.769810916204897,17.255478353301122,59738000
1998-07-30,17.284046173095703,17.312614844456192,16.874561883595366,17.055496802211792,72746400
1998-07-31,16.750757217407227,17.29594246510283,16.750757217407227,17.207855765693495,53705200
1998-08-03,16.522214889526367,16.893607616149726,16.36032575228029,16.62696668421501,73566400
1998-08-04,15.922269821166992,16.703146690386905,15.874655377921878,16.550780472002533,91412000
1998-08-05,15.893705368041992,16.188914994410656,15.465175265248769,15.865136694522445,120208800
1998-08-06,16.284143447875977,16.29366633878117,15.788953120806065,15.807998902616445,68308000
1998-08-07,16.13177490234375,16.379370030715023,16.007977338158113,16.369847141162282,54972400
1998-08-10,15.912751197814941,16.198437933861886,15.91275119781494,16.12225480424937,46763200
1998-08-11,15.76037883758545,15.903222150312809,15.541352424736829,15.674672849949031,60976400
1998-08-12,16.007980346679688,16.02702612936461,15.69372493237842,15.893705650570135,53760000
1998-08-13,15.836565971374512,16.15082133941742,15.807997301552428,15.865134641196594,51193200
1998-08-14,15.884174346923828,16.007971868812323,15.769899711334448,15.950834551017634,29566400
1998-08-17,16.350801467895508,16.360324357509892,15.693722084503085,15.76990520141815,54073200
1998-08-18,16.95075225830078,17.036458309045,16.360332797618394,16.436515953835475,70591200
1998-08-19,16.845993041992188,17.179294204496273,16.79837859020589,17.103111081638197,55709600
1998-08-20,17.150724411010742,17.17929308021287,16.712671483244783,16.77933171138308,49970400
1998-08-21,16.855512619018555,17.045970388724978,16.569825964458918,16.931695726901125,59523600
1998-08-24,16.81742286682129,17.06501799396588,16.76028552978792,16.807899977315728,26319200
1998-08-25,17.18881607055664,17.32213652761359,16.931698046232526,16.969789605391654,58026800
1998-08-26,17.150724411010742,17.331659315957552,16.893606388191593,16.95074372659585,44804400
1998-08-27,16.64600944519043,17.179291212313235,16.53173478080697,16.845990107861482,74874000
1998-08-28,16.03654670715332,16.703149004956604,15.960363587404371,16.493645425647,72730000
1998-08-31,14.617634773254395,16.227003031677842,14.589066105945102,15.979407914997312,132690400
1998-09-01,15.427081108093262,15.503264224676437,14.398609034220378,14.512883709095142,140112400
1998-09-02,15.322333335876465,15.88418396783216,15.274718875541236,15.512791177217379,63438400
1998-09-03,15.122347831726074,15.350897169233269,14.989027384846876,15.046164719223675,67506800
1998-09-04,14.722382545471191,15.274709963089126,14.646199453385957,15.18900398449324,50890400
1998-09-08,15.536593437194824,15.550877770725801,15.093779097734474,15.236622433044264,60625600
1998-09-09,15.579452514648438,15.91275376037747,15.484223587297286,15.579452514648438,65480800
1998-09-10,15.350897789001465,15.408035125685092,15.036642437241508,15.236623115634206,60758000
1998-09-11,15.884174346923828,15.941311664718517,15.255663851182238,15.408030031968078,58989200
1998-09-14,16.150819778442383,16.31270889178762,15.979407776076838,15.988930665097147,45086800
1998-09-15,16.5031681060791,16.52221388577452,16.01750072384596,16.131775402018462,49367600
1998-09-16,16.484127044677734,16.531741507545085,16.1698715897532,16.43651258181038,42886800
1998-09-17,15.988930702209473,16.22700292826977,15.96988492412465,16.046068036463943,45178400
1998-09-18,16.05558967590332,16.188910112120784,15.89370057478211,16.112727005710806,47361600
1998-09-21,16.436508178710938,16.46507684877822,15.598493856737262,15.61753963678212,45872000
1998-09-22,16.636491775512695,16.741243584059138,16.265098999757114,16.52221707528021,43082000
1998-09-23,17.31261444091797,17.35070600184408,16.53173744193267,16.703149466100175,65263600
1998-09-24,16.779327392578125,17.46497527695135,16.60791542148482,17.236425982160274,63521600
1998-09-25,17.226911544799805,17.236434436753814,16.550786216065266,16.626969351697326,47878400
1998-09-28,16.960262298583984,17.426883776759514,16.722190115841368,17.21738025594601,41405200
1998-09-29,17.198331832885742,17.369743778064006,16.969782572648057,17.036442773550714,48743200
1998-09-30,16.76980972290039,17.303091576666674,16.765048277777478,17.112633771750144,38875600
1998-10-01,15.855610847473145,16.68410222508886,15.846087958075262,16.465075768937577,65442400
1998-10-02,15.865137100219727,16.0270262543036,15.3889925293848,15.750862403219344,65889600
1998-10-05,15.417562484741211,15.674680574357032,14.70334556914171,15.61754322110907,114937600
1998-10-06,14.87475872039795,15.788956439449295,14.83666714877081,15.617544367127168,76550000
1998-10-07,14.341473579406738,15.19853375347487,14.227198889530987,14.836663902201657,90710400
1998-10-08,13.893898963928223,13.998650772429395,13.37013992142236,13.798670047108974,144719200
1998-10-09,14.760479927062988,14.779525707614038,14.055786046674175,14.198629400807043,72661600
1998-10-12,15.19853687286377,15.388994728413442,15.008079017314099,15.122353730643901,51502800
1998-10-13,14.693819046020508,15.19853220832711,14.589067257617252,15.160440648907745,47995600
1998-10-14,15.265193939208984,15.446128864252632,14.60811447457678,14.60811447457678,62403200
1998-10-15,16.06511688232422,16.09368555490689,15.179488032261293,15.255671159148427,66253600
1998-10-16,16.007980346679688,16.22700684755633,15.846091193857822,16.150823716816625,68620000
1998-10-19,15.684196472167969,15.874654231392837,15.408032721291908,15.865131343431594,60177600
1998-10-20,15.27470874786377,15.750853035515384,15.179479890333447,15.73180726400932,94368400
1998-10-21,16.21747589111328,16.284136097359784,15.703240014354552,15.979403725947202,125377200
1998-10-22,16.760284423828125,16.779330201582475,16.036544869162817,16.15081953568892,81910800
1998-10-23,16.207965850830078,16.760293711786687,16.179397168366805,16.6079274053159,59882000
1998-10-26,16.312705993652344,16.455549303579247,16.10320247242622,16.274614444338503,59678400
1998-10-27,16.06511688232422,16.436509625898992,15.998456646297976,16.41746384417721,65434800
1998-10-28,16.103206634521484,16.246049981368216,15.979409067254318,15.979409067254318,56808400
1998-10-29,16.246051788330078,16.379372260215554,16.06511686219979,16.06511686219979,52402800
1998-10-30,16.13177490234375,16.484121815795177,16.017500227710855,16.341278472504058,59322800
1998-11-02,16.12224769592285,16.284136774972286,15.998450164885051,16.20795367894902,48388400
1998-11-03,16.027019500732422,16.236523023617814,15.960359288905252,16.07463393775183,36546800
1998-11-04,16.07464027404785,16.35080411761858,15.97941136247174,16.12225472983591,67459600
1998-11-05,16.207965850830078,16.398423733918566,16.03655375605044,16.046076650204867,76727200
1998-11-06,16.65553092956543,16.722191144835275,16.14129498319806,16.16034075898944,74461200
1998-11-09,16.865039825439453,16.96979162559746,16.57935309773579,16.63649044327652,68956800
1998-11-10,17.074541091918945,17.284044663598934,16.769808624020783,16.7793315136426,72075600
1998-11-11,16.92218780517578,17.484038722736486,16.893619114452356,17.284057887672507,63899200
1998-11-12,16.569826126098633,16.931695892070902,16.531734571785766,16.798375451975858,38526800
1998-11-13,16.760284423828125,16.836467534845525,16.51268931302157,16.522212201898746,28368800
1998-11-16,16.5793514251709,17.026927253420773,16.379370735952868,16.96026702368143,42620400
1998-11-17,17.04597282409668,17.122155942863593,16.59839700134107,16.607919891186935,58744000
1998-11-18,16.722198486328125,16.922179219934556,16.626969565563158,16.693629810098635,41691200
1998-11-19,17.02692413330078,17.14119879191354,16.617439939938404,16.617439939938404,45220800
1998-11-20,17.31261444091797,17.331660221381025,16.9507446121199,17.179293977676576,48405200
1998-11-23,18.16014862060547,18.312514838712282,17.141199537016174,17.141199537016174,110870400
1998-11-24,18.54106330871582,19.055299271053084,18.074441787335708,18.083964675527138,101114800
1998-11-25,18.931507110595703,18.95055289239711,18.398225220156387,18.69343483807815,41394000
1998-11-27,19.512405395507812,19.521928287355305,18.94103188465839,19.064829478675765,26335600
1998-11-30,18.588680267333984,19.848082401224826,18.57915737785277,19.712381226117493,70900000
1998-12-01,19.731430053710938,19.769521617521193,18.30299641082646,18.322042192731587,86330800
1998-12-02,19.31241798400879,19.769516634517874,19.121960212963337,19.68381063754742,65759600
1998-12-03,18.607730865478516,19.64572608775956,18.588685081583453,19.331470653490985,51426800
1998-12-04,19.407649993896484,19.407649993896484,18.893413929288826,19.03625728056873,44352000
1998-12-07,20.350419998168945,20.37898867387999,19.31242478066758,19.455268159222815,89809200
1998-12-08,19.98853874206543,20.45516018006505,19.7695123528003,20.245656677289713,77585200
1998-12-09,20.359939575195312,20.38850824625499,19.80761193470826,20.13139020671791,44781600
1998-12-10,20.045686721801758,20.51230840796246,20.017118047138855,20.28375901065926,57015600
1998-12-11,20.417072296142578,20.521824066318683,19.921882109855538,19.95997366264685,51728800
1998-12-14,19.49335479736328,20.378983520448177,19.455263239381136,20.22661728851959,64077600
1998-12-15,20.093292236328125,20.112338010959714,19.69333096906472,19.702853856380514,51719600
1998-12-16,20.378984451293945,20.58848802976519,19.674290596436116,20.18852665268372,60024000
1998-12-17,20.474224090576172,20.550407249982968,20.150445663097294,20.44565540579862,46963600
1998-12-18,20.997966766357422,21.06462697831411,20.436116408436746,20.569436832350124,59648000
1998-12-21,21.397937774658203,21.66457874381282,20.98845342917075,21.12177391374806,48112000
1998-12-22,21.09320068359375,21.40745604366535,20.93131155870838,21.40745604366535,41350000
1998-12-23,21.87407875061035,21.912170311342805,21.236045108341788,21.388411351271593,34940000
1998-12-24,21.597911834716797,21.940735832093253,21.559820279452747,21.883598499197177,13832400
1998-12-28,21.69314193725586,21.88359972423791,21.55982148636842,21.788370830746885,23636400
1998-12-29,21.407466888427734,21.721722407697357,21.274146365101227,21.721722407697357,29651600
1998-12-30,21.178911209106445,21.843132907323703,21.15986542564502,21.464597961027845,34942800
1998-12-31,21.131288528442383,21.331269176976537,21.026536760162585,21.20747163264587,23834400
1999-01-04,21.48365020751953,22.13120704001569,21.236054948035708,21.271765802768954,69305200
1999-01-05,22.321651458740234,22.550200791082283,21.550297462085815,21.616957684018914,64281600
1999-01-06,23.04539680480957,23.083488369776198,22.359748635410277,22.77875585004318,69064800
1999-01-07,22.931121826171875,22.950167608419527,22.588297745714158,22.81684713268597,51150400
1999-01-08,22.83589744567871,23.235858952233553,22.39784436707103,23.1882444871675,50244800
1999-01-11,22.47402572631836,22.99778480044866,21.9788353289588,22.988261908191745,46463200
1999-01-12,21.664573669433594,22.56924817431104,21.483638768458103,22.56924817431104,57907200
1999-01-13,21.912168502807617,22.512110534827123,20.721807328165745,20.721807328165745,75346000
1999-01-14,21.597911834716797,22.178808052493572,21.559820279452747,22.131193608413508,59214000
1999-01-15,22.81684112548828,22.85493267995487,21.540774050857465,21.778846266273664,59344000
1999-01-19,23.711992263793945,24.130999356005567,22.988252740882967,23.064435848557807,102741600
1999-01-20,24.778549194335938,25.559425840736992,24.757122700989566,25.43562832362463,125481200
1999-01-21,24.121475219726562,24.883306257064948,24.035769228025995,24.6452340578967,80077200
1999-01-22,23.807222366333008,24.4143065366745,23.654856143188475,23.711993476867676,82160000
1999-01-25,24.664278030395508,24.883304437615237,24.2452709904969,24.63570936858424,103076400
1999-01-26,26.140317916870117,26.16888657033118,25.06423196983685,25.21659812162917,120203200
1999-01-27,25.69275665283203,26.578385403281764,25.673710873252467,26.283175819798522,98048000
1999-01-28,26.511722564697266,26.521245453549525,25.873689011595715,26.168898566015834,78838400
1999-01-29,26.664098739624023,26.68314452443804,26.035587840761455,26.626007169995987,79571600
1999-02-01,26.349828720092773,26.80692730287718,26.026050557287153,26.730744205746447,81729200
1999-02-02,25.540390014648438,26.2926982962134,25.330886442567056,26.283175406573335,91965600
1999-02-03,25.416603088378906,25.883224876063647,25.292805471238058,25.349942832995374,73749200
1999-02-04,24.235755920410156,25.654666581369334,24.20718724938413,25.616575020001303,89151600
1999-02-05,24.378599166870117,24.62619431465864,23.597722162306308,24.41669072806835,127945200
1999-02-08,25.178516387939453,25.226130828915135,24.62618887262157,24.769032195548608,109866800
1999-02-09,24.388124465942383,25.407073828635014,24.34051000974179,25.13090998267159,77293600
1999-02-10,24.47383689880371,25.045210522900295,24.169104299285532,24.359562173984393,73694000
1999-02-11,24.797592163085938,24.969004090480542,24.43572253858622,24.797592163085938,60366000
1999-02-12,24.035764694213867,24.940438880406543,23.940535832509376,24.63570652295217,62930400
1999-02-16,23.807222366333008,24.35954992523193,23.55010436477661,24.340504147338866,73666800
1999-02-17,22.854936599731445,23.48344735622406,22.626387233734132,23.302512441476186,101215600
1999-02-18,22.207374572753906,23.064434483366192,21.938352989700604,22.99777426809635,117035200
1999-02-19,22.512104034423828,22.740653313961126,22.20737166170743,22.46448960118689,73085600
1999-02-22,22.673995971679688,22.702564635230736,22.05500826140704,22.588289981026552,92514400
1999-02-23,23.68343162536621,23.712000300426965,22.93112318209965,23.302515957889472,95106800
1999-02-24,23.292980194091797,24.283360382229795,23.273934421242988,23.835784720282817,67696800
1999-02-25,23.38821792602539,23.426309486165497,22.79779874385374,23.21680590539491,70817200
1999-02-26,22.873979568481445,23.235849353494892,22.778750677688436,23.21680357533629,59273200
1999-03-01,23.121591567993164,23.245389216421465,22.778767310807105,22.788290206840053,58332000
1999-03-02,22.635906219482422,23.483443305529516,22.493062890373363,23.14061931566777,58569600
1999-03-03,22.79779624938965,22.9596853622717,22.40735780067412,22.70256735945903,76798400
1999-03-04,23.197757720947266,23.38821550190742,22.56924704377874,23.02634571808312,61696400
1999-03-05,23.60724639892578,23.673906634824323,23.331082564488973,23.57867772639784,47302800
1999-03-08,24.22622299194336,24.261933815929126,23.616758262586295,23.692941353755927,46726000
1999-03-09,24.65475845336914,25.102334215172288,24.340503131252035,24.359548908350042,90129600
1999-03-10,24.588092803955078,24.75950475998575,24.254791778339882,24.730936100647302,53114800
1999-03-11,24.597620010375977,25.0737644163066,24.273841814343154,24.530959793545687,62948400
1999-03-12,24.407175064086914,24.797613681967352,23.89293883565902,24.77856789572928,73395200
1999-03-15,25.27376365661621,25.292809446862343,24.05483308086381,24.464317571155632,60609600
1999-03-16,25.759428024291992,25.902271432929467,25.026165193286268,25.21662307146957,68554000
1999-03-17,25.464200973510742,25.816547808222744,25.40706364896285,25.759410483674852,44919600
1999-03-18,26.273653030395508,26.292698810047842,25.32136404777878,25.359455607083447,56231200
1999-03-19,26.083189010620117,26.53076472566179,25.883208371984473,26.49267317544548,91980400
1999-03-22,26.33078956604004,26.654567810251745,26.206992002076742,26.349835345111316,55719200
1999-03-23,25.37850570678711,26.53077557189827,25.33089124955111,26.311749068612677,69581200
1999-03-24,26.09271240234375,26.178418391986487,24.854736996393136,25.4451560361542,82634400
1999-03-25,27.416399002075195,27.4354447811666,26.283175146136692,26.368881152048008,109447600
1999-03-26,27.14023780822754,27.483061864752518,26.778367970784505,27.26403538419489,94687600
1999-03-29,28.149667739868164,28.225850873128973,26.778371341173642,27.464019540520905,79777000
1999-03-30,28.340124130249023,28.492490389013803,28.11157474210185,28.454398824322606,67502400
1999-03-31,27.31165313720703,28.835315794791804,27.159286871448554,28.797224228352185,58752600
1999-04-01,28.244890213012695,28.30202754992371,27.50686627791206,27.806837296694898,41106000
1999-04-05,28.9305419921875,28.954349218975015,28.492489019297235,28.740084177887386,39848600
1999-04-06,28.663890838623047,29.14003520471313,28.4162957682562,29.006714782207904,39674800
1999-04-07,28.43533706665039,28.94957290107742,27.806826602350682,28.91148135778653,46910200
1999-04-08,28.816261291503906,28.835307068960287,27.730651976490208,28.41629996491991,38637000
1999-04-09,28.721038818359375,28.94958819887682,28.340123184163627,28.721038818359375,31816800
1999-04-12,28.340124130249023,28.530581953704996,27.84493378926349,27.92111691864588,37858800
1999-04-13,27.464004516601562,28.378201615628523,27.17831792315564,28.378201615628523,46746800
1999-04-14,26.16890525817871,27.768750994486577,26.168905258178707,27.67352208161111,52944000
1999-04-15,27.083086013793945,27.387818345876017,25.559424353383598,26.606941744915712,72594600
1999-04-16,26.3974609375,27.159292421987736,26.168911492153683,27.140246634875542,44774000
1999-04-19,24.68334197998047,26.854561876367637,24.49288409433247,26.47364610507164,75389000
1999-04-20,25.330894470214844,25.59753546463816,24.378605204417294,25.06425347579153,108459400
1999-04-21,24.988067626953125,25.140433892971128,24.378602562881095,25.026159193457623,92732800
1999-04-22,25.883209228515625,25.978438107207733,25.40706483505507,25.902255004254044,55096400
1999-04-23,26.206985473632812,26.511717862861097,25.292788305947944,25.90225308440452,56592000
1999-04-26,26.81645965576172,27.10214637084441,26.435544035651468,26.568864502690055,48349800
1999-04-27,25.5975399017334,27.04501983665285,25.578494113116037,27.04501983665285,58665800
1999-04-28,25.026147842407227,26.359352065366515,24.90235030741815,25.99748234770614,55963400
1999-04-29,25.00710678100586,25.502297014293106,24.50239365861694,25.102335672022637,60880600
1999-04-30,24.778549194335938,25.52133429701011,24.34049644147681,25.216601947195066,58558600
1999-05-03,24.34050750732422,24.835697800900455,23.9405461163588,24.816652020378292,67180000
1999-05-04,23.788188934326172,24.930936200987155,23.692959995437754,24.53097465765581,66502200
1999-05-05,24.111955642700195,24.34050498528503,23.29298716510453,24.111955642700195,67028200
1999-05-06,23.750085830688477,24.72142053587301,23.616765380957265,24.5881000861418,74021000
1999-05-07,24.09290313720703,24.492864375057902,23.76912499228014,24.264315096285976,48011600
1999-05-10,24.283376693725586,24.530971907073376,23.845323623956418,24.340514050651997,46218000
1999-05-11,24.34050750732422,24.68809300185369,24.20718704366908,24.6071484346345,42786200
1999-05-12,24.530954360961914,24.683320537116956,24.150038920574307,24.607137449039435,60142600
1999-05-13,24.111955642700195,24.91187834174712,24.111955642700195,24.721420556259755,51737200
1999-05-14,23.426311492919922,24.359554796296404,23.350128366113676,24.03577650736987,84401000
1999-05-17,24.111955642700195,24.24527609254135,23.46439917204316,23.578673843335576,66850200
1999-05-18,23.9786376953125,24.4547822087222,23.750088328875844,24.321461744967483,63858400
1999-05-19,24.169086456298828,24.3404984169818,23.540575933794603,24.3404984169818,46510800
1999-05-20,23.90245246887207,24.378596940363547,23.88340669001241,24.245276488345933,42386200
1999-05-21,23.635814666748047,24.07386763800929,23.464402634515384,23.921501387135812,56568800
1999-05-24,23.540576934814453,23.731034677005507,23.178707224651447,23.731034677005507,38990000
1999-05-25,23.235855102539062,24.15005268034388,23.197763536797197,23.388221365506535,50791600
1999-05-26,23.921491622924805,23.921491622924805,23.007294490838504,23.52153037763705,52022800
1999-05-27,23.883413314819336,24.207191645243523,23.616772336822947,23.845321746534136,56702200
1999-05-28,24.588092803955078,24.64523012263197,23.80721611537091,23.997673844293878,41548000
1999-06-01,23.921491622924805,24.607139471989527,23.90244584933967,24.569047924819266,36046400
1999-06-02,23.90245246887207,23.95958980545105,23.235850208784004,23.788177795714116,42812600
1999-06-03,23.273935317993164,24.054812034881643,23.197752223662583,23.88340007263783,32934400
1999-06-04,24.24527359008789,24.28336514325378,23.388213643855405,23.44535097360424,35668200
1999-06-07,24.45478057861328,24.70237570908211,24.131002331077124,24.35955168227912,32392200
1999-06-08,24.188142776489258,25.026157171895182,24.07386808620663,24.340509030199424,41516400
1999-06-09,25.08329963684082,25.178528564847053,24.378605569594725,24.416697140797215,53310800
1999-06-10,24.34050750732422,25.083292947688573,24.0929123605361,24.949972484033434,35277400
1999-06-11,23.807222366333008,24.53096192626953,23.63581036529541,24.378595703125,34543000
1999-06-14,23.635814666748047,24.28337123296032,23.597723104029676,23.99768451257255,28369800
1999-06-15,23.673900604248047,24.03577036408772,23.369168174909376,23.78817526525005,36981000
1999-06-16,24.68334197998047,24.873799865628463,24.054830957342077,24.092922534471676,48325200
1999-06-17,25.25470542907715,25.2927969908103,24.530965756147335,24.58810309874706,44475200
1999-06-18,25.902263641357422,25.902263641357422,25.026157665252686,25.083295011520388,69116200
1999-06-21,27.10213279724121,27.121178568708,25.864157651899905,25.864157651899905,56194400
1999-06-22,26.359352111816406,26.949771125881657,26.283169013227344,26.949771125881657,38751000
1999-06-23,26.206985473632812,26.625992508821707,25.92129885873129,26.187939699306042,33942000
1999-06-24,25.7879695892334,26.28315955180361,25.597511911321778,26.130793409474315,33559000
1999-06-25,25.883209228515625,26.340307846237753,25.711797246869825,26.016529658684576,24933000
1999-06-28,26.43553924560547,26.45458502315994,25.883211696525816,26.054623694516053,31701000
1999-06-29,26.81645965576172,26.83550543676723,26.206994663585316,26.416498254645955,38973200
1999-06-30,27.483064651489258,27.502110434338523,26.435546594779687,26.740279120367926,57610200
1999-07-01,27.787797927856445,27.883026844675694,26.930737676483215,27.387836477215604,47737800
1999-07-02,28.035398483276367,28.07349005730256,27.521162233922794,27.692574317040652,32094800
1999-07-06,27.292604446411133,28.321076630714135,27.197375540457152,28.111573037615376,45419400
1999-07-07,28.1306209564209,28.1306209564209,27.387835433536395,27.444972781450588,33834600
1999-07-08,28.20680809020996,28.340128587597853,27.635434529976134,27.97825866611643,37790400
1999-07-09,28.416309356689453,28.435355140440585,28.111576816671334,28.149668384173598,33884200
1999-07-12,28.701990127563477,28.873402145578122,28.14966251396073,28.397257651092996,43847800
1999-07-13,28.53057098388672,28.663891409045068,28.282975908592643,28.37820478370575,30845000
1999-07-14,28.9305419921875,28.949587773617512,28.18775651641705,28.56867214501728,37985200
1999-07-15,28.759126663208008,29.02576757266821,28.568668870736428,28.94958445567958,40926200
1999-07-16,30.30185317993164,30.435173715607018,28.949602032367125,29.101968358853266,115369800
1999-07-19,29.978036880493164,30.701776017379277,29.80662497965172,30.47322681625735,81181600
1999-07-20,28.43533706665039,29.482854507149902,28.13060472032326,29.387625648922672,92287400
1999-07-21,28.85435676574707,29.044814566181042,28.34012070457534,28.530578505009313,54050800
1999-07-22,27.749696731567383,28.797214453074734,27.42591852673784,28.759122899565373,60904200
1999-07-23,27.502117156982422,27.959216057098477,27.330705069438906,27.90207869458397,68833200
1999-07-26,26.702177047729492,27.36877918515498,26.702177047729496,27.083092554829772,50885000
1999-07-27,27.064044952392578,27.349731563431206,26.816449889492436,27.064044952392578,65513000
1999-07-28,27.42592430114746,27.578290547264945,26.93073400126563,27.178329151206547,62215200
1999-07-29,26.492673873901367,27.06404714220981,26.302216117798555,27.025955590989245,57968200
1999-07-30,26.149856567382812,27.006916687945253,26.0546276650981,26.70218420063416,51127400
1999-08-02,25.845125198364258,26.492681761919442,25.711804729397013,26.111766136298744,48050600
1999-08-03,25.82608413696289,26.226045616960104,25.71180942839226,26.16890826267479,55051200
1999-08-04,25.883209228515625,26.56885715509882,25.826071901300356,25.94034655573089,75573400
1999-08-05,26.13080596923828,26.32126373869337,25.82607353811014,26.01653130756523,76634000
1999-08-06,25.940349578857422,26.34031091597637,25.883212244983287,26.226036248228098,67205800
1999-08-09,25.540390014648438,26.149854951612458,25.502298456088187,26.09271761377208,39333600
1999-08-10,25.27376365661621,25.616587881046573,24.873802061447453,25.464221559077522,62743000
1999-08-11,25.6546688079834,25.807035066679664,25.08329533787241,25.5975314609723,66105200
1999-08-12,24.91187858581543,25.654663956493415,24.873787028344765,25.578480841552082,61062000
1999-08-13,25.80703353881836,26.09272025696026,25.2166143213251,25.27375166495348,65099800
1999-08-16,25.69275665283203,26.173662587216025,25.08329170628598,25.921306007786804,57321800
1999-08-17,25.768939971923828,26.054626667843163,25.273749698996987,26.035580888115206,51749000
1999-08-18,25.902263641357422,26.264133501052857,25.61657691001892,25.73085160255432,58361200
1999-08-19,25.540390014648438,25.940351379531077,25.330886442567056,25.768939366009946,71478200
1999-08-20,25.407072067260742,25.835602143357722,25.311843161461415,25.5975298788594,46072800
1999-08-23,26.34031867980957,26.397456030524996,25.55944155336547,25.692762038368123,60447000
1999-08-24,28.0925235748291,28.492484927419888,26.530769721855552,26.530769721855552,120450000
1999-08-25,29.044830322265625,29.254334016393443,28.39727344950692,28.530593982133713,81877600
1999-08-26,28.835308074951172,29.36858986233468,28.549621403138577,29.063857412401248,61246000
1999-08-27,28.416309356689453,28.987682869223423,28.149668384173598,28.96863708547229,41948400
1999-08-30,28.11156463623047,28.47343437070769,27.902061105743655,28.30202239121848,33300800
1999-08-31,28.20680809020996,28.37822015828011,27.464022461905987,27.97825866611643,46882800
1999-09-01,28.149667739868164,28.473446056226596,27.921118340085744,28.130621956552964,36607200
1999-09-02,27.978260040283203,28.206809475602057,27.63543588730492,27.883031108900347,33340800
1999-09-03,29.216238021850586,29.38765010933211,28.492498096928603,28.56868124692039,52098000
1999-09-07,28.721038818359375,29.463824305041083,28.568672564681073,28.911496635457247,47028000
1999-09-08,28.11156463623047,28.85434988068371,28.054427309734063,28.549617472702895,42568200
1999-09-09,28.663890838623047,28.687698056927548,27.973481507792425,28.16870069788936,38475200
1999-09-10,28.94959259033203,29.044821513326546,28.64486003674959,28.968638374930936,34455000
1999-09-13,28.60675048828125,28.89243707771149,28.45438430725179,28.797208214568077,27870800
1999-09-14,28.968631744384766,29.120997986301315,28.53057879887467,28.54962457911424,40207800
1999-09-15,28.225852966308594,29.178142202688775,28.14966982739818,29.101959063778363,48413800
1999-09-16,28.644845962524414,28.663891737765454,27.616374099508242,28.30202200818569,45796000
1999-09-17,29.387638092041016,29.4066838717507,28.587715344234326,28.759127361621474,79773400
1999-09-20,29.730451583862305,29.82568044864085,28.949574892678218,29.25430725996957,48601800
1999-09-21,28.835308074951172,29.4257271966972,28.682941849984456,29.4257271966972,47082800
1999-09-22,29.27336883544922,29.444780884583274,28.549629072438762,28.873407387469754,48531600
1999-09-23,27.787797927856445,29.52096421396675,27.430689489784267,29.52096421396675,71073600
1999-09-24,27.711606979370117,27.84492742531898,27.083096305611207,27.483057643457787,70277000
1999-09-27,27.863975524902344,28.321074234811885,27.692563508686266,28.03538754111842,34132200
1999-09-28,28.07347297668457,28.244884955511,27.14022998085177,27.80683212073234,46000600
1999-09-29,27.2735538482666,28.073476517000678,27.15927918130459,27.90206451655766,37484400
1999-09-30,27.597335815429688,27.94015986282633,27.0640539639238,27.425923791731368,47455400
1999-10-01,27.421165466308594,27.616384737730485,26.91169078235391,27.48306425968627,44239000
1999-10-04,28.20680809020996,28.22585387555109,27.502114032588242,27.578297173952752,29998000
1999-10-05,27.978260040283203,28.606770987410055,27.273565948050067,28.26394683443177,43397000
1999-10-06,28.549623489379883,28.64485238694286,28.054433222052413,28.130616340102794,35500200
1999-10-07,28.56867218017578,28.968633590698243,28.244893895467122,28.54962639872233,46036400
1999-10-08,28.9305419921875,29.006725117907546,28.073481827836982,28.492489019297235,35697000
1999-10-11,28.74007797241211,28.94958152290683,28.682940640459,28.835306859000617,19943800
1999-10-12,28.20680809020996,28.740090079761533,28.14967073418658,28.644861153055896,27668600
1999-10-13,27.749696731567383,28.378207364471795,27.521147410511237,28.03538338288757,38098400
1999-10-14,27.635427474975586,28.106810541829923,27.330694987312175,27.692564816412474,42737800
1999-10-15,26.835498809814453,27.368780546276344,26.606949494187926,27.273551664765293,73788000
1999-10-18,26.778366088867188,26.816457648026315,25.921306007786804,26.568862513491982,75312800
1999-10-19,26.302223205566406,27.197374900469825,25.978444932941766,26.89264240858781,69945600
1999-10-20,28.11156463623047,28.14965618722807,27.502099820268832,27.902061105743655,88090600
1999-10-21,28.359169006347656,28.378214788084627,27.578291955131906,27.597337736868877,60801200
1999-10-22,28.244890213012695,28.606760013449136,27.95920352845761,28.51153111859744,43650600
1999-10-25,28.168703079223633,28.51152705179025,27.768741777895915,28.035382645447726,30492200
1999-10-26,28.149667739868164,29.025773772367447,28.116337619066563,28.75913280595462,52467600
1999-10-27,27.69256019592285,27.92110952353707,27.330690427200338,27.8830179689347,54416600
1999-10-28,27.387826919555664,27.692559347033335,27.216414929099475,27.425918472990375,70570400
1999-10-29,28.20680809020996,28.644861153055896,27.80684659804628,27.863983954069663,79452600
1999-11-01,28.149667739868164,28.701995456009016,28.07348460660736,28.41630870628099,53261200
1999-11-02,28.20680809020996,28.797227435784915,28.016350236798687,28.263945446233343,46349000
1999-11-03,28.035398483276367,28.49249737159066,27.883032187171608,28.3210852884728,44517000
1999-11-04,27.959213256835938,28.26394582639273,27.521160188098044,28.130625327211636,54239400
1999-11-05,27.902067184448242,28.30202855705808,27.578288930430755,27.978250303040593,70167400
1999-11-08,27.406879425048828,27.654474583162543,25.71180488103955,25.84512535079309,243819200
1999-11-09,27.083086013793945,27.387818345876017,26.340300954343903,27.34972680436576,109769800
1999-11-10,26.549816131591797,27.159281064311262,26.34031256096948,26.854548597951528,69385400
1999-11-11,27.31165313720703,27.559248319064558,26.89264590637122,26.89264590637122,69274600
1999-11-12,27.178327560424805,27.425922695873663,26.530771052327786,27.34973957727401,49414200
1999-11-15,26.511722564697266,26.96882122960584,26.492676786992742,26.892638118787744,47080400
1999-11-16,26.60695457458496,26.74027503415697,26.168901635991222,26.492679894951813,59165200
1999-11-17,25.902263641357422,26.530774450302125,25.902263641357422,26.34031662940979,66819000
1999-11-18,25.883209228515625,26.149850088853533,25.749888798346667,25.88320922851562,64493200
1999-11-19,26.206985473632812,26.37839744257372,25.711795341136842,25.73084111546361,58226000
1999-11-22,27.36878776550293,27.540199797437186,26.949780576330305,27.311650421524845,90596600
1999-11-23,27.31165313720703,27.844935067361703,26.93073747281084,27.197378437888176,70787400
1999-11-24,27.94015884399414,28.111570861441955,27.273556553919295,27.29260233363572,53771000
1999-11-26,27.76875114440918,28.454399320814343,27.730659579053338,27.92111740583255,28514200
1999-11-29,27.483064651489258,28.054438136967207,27.273561040147346,27.464018868639993,51460200
1999-11-30,27.744935989379883,28.302024973549685,27.29259878001124,27.34973611172096,64145600
1999-12-01,28.397254943847656,28.625804279411824,27.692561159191477,27.74969849308252,48864200
1999-12-02,28.8924560546875,29.025776550655074,28.30203671540252,28.359174070817197,55473800
1999-12-03,29.292404174804688,29.5971365979496,29.173368072013705,29.197175292571902,64100600
1999-12-06,29.082902908325195,29.61618469053417,28.873399351028812,29.02576557451709,49098200
1999-12-07,28.340124130249023,28.911497600616947,28.302032565557827,28.87340603592575,56859200
1999-12-08,27.959213256835938,28.740090466325224,27.940167471238638,28.378220539976528,40955800
1999-12-09,28.26393699645996,28.43534901328485,27.863975623868544,28.035387640693436,46258200
1999-12-10,28.60675048828125,28.682933578795982,28.111560399935506,28.45438430725179,36836000
1999-12-13,29.444765090942383,29.53999395604892,28.263927163621275,28.525806542664263,52691600
1999-12-14,30.073284149169922,30.81606950814245,29.044812113669494,29.311453011762197,144116200
1999-12-15,33.044429779052734,33.13965868331513,30.016150623508423,30.035196404360903,155571600
1999-12-16,34.6442756652832,35.04423706658664,33.19679630818506,33.292025213257304,128660200
1999-12-17,35.12041091918945,35.69178419878581,34.62522074353927,35.53941799089345,105898800
1999-12-20,34.358585357666016,35.04423340249749,33.8824408820886,34.9870960654282,39433800
1999-12-21,35.31088638305664,35.53943580948419,33.71104039806378,34.2443223930614,57446000
1999-12-22,35.825103759765625,35.95842418843036,35.08231851434783,35.43942680541408,38565200
1999-12-23,35.78702163696289,36.33934927265843,35.577518051009406,35.72988429533921,31028400
1999-12-27,36.301239013671875,36.33933055513428,35.38704201857416,36.09173553562865,32202200
1999-12-28,35.806060791015625,36.20602210836208,35.672740351900146,36.18697633134558,24591000
1999-12-29,35.93939208984375,36.07271256924433,35.59656799995653,35.634659565499554,17449200
1999-12-30,35.844154357910156,36.548848147093295,35.691788133221905,35.92033747025428,22360000
1999-12-31,35.57752227783203,35.88225480269569,35.425156015400205,35.80607167147977,12517600
2000-01-03,35.520389556884766,36.14890047129613,34.13004723106568,35.767984765592274,53228400
2000-01-04,34.32049560546875,35.69179176728548,34.20622092531735,34.606182305847234,54119000
2000-01-05,34.6823616027832,35.46323849773878,33.33011137005525,33.86339315197613,64059600
2000-01-06,33.52056884765625,34.70140706842596,33.02537862604314,34.1871710690585,54976600
2000-01-07,33.95863723754883,34.206232461378406,32.70161533195252,33.10157684736952,62013600
2000-01-10,34.206214904785156,34.644267768265145,33.939574031362554,34.56808466157297,44963600
2000-01-11,33.33012008666992,34.81569115339006,33.12061647469657,33.97767670549665,46743600
2000-01-12,32.2444953918457,33.177738318130665,31.825488363717763,33.06346367409577,66532400
2000-01-13,32.85395812988281,33.10155317665874,30.930335074162137,31.806440624292346,83144000
2000-01-14,34.206214904785156,34.720450874957315,32.225454130788684,32.66350699426867,73416400
2000-01-18,35.13945770263672,35.501327456756016,34.053848440278834,34.07289421681143,81483600
2000-01-19,32.60637283325195,33.97766888698685,32.301640376866416,33.67293643060131,97568200
2000-01-20,32.301639556884766,33.42534046128111,32.26354800080353,32.62541778357524,56349800
2000-01-21,31.615982055664062,32.682545305734656,31.46361587708255,32.6063622164439,68416200
2000-01-24,30.854162216186523,32.20641253553791,30.720841762165964,31.630277716377634,63597600
2000-01-25,31.33030891418457,31.654087182598637,30.339928328447428,30.777981279831163,59823200
2000-01-26,30.28277587890625,31.539796764445757,30.20659279493416,31.21601865756437,49365000
2000-01-27,30.09233283996582,30.835118270825735,29.63523411328279,30.439918330047703,63654800
2000-01-28,29.939971923828125,30.54943700115796,29.635239385163207,29.90188035649501,58225400
2000-01-31,29.825687408447266,29.920916295447416,28.911490093245817,29.749504298847146,73194200
2000-02-01,31.368392944335938,31.463621823948372,29.768547766847036,30.016142853839366,70196600
2000-02-02,30.720842361450195,31.6731313373166,30.625613463863555,31.216032628900727,49915600
2000-02-03,31.577890396118164,31.749302346398657,30.511327149928405,31.10174608978345,49186000
2000-02-04,32.473045349121094,32.91109816028226,31.735021591186523,31.806443245180194,55365400
2000-02-07,32.492103576660156,32.568286703451854,31.768363872139005,32.549240921753935,40005800
2000-02-08,33.50151443481445,33.52056020765971,32.43495115547982,32.43495115547982,56229000
2000-02-09,31.692180633544922,33.34916363541897,31.65408907028345,33.34916363541897,55090000
2000-02-10,32.301639556884766,32.47305155925031,31.23507598661027,31.658844548013974,54527800
2000-02-11,30.454204559326172,31.958821294902638,30.20660940030726,31.958821294902638,115559000
2000-02-14,30.358964920043945,31.00652126087299,30.187552947471552,30.849393619348294,81028600
2000-02-15,30.035200119018555,30.47325313280259,29.901879636562544,30.397069999970586,71027600
2000-02-16,29.7495174407959,30.530394659152257,29.597151154287342,30.244707871948712,65202600
2000-02-17,30.358964920043945,30.37801069477421,29.601895374515873,30.01614097489916,80343400
2000-02-18,28.968631744384766,30.492294163550298,28.911494403666055,30.47324838331073,79063000
2000-02-22,28.587711334228516,29.59713751724924,28.282978901618485,28.98767265202918,66296200
2000-02-23,28.721038818359375,29.17813757939427,28.054436458516815,28.492489437841925,75847200
2000-02-24,28.87340545654297,29.216229531884508,28.03539105015254,28.72103920083562,69733200
2000-02-25,27.82588005065918,28.859113447475238,27.578284950961326,28.85435200325028,65301400
2000-02-28,27.902067184448242,28.07347920128103,26.854549303803427,27.502105811838405,76131800
2000-02-29,27.235464096069336,27.95920370141943,27.083097863364053,27.95920370141943,58437400
2000-03-01,27.673513412475586,28.673416684433583,27.102140114213874,27.311643656909837,106889800
2000-03-02,28.454387664794922,29.063852460828013,27.768739769257692,27.978243292894067,106932600
2000-03-03,29.292404174804688,30.130418338453197,28.606756222728634,28.873397092980433,101435200
2000-03-06,27.61638641357422,29.67333105679216,27.464020143706225,29.254323814655173,93609400
2000-03-07,28.302038192749023,29.711426366546753,28.016351400762996,29.292419071633915,135061000
2000-03-08,29.120990753173828,29.31144850826326,27.730649141020994,28.58770903892343,94290000
2000-03-09,30.47323989868164,30.47323989868164,28.94957790374756,29.04480677843094,88198800
2000-03-10,30.77799415588379,31.23509307899097,30.3208952327766,30.3399410212394,85589000
2000-03-13,29.86377716064453,30.54942510565933,29.711410950641245,29.749502503142065,61831800
2000-03-14,28.9876766204834,30.244698077087804,28.987676620483402,30.05424028063259,73489200
2000-03-15,29.063875198364258,29.444790993886727,28.549638874408927,28.816279931274654,53208000
2000-03-16,29.063875198364258,29.46383678366285,28.416318345976066,29.23528730634937,77300800
2000-03-17,30.28277587890625,30.320867420892295,28.797205741450473,29.025754993366746,81161600
2000-03-20,29.67333221435547,30.3970720244617,29.406691231684754,30.092339472838024,47773000
2000-03-21,31.311267852783203,31.42554255297584,29.40668951623921,29.482872649700973,81648800
2000-03-22,31.463640213012695,32.1873801210602,30.816083453180713,31.33031970363552,93975800
2000-03-23,34.09194564819336,34.39667812326101,32.4921001540882,32.54923749316338,148224000
2000-03-24,34.03480911254883,35.04423546003908,33.38725258774376,34.32049581466871,112196800
2000-03-27,31.71122169494629,32.98728887426245,31.673130137354764,32.83968408859528,111434000
2000-03-28,31.787410736083984,32.73969985340226,31.196991483346654,31.577907130273964,81114400
2000-03-29,32.66351318359375,33.19679503148916,32.035002434288444,32.05404821457042,64363800
2000-03-30,31.501720428466797,33.10156596413258,31.235079505855833,32.35878053685918,64178400
2000-03-31,32.37782669067383,32.987291663674746,31.73027015686035,32.30164356904871,64281400
2000-04-03,27.69256019592285,29.40668015302949,27.42591931370626,28.77816950209039,260118200
2000-04-04,26.987873077392578,28.03539108674797,25.883217722072345,27.902070612830013,181244400
2000-04-05,26.321277618408203,26.968834376024613,26.16891132249846,26.89265122806974,82887600
2000-04-06,26.206985473632812,26.81645025208939,25.983197625293286,26.778358703435853,66421400
2000-04-07,27.14023780822754,27.23546671281781,25.902262048554,26.511727037931742,82613600
2000-04-10,26.226032257080078,27.006909034524,26.20698648202047,27.006909034524,60685400
2000-04-11,25.559429168701172,26.226031270716476,25.445154522641403,25.94034465556706,71961800
2000-04-12,24.188142776489258,25.064248735322725,23.997684959351545,25.026157171895182,153003800
2000-04-13,24.150049209594727,25.064246656014717,24.073866089059727,24.64523949307222,94316200
2000-04-14,22.588287353515625,24.226223873247786,22.321646524722016,24.11194923233624,151217800
2000-04-17,23.121591567993164,23.15968315212495,22.245485132962123,22.626400974279967,119772200
2000-04-18,24.55000877380371,24.969015905707266,23.12157536958705,23.31203315681594,91794600
2000-04-19,23.9786376953125,24.83569781944996,23.807225670485007,24.81665203891357,53715400
2000-04-20,24.054821014404297,24.34050772478915,23.616768058480865,23.959592110942683,52387400
2000-04-24,20.30279541015625,20.72180244488743,19.80760527820122,20.49325315321588,313645800
2000-04-25,21.140823364257812,21.178914937887107,20.607541333447706,20.950365496111345,159517400
2000-04-26,20.72180938720703,21.67409842154559,20.531351580339322,21.33127436918371,107091200
2000-04-27,21.274139404296875,21.312230969926773,20.531353874513904,20.550399657328853,77669800
2000-04-28,21.25509262084961,21.63600825921609,20.79799385480983,21.559825131542794,78082600
2000-05-01,22.378793716430664,22.55020575340758,21.845511823613595,22.20738167945375,107811000
2000-05-02,21.293188095092773,22.39784364922102,21.178913382596747,22.18834000964497,97716200
2000-05-03,21.50269317626953,21.57887632304108,20.969411148868694,21.445555816190872,55354800
2000-05-04,21.464601516723633,21.7121967427373,21.121777357627778,21.42650994349076,43317200
2000-05-05,21.674102783203125,21.883606412917743,21.293187092812914,21.407461799929976,36402200
2000-05-08,21.274139404296875,21.750283974670573,21.23604783866698,21.61696349496594,36187600
2000-05-09,20.6646671295166,21.464589728078536,20.56943824873542,21.38840662345359,60778400
2000-05-10,20.16948890686035,20.683725167941777,20.03616839472813,20.645633593046856,67740000
2000-05-11,20.683713912963867,20.759897021298908,20.03615749211601,20.30279837128866,58390800
2000-05-12,20.969398498535156,21.255085126580592,20.79798652170789,20.855123847316978,37886000
2000-05-15,21.140823364257812,21.15986915107246,20.721816054335587,21.02654864336993,33899600
2000-05-16,21.178911209106445,21.521735311412126,21.04559072487646,21.197956992567875,48410600
2000-05-17,20.626577377319336,21.06463026714237,20.493256932590587,20.988447155868798,53242000
2000-05-18,20.16948890686035,20.740862530284158,20.07425996962305,20.740862530284158,53640400
2000-05-19,19.826648712158203,20.093289520967247,19.655236763638104,19.921877572447148,66578000
2000-05-22,19.560012817382812,19.883791023707552,19.026731065789125,19.84569947002229,69955000
2000-05-23,19.25528335571289,19.97902298728271,19.217191796156584,19.464786933272574,57963200
2000-05-24,19.979022979736328,20.283755456071678,19.198146009126997,19.236237568668916,85482400
2000-05-25,18.741050720214844,19.731431449331886,18.626776020701335,19.674294099575135,94348800
2000-05-26,18.72199821472168,19.083867966583036,18.398220015687837,18.912455978859235,55822000
2000-05-30,19.31241798400879,19.54096730926333,18.893410887708797,19.02673132744061,68536400
2000-05-31,19.06482696533203,19.41241247194273,18.912460715858845,19.39336669075858,54968200
2000-06-01,19.67429542541504,20.11234846973696,19.44574601098621,19.61715807180783,94507200
2000-06-02,20.207561492919922,20.34088187977236,19.8076003323626,20.112332645168177,80463200
2000-06-05,20.378984451293945,20.83608316795848,20.11234353323963,20.117104978204885,64400000
2000-06-06,21.216997146606445,21.293180260238785,20.664669572771988,20.778944243220497,99019000
2000-06-07,21.48365020751953,21.559833364283786,20.45517759120211,21.102734423698266,76310600
2000-06-08,20.969398498535156,21.978824584295705,20.79798652170789,21.80741260746844,94765600
2000-06-09,20.969398498535156,21.236039351377563,20.81703229691092,21.216993576174534,35710200
2000-06-12,20.378984451293945,21.026540966568703,20.226618212405764,21.026540966568703,49260600
2000-06-13,20.683713912963867,20.72180546713139,20.150432154618574,20.340889925456178,44289200
2000-06-14,21.48365020751953,21.63601652104804,21.178917580462517,21.274146526417834,79992400
2000-06-15,22.05501365661621,22.150242558415073,21.52173180654259,21.578869147621905,65592600
2000-06-16,22.112150192260742,22.283562209255013,21.788371937938233,22.131195971926772,68710600
2000-06-19,22.45497703552246,22.49306859962004,21.940740920205155,22.112152958644256,46604800
2000-06-20,22.83589744567871,22.931126375810816,22.474027511176715,22.512119083229557,62275000
2000-06-21,24.588092803955078,25.0451913533702,23.445346430417274,23.46439220330957,160399600
2000-06-22,24.34050750732422,24.98806404507776,24.16909548262475,24.79760623985613,87315200
2000-06-23,23.673900604248047,24.397640123927392,23.46439705907771,24.359548570260056,49811600
2000-06-26,24.22622299194336,24.416680719867443,23.616758262586295,23.616758262586295,48287000
2000-06-27,24.016735076904297,24.416696565100164,23.883414580839005,24.150055572969585,31071200
2000-06-28,24.054821014404297,24.39764506686612,23.959592110942683,24.07386679509662,37459200
2000-06-29,23.52153205871582,24.054813757213022,23.483440508823165,23.845310232803406,38449000
2000-06-30,24.378599166870117,24.378599166870117,23.3691727951169,23.483447478711604,52356400
2000-07-03,24.378599166870117,24.397644947469235,24.188141360878944,24.28337026387453,15734800
2000-07-05,23.921491622924805,24.34049864179769,23.84530852858428,24.34049864179769,34824400
2000-07-06,24.664278030395508,24.892827324885662,23.92149282330252,24.035767470547594,47873200
2000-07-07,24.988067626953125,25.254708592484636,24.550014612151354,24.764279673739175,54153200
2000-07-10,24.207185745239258,24.778559130256706,24.188139965738674,24.58810133525089,52689800
2000-07-11,24.111955642700195,24.530962770772394,23.92149785721283,24.01672674995651,37164800
2000-07-12,24.47383689880371,24.683340560972457,23.5215475253094,23.84532591229747,58370200
2000-07-13,24.359556198120117,24.37860198091771,23.57867910341885,24.016732107763463,80843200
2000-07-14,24.054821014404297,24.3024161634045,23.902454768865713,24.226233040635208,51180600
2000-07-17,23.826269149780273,24.245276281111344,23.61676558411474,23.84531492847714,53992800
2000-07-18,23.921491622924805,24.2262240002869,23.597713471977574,23.654850792732965,70617200
2000-07-19,22.2835693359375,23.61677433894231,22.188340407151443,23.178721266526445,139924600
2000-07-20,22.79779624938965,22.931116695292513,22.28356024376432,22.378789133694937,54690600
2000-07-21,22.035972595214844,22.854941326065525,21.902652104146128,22.778758188311972,56100600
2000-07-24,21.50269317626953,21.97883784359171,21.33128109603355,21.959792056898824,56165600
2000-07-25,21.02653694152832,21.636001780413203,20.836079179376796,21.578864451767743,64188600
2000-07-26,20.6646671295166,21.178903085734987,20.493255144110474,21.045582652641333,85404600
2000-07-27,21.140823364257812,21.369372806033574,20.56944975981841,20.683724480706292,74337600
2000-07-28,21.236053466796875,21.883610254125212,21.217007678934277,21.616969224048837,75645600
2000-07-31,21.274139404296875,21.674100843410784,21.102727358962344,21.388414101186562,70283800
2000-08-01,20.931316375732422,21.350323618922697,20.77895010548141,21.312232051359945,47163600
2000-08-02,21.140823364257812,21.464601740106808,20.87418234885276,20.893228135667407,48269200
2000-08-03,21.407466888427734,21.44555846652102,20.75991006084184,20.778955849888483,54543400
2000-08-04,21.064632415771484,21.293181772904628,20.77894571935505,21.15986131457696,38107400
2000-08-07,21.331275939941406,21.67410001754761,21.255092811584472,21.388413286209108,52741800
2000-08-08,22.588287353515625,22.759699314882944,21.33126630348862,21.350312076973875,138038800
2000-08-09,22.62638282775879,22.816840595669216,22.28355884552002,22.474016613430447,63945600
2000-08-10,22.13118553161621,22.569238257285033,21.864544742078664,22.49305517456002,48986000
2000-08-11,22.074058532714844,22.150241651033102,21.82646339818051,22.074058532714844,35629600
2000-08-14,21.99787712097168,22.35974696105693,21.750281967229142,22.03596868308592,53427000
2000-08-15,21.826467514038086,22.24547474380147,21.78837594769596,21.940742213064464,40714200
2000-08-16,21.636005401611328,22.016920989667867,21.502684945791543,21.902646313250905,44976200
2000-08-17,21.80741310119629,21.940733530635917,21.502680691048567,21.67409267175666,36112800
2000-08-18,21.636005401611328,21.769325857431117,21.3312729311661,21.674096960416982,54438800
2000-08-21,21.521732330322266,21.578869672792145,21.350320302912618,21.540778111145556,34119600
2000-08-22,21.712181091308594,22.074050776163737,21.397925838671235,21.578860681098806,54428200
2000-08-23,21.5598201751709,21.674094840410323,21.445545509931478,21.578865952710803,36726800
2000-08-24,21.674102783203125,21.693148567722638,21.312232877332423,21.52173650704704,42405400
2000-08-25,21.521732330322266,21.845510604318264,21.50268654949897,21.540778111145556,52729400
2000-08-28,21.73122215270996,21.978817146562047,21.369352546310758,21.38839831506861,56421600
2000-08-29,21.616962432861328,22.169290107357345,21.597916650982153,21.693145560378017,59400200
2000-08-30,21.331275939941406,21.616962671279907,21.23604702949524,21.540779542922973,53498800
2000-08-31,21.274139404296875,21.940741802820053,21.23604783866698,21.59791771215099,72575400
2000-09-01,21.38841438293457,21.52173486439543,21.23604811840788,21.331277033737063,37629800
2000-09-05,21.36937141418457,21.540783484351824,21.27414248631387,21.331279843036288,50755200
2000-09-06,21.159868240356445,21.54078396025485,21.121776668366604,21.350326100305647,62960800
2000-09-07,21.350311279296875,21.959776008054682,21.15985355156006,21.331265506523195,111711200
2000-09-08,21.12176513671875,21.597909526635764,21.08367358552539,21.445543321862317,56709600
2000-09-11,20.969398498535156,21.236039351377563,20.740849196098804,21.0646273745503,48495200
2000-09-12,20.759902954101562,21.121772822108838,20.607536693887972,20.950360779368552,46781200
2000-09-13,20.797992706298828,20.950358953231422,20.47421443156707,20.588489116766514,40744800
2000-09-14,20.05521011352539,20.95036194195435,20.0171185463582,20.931316158370755,78503000
2000-09-15,19.560012817382812,19.998065684763343,19.29337194158597,19.94092835423545,99915200
2000-09-18,19.19814682006836,19.69333711503044,18.95055167258732,19.579062431577654,69037800
2000-09-19,19.807613372802734,20.036162757873537,19.312423038482667,19.3886061668396,79311200
2000-09-20,19.57906150817871,19.80761086430531,19.25528325366603,19.76951930495088,67791400
2000-09-21,19.560012817382812,19.84569947002229,19.369555048956496,19.50287548685492,48952200
2000-09-22,19.274333953857422,19.35051709201496,18.58868571043957,18.62677727951834,84476600
2000-09-25,18.66486167907715,19.35050965912488,18.417266575171023,19.274326550230686,53484200
2000-09-26,19.102922439575195,20.07425747887563,18.417274176539596,18.569640457214174,155704800
2000-09-27,18.474401473999023,19.36955288562578,18.226806402698003,19.331461336194852,106155600
2000-09-28,18.68391227722168,18.855324316462248,18.474408673705433,18.531546020118956,52360400
2000-09-29,18.379180908203125,18.683913441396133,17.86494475843993,18.588684524773317,74053600
2000-10-02,18.017305374145508,18.531541362625347,17.750664491230033,18.43631247586982,58562400
2000-10-03,17.236431121826172,18.226811694571985,17.21738534158106,18.15062857359154,85374000
2000-10-04,16.89360237121582,17.23642632012437,16.60791574712536,17.17928899530628,136453400
2000-10-05,16.874555587768555,17.44592880180135,16.83646404016637,16.91264713537074,81099400
2000-10-06,16.931697845458984,17.293567653179704,16.684102713860597,17.007880962873873,61794000
2000-10-09,16.51268768310547,16.988832079965487,16.150817941491855,16.950740528216688,58323600
2000-10-10,16.62696647644043,16.9316989662721,16.398417109066678,16.436508670295638,62066200
2000-10-11,16.988834381103516,17.350704171732403,16.455552584387263,16.455552584387263,101205800
2000-10-12,16.569826126098633,17.331657212356042,16.398414131690718,17.160245217948127,90219600
2000-10-13,16.37936782836914,16.722191806172216,15.884177638209144,16.41745938145837,104521200
2000-10-16,15.350897789001465,16.398415628201317,15.103302663372407,16.3031867337286,119759000
2000-10-17,15.369940757751465,15.97940557094607,15.31280343151447,15.807993592235087,81276600
2000-10-18,15.769913673400879,16.227012620455977,14.760486831987537,15.12235683173949,110536400
2000-10-19,18.855321884155273,18.950550782560097,17.674483543935448,17.807804001702202,256993200
2000-10-20,19.8647403717041,20.150426954231005,18.62676518075418,18.683902497259563,160378600
2000-10-23,18.931507110595703,20.188528709488377,18.493454129163407,19.69333838265187,185170400
2000-10-24,18.741050720214844,19.17910373501661,18.341089271917575,19.08387481875536,94427400
2000-10-25,18.66486167907715,19.331463881901332,18.417266575171023,18.874365228536178,167603800
2000-10-26,19.636194229125977,19.82665198110586,18.531539267642653,18.588676593236617,114826600
2000-10-27,20.626577377319336,21.08367604496076,19.69333426421809,19.712380042036486,124292400
2000-10-30,21.04558563232422,21.369363872821513,20.531349603299102,20.569441161004665,110057600
2000-10-31,20.98844337463379,21.178901118505237,20.721802533213758,21.02653492340808,104474000
2000-11-01,21.216997146606445,21.35031759546304,20.855127356852833,20.874173135260918,81309400
2000-11-02,21.426504135131836,21.588393277486166,21.217000539143882,21.445549916585286,77985200
2000-11-03,20.797992706298828,21.216999885363457,20.740855363699108,21.102725200164013,68711000
2000-11-06,21.178911209106445,21.369369043720713,20.797995539877913,20.9313160241079,74851400
2000-11-07,21.48365020751953,21.902657569722926,21.178917580462517,21.255100737226773,104331200
2000-11-08,21.159868240356445,22.055020182117698,20.721815162473277,21.67410446221929,206149400
2000-11-09,21.597911834716797,21.731232278140975,20.855126507067805,20.87417228469983,91058600
2000-11-10,20.531354904174805,21.426506741369813,20.359942850243847,21.312232038749173,93744400
2000-11-13,20.245662689208984,20.759898712359167,19.626674883565247,20.321845803749753,83364800
2000-11-14,20.969398498535156,21.27413090178362,20.512299893662455,20.721803420895775,84218600
2000-11-15,21.350311279296875,21.597906325354735,20.931304278275885,21.04557891491797,60422200
2000-11-16,21.007490158081055,21.78836694546213,21.007490158081055,21.159856360496875,92128600
2000-11-17,21.04558563232422,21.33127231511595,20.65990861055538,21.159860305440912,106525600
2000-11-20,20.474224090576172,20.874185677461846,19.979033554432004,20.759910938351652,80157200
2000-11-21,20.645627975463867,21.10272674982838,20.53135328187274,20.53135328187274,59487600
2000-11-22,20.797992706298828,21.17890832363031,20.112344595102165,20.13139037596874,76343200
2000-11-24,21.312223434448242,21.46458964309488,20.874170584589162,21.0265367932358,34439200
2000-11-27,21.540773391723633,22.01691780798631,21.521727615073125,21.769322711529718,85307600
2000-11-28,20.417072296142578,21.255086457551418,20.359934966955613,21.140811799177484,127446200
2000-11-29,19.826648712158203,20.455159190065235,19.274321322482326,20.35993032977629,98280400
2000-11-30,17.484025955200195,18.912459448272106,17.369751275754442,18.89341366836448,197200800
2000-12-01,17.255477905273438,18.47440791182697,17.084065873101846,17.693530876378613,109809800
2000-12-04,17.198331832885742,17.979208472031164,16.81741639915627,17.4459268648099,80407200
2000-12-05,18.245859146118164,18.436316966015013,17.75066881438636,18.036355544231633,101734400
2000-12-06,17.274518966674805,18.30299087869293,17.08406120518997,18.283945102544447,90560800
2000-12-07,16.188913345336914,16.455554271024816,15.92227241964901,16.284142247368305,145308400
2000-12-08,16.58887481689453,17.026927768431356,16.284142328868914,16.646012158399333,120939800
2000-12-11,17.69352149963379,17.903024983483057,16.760278707941588,16.912644878013783,95576200
2000-12-12,17.788761138916016,18.283951491819458,17.293570786012573,17.617349093680208,63106000
2000-12-13,17.445932388305664,18.436312829563192,17.31261194429023,18.436312829563192,98360400
2000-12-14,16.912641525268555,17.89825999253505,16.874549990301734,17.655426457121568,71201400
2000-12-15,14.989018440246582,15.846077944453821,14.550965804762884,15.555630001361369,116899800
2000-12-18,14.570016860961914,15.236618939568014,14.322421803193933,14.931886560776654,107187400
2000-12-19,13.655826568603516,14.627161512813808,13.560597652504468,14.455749463835522,120271800
2000-12-20,12.646394729614258,13.408225737422345,12.608303179223853,13.046356008713504,149037800
2000-12-21,13.236817359924316,13.751053430022095,12.284528341224725,12.417848803842668,163173000
2000-12-22,14.151019096374512,14.36052274383093,13.636782870799664,13.636782870799664,109551800
2000-12-26,14.28433609008789,14.798572189331056,13.979603586832683,14.28433609008789,66941600
2000-12-27,14.151019096374512,14.265293813168922,13.712966015329272,14.055790165712503,69003800
2000-12-28,13.579647064208984,14.093883348547894,13.370143392811652,13.751059158988621,77619200
2000-12-29,13.217769622802734,13.960554947427095,13.10349495747591,13.389181620792971,99977600
2001-01-02,13.217769622802734,13.712959839218975,13.065403402366968,13.446318953456384,82413200
2001-01-03,14.608119010925293,14.893805823394498,13.14159337358338,13.160639161081328,135962200
2001-01-04,14.760479927062988,15.388990685247606,14.284335413286763,14.570022121552498,112397000
2001-01-05,14.969985961914062,15.19853536591275,14.493841370250129,14.779528125248488,93414600
2001-01-08,14.912843704223633,15.160438810424026,14.227195717822546,14.912843704223633,79817600
2001-01-09,15.788945198059082,16.036540237353133,15.16043471369726,15.236617802710814,114965400
2001-01-10,16.112730026245117,16.398416728838118,15.465173500367655,15.541356621059121,90230200
2001-01-11,16.760284423828125,16.988833756880325,15.941315980391067,16.15081953568892,101854800
2001-01-12,16.303186416625977,16.760285101204275,15.998453960240443,16.72219354415608,73712000
2001-01-16,16.017501831054688,16.303188546234022,15.579448867779707,16.26509698421011,68462400
2001-01-17,16.13177490234375,16.722194054613713,16.017500227710855,16.341278472504058,72844200
2001-01-18,16.912641525268555,17.12214496758607,16.03653622103167,16.36031426824965,109788800
2001-01-19,18.588680267333984,18.722000720071012,17.941123782611285,18.283947803935067,209348800
2001-01-22,18.32204246520996,18.588683415847115,17.979218385819337,18.51250028709364,76673000
2001-01-23,18.455358505249023,18.5696331709162,17.960168287357927,18.207763396303477,70295200
2001-01-24,19.179101943969727,19.331468195758962,18.512499592391833,18.58868271828645,110455000
2001-01-25,18.836278915405273,19.502881303715874,18.760095785312632,19.121965653252673,85657400
2001-01-26,19.50287437438965,19.598103253170848,18.588677138090134,18.588677138090134,93080000
2001-01-29,19.655242919921875,19.693334475968232,19.35051047155099,19.36955624957417,84983800
2001-01-30,19.31241798400879,19.73142508030878,19.16005176717243,19.655241971890604,57276800
2001-01-31,18.607730865478516,19.426699572966314,18.588685081583453,19.19815016622553,81898800
2001-02-01,19.0076847076416,19.08386781268225,18.39821986731642,18.531540301137554,71792800
2001-02-02,18.53153419494629,19.31241076431196,18.51248842496176,19.04576998452856,71100000
2001-02-05,18.874370574951172,18.912462140188207,18.36013444425119,18.512500705199333,51399200
2001-02-06,19.06482696533203,19.445742589014987,18.79818602875396,18.912460715858845,96442000
2001-02-07,19.712377548217773,19.826652200671212,18.836271879408095,18.893409205634814,126061800
2001-02-08,18.96959114074707,19.655239013304193,18.89340804379628,19.42668972245182,88041200
2001-02-09,18.017305374145508,18.76009069083861,17.826847600634455,18.683907581434188,100575200
2001-02-12,17.903030395507812,18.11253394268929,17.426885970095373,17.92207617252431,71289400
2001-02-13,17.731626510620117,18.607732654001993,17.712580724894423,18.169679582311055,76070600
2001-02-14,17.788761138916016,17.979218966955802,17.1792960891887,17.560211745268273,61728400
2001-02-15,17.922077178955078,18.341084296847757,17.636390507664615,17.97921451321317,65627800
2001-02-16,17.464981079101562,17.75066779250017,17.10311124212999,17.36975217463536,66958400
2001-02-20,17.02692413330078,17.750663637848245,16.874557921817107,17.48402276775181,60730800
2001-02-21,17.14120864868164,17.69353648291694,16.81743026309543,16.836476050482858,63947200
2001-02-22,16.81742286682129,17.312613121110477,16.417461507587713,17.160246889021494,100816400
2001-02-23,17.293569564819336,17.52211894232796,16.550784087916302,16.588875650834407,92620600
2001-02-26,18.150619506835938,18.26489413122315,17.48401753124385,17.56020061416866,87936800
2001-02-27,18.093490600585938,18.645818208393298,17.879225580315843,18.093490600585938,99148600
2001-02-28,17.97921371459961,18.307753371990334,17.731618610479064,18.150625709759986,84608400
2001-03-01,18.08873748779297,18.131590511586108,17.141209517255774,17.845903686298513,81781600
2001-03-02,17.274518966674805,17.712571818089934,17.19833586208087,17.522114056605094,79800800
2001-03-05,17.503067016601562,17.864936737293,17.236426169776294,17.44592969228186,49383600
2001-03-06,18.11253547668457,18.283947484350357,17.788757239982534,17.86494035450066,66781800
2001-03-07,18.493446350097656,18.62676676662771,18.07443932671748,18.245851290827552,59743600
2001-03-08,18.055402755737305,18.46488710093599,17.807807570268334,18.37918107519673,54626000
2001-03-09,17.274518966674805,17.731617594238415,16.722191458368776,17.65543448964448,103794400
2001-03-12,15.827046394348145,16.76028980388251,15.731817475007901,16.665060884542267,114376000
2001-03-13,16.51268768310547,16.684099665975076,15.846085527501442,15.903222855124644,91035600
2001-03-14,16.455547332763672,16.836462780281348,15.903219933863038,15.998448795742458,90686200
2001-03-15,16.360326766967773,17.088827929757667,16.303189420866605,16.855517099844565,71638400
2001-03-16,16.62696647644043,16.798378501970745,15.993694271008994,15.998455716162614,112848800
2001-03-19,16.5507755279541,16.912645188519264,16.188905867388936,16.60791284278018,61036400
2001-03-20,16.05558967590332,17.103107389040545,16.036543899300824,16.62696297397817,91822800
2001-03-21,15.255670547485352,16.22700537635146,15.160441642694558,15.922272881020916,124988600
2001-03-22,16.455547332763672,16.474593105139554,15.388984079714174,15.408029852090058,126363200
2001-03-23,17.236431121826172,17.369751583541955,16.56982881324726,16.741240835453265,99519600
2001-03-26,17.084062576293945,17.522115462865585,16.931696354877722,17.407840796803416,63118600
2001-03-27,17.750667572021484,17.845896475304862,17.02692790706782,17.084065249037845,95135600
2001-03-28,16.931697845458984,17.655437460900423,16.874560507397817,17.484025446716924,78681600
2001-03-29,16.874555587768555,17.426883028000255,16.626960528354342,16.874555587768555,86985000
2001-03-30,16.66506004333496,17.122158833095003,16.41746486554827,16.988838352748324,91201600
2001-04-02,17.00788116455078,17.350705196982936,16.646011352539062,16.703148691277754,75924000
2001-04-03,16.26510238647461,16.85552179394617,16.074644513096686,16.85552179394617,94187600
2001-04-04,15.827046394348145,16.76028980388251,15.560405420195467,16.265099423313256,104046600
2001-04-05,17.293569564819336,17.484027379409856,16.303188928948625,16.37937205478483,113364000
2001-04-06,17.122159957885742,17.42689250441096,16.77933584304487,17.17929731035922,92622000
2001-04-09,17.415462493896484,17.497739244294674,16.96141056643624,17.23871708942698,56295600
2001-04-10,18.186443328857422,18.311383659817068,17.607450870773558,17.659256022005117,109199400
2001-04-11,18.296140670776367,18.741049868334493,18.192531568095212,18.482027692862758,109879600
2001-04-12,18.948257446289062,18.987872976923516,18.08586434553139,18.149859021929093,87520000
2001-04-16,18.524688720703125,18.76542767166235,18.320517343793963,18.710575729356144,65857400
2001-04-17,18.734954833984375,18.92693664342457,18.296140432011935,18.44241189933608,85149200
2001-04-18,19.938648223876953,20.206811995725367,19.198148131521293,19.316993624436748,156696400
2001-04-19,20.73398780822754,21.026530563158975,20.036150500401487,20.054433696046218,159375600
2001-04-20,21.02653694152832,21.666474557372673,20.8741707318071,21.422690016773036,192919600
2001-04-23,20.797992706298828,20.865034226937077,20.386604304565715,20.755330343151655,92171200
2001-04-24,20.584680557250977,21.3099430439337,20.45973912082561,20.782754815116544,89176600
2001-04-25,21.236801147460938,21.267273921683394,20.493253366830125,20.59076763929616,76744000
2001-04-26,21.066152572631836,21.636003067870934,20.797988864537903,21.35260180792862,118737600
2001-04-27,20.45365333557129,21.233768062340303,20.17634554836573,21.18805770649128,121572400
2001-04-30,20.645627975463867,21.04482682776634,20.62429679232384,20.88331896614548,74368200
2001-05-01,21.38307762145996,21.422694331918688,20.59991523873846,20.618200768536457,83702800
2001-05-02,21.25813102722168,21.681708840410394,21.133189638118207,21.635998519398793,92864400
2001-05-03,20.883317947387695,21.386127039644876,20.76447245784457,21.102725720367154,66273400
2001-05-04,21.5598201751709,21.651240837332043,20.70961638679872,20.72180596341514,119538400
2001-05-07,21.751798629760742,21.986443887859625,21.54458049757384,21.584197198899613,109356200
2001-05-08,21.959014892578125,21.97120446695422,21.55981621268627,21.864548597317874,75084000
2001-05-09,21.45316505432129,21.727424725703873,21.288609251491735,21.709139197662303,76676600
2001-05-10,21.331275939941406,21.70914360561292,21.319086360413348,21.675622843141902,64334600
2001-05-11,21.148426055908203,21.331265005254277,20.919876787994763,21.319075431974756,51128800
2001-05-14,20.94121551513672,21.087485797415354,20.81322843691186,21.06615461771121,44968000
2001-05-15,20.804092407226562,21.117968920484422,20.721815632827965,20.94731709314736,61385600
2001-05-16,21.075298309326172,21.294703730294145,20.517637342670948,20.630386866309173,91893800
2001-05-17,20.77361488342285,21.373938306893365,20.58468221303996,21.057016213921763,106984800
2001-05-18,20.749235153198242,21.087488419802714,20.49326096491621,20.62734401111604,90605400
2001-05-21,20.96253776550293,21.328215640357225,20.645615855665035,20.73703648684022,103491600
2001-05-22,21.42573356628418,21.437923140857585,21.081386803049128,21.16366352526507,83455600
2001-05-23,21.23984146118164,21.81883332563808,21.181943902182137,21.450107502859947,93637400
2001-05-24,21.85541343688965,21.87369664137866,21.108817479623188,21.312990004422357,80781600
2001-05-25,21.60858154296875,21.91026605096236,21.440977746903215,21.83713090582665,52747600
2001-05-29,21.434873580932617,21.864547334408286,21.346503240426532,21.57505251569909,71210800
2001-05-30,21.084434509277344,21.508012339380716,20.91987874201851,21.19718400402839,86501800
2001-05-31,21.08138656616211,21.447064499560668,20.843695676960685,21.175852861889954,70682600
2001-06-01,21.434873580932617,21.544577419057322,20.93511268499716,21.209372280308923,57587600
2001-06-04,21.568960189819336,21.642095319214125,21.270323721918384,21.498873035585454,43736600
2001-06-05,22.123577117919922,22.26984972821159,21.483639388357943,21.56287048247111,89454200
2001-06-06,22.050451278686523,22.391752630084927,21.803618614908583,22.211959185846176,80022800
2001-06-07,22.452680587768555,22.467918135880414,21.965109272193597,21.9772988456984,66960000
2001-06-08,22.303375244140625,22.47402472178094,21.95598033613013,22.45878716488101,51867000
2001-06-11,21.97730255126953,22.199755911700393,21.79141559259508,22.199755911700393,47345600
2001-06-12,21.96511459350586,22.065676855590322,21.578103096971354,21.642096629682197,66714600
2001-06-13,21.541545867919922,22.032165485934712,21.526308309626305,21.955982344316578,55302400
2001-06-14,20.99607276916504,21.498881932290743,20.84370649700118,21.39831963468064,71972400
2001-06-15,20.727901458740234,20.813228502750942,20.234236348332942,20.57248957394309,108354400
2001-06-18,20.380512237548828,20.709623951638502,20.115396405302864,20.706575975140023,56846800
2001-06-19,20.51459503173828,20.980835458039746,20.371370362236558,20.785806813376713,63457400
2001-06-20,21.151477813720703,21.206327415904163,20.447544361690266,20.45973393715008,64108400
2001-06-21,21.282503128051758,21.49886511117257,21.002149964605817,21.0722394179288,69603800
2001-06-22,20.97473907470703,21.517162566728558,20.89855594773941,21.331275550933604,51092000
2001-06-25,20.98082733154297,21.273370185226995,20.651715749301967,21.05701043901039,49215600
2001-06-26,21.373937606811523,21.395268789056864,20.630389554389073,20.6669582917773,63077000
2001-06-27,21.678668975830078,21.79751445996702,21.136245520041108,21.288611763798656,69199800
2001-06-28,22.16623306274414,23.205371612908657,21.492774770009273,21.803603105070653,128975600
2001-06-29,22.245466232299805,22.37040763806108,21.757894834658817,22.123572801658604,94283800
2001-07-02,21.514116287231445,22.29118517354909,21.376987577845842,21.95597985344284,72810200
2001-07-03,21.474496841430664,21.575059111274477,21.309941033938287,21.422692881180517,28037400
2001-07-05,20.877222061157227,21.550680537333367,20.8558908813661,21.398314303132675,49242600
2001-07-06,20.13062858581543,20.843703858229272,20.011783094567207,20.813231072639258,67467800
2001-07-09,20.017873764038086,20.389647694931014,19.819797222587475,20.173285627012227,66476600
2001-07-10,19.64914894104004,20.18852434200321,19.609532235511896,20.08186845197366,66562600
2001-07-11,20.264699935913086,20.340883018378925,19.563814647258102,19.566862621535225,73822600
2001-07-12,21.818849563598633,21.9559806025879,21.43184025784625,21.544589810544885,128078000
2001-07-13,21.73961067199707,21.940735193904697,21.617719558636765,21.75789619894028,58934600
2001-07-16,21.690845489501953,21.989484170357564,21.37697158840168,21.77312218860744,55990800
2001-07-17,21.885889053344727,21.943788974956412,21.373938337041505,21.5324005462131,63241000
2001-07-18,21.504966735839844,21.788367978770456,21.291654972310933,21.51410833643053,57590800
2001-07-19,22.11443328857422,22.245468332020064,21.703044955638106,21.703044955638106,76549400
2001-07-20,21.08138656616211,21.148428063100685,20.703519058327117,20.73094385711639,124203600
2001-07-23,20.444501876831055,21.099677202965275,20.2190004825771,21.099677202965275,79999400
2001-07-24,20.209863662719727,20.71876648941878,20.020928635026827,20.41708190037727,67530200
2001-07-25,20.563343048095703,20.575530297969113,19.993492632181393,20.19156915401755,74065400
2001-07-26,20.29213523864746,20.514590977620582,19.95997794303996,20.453645410054335,77974000
2001-07-27,19.95083236694336,20.18852328800678,19.82284530558981,20.12757773257859,65396000
2001-07-30,20.05139923095703,20.38050856074798,19.972168130764558,20.005688891425816,42196400
2001-07-31,20.17025375366211,20.535931983861474,20.06664344931948,20.115401786639655,59031600
2001-08-01,20.25555992126465,20.359167805553493,20.039200229140864,20.356122155961483,55679000
2001-08-02,20.55420684814453,20.581633982976758,20.191576742570522,20.4810716967995,54198400
2001-08-03,20.3835506439209,20.526775248081822,20.112338986012514,20.508492047524694,43260400
2001-08-06,20.151954650878906,20.45364142890659,20.01482598808372,20.273848087210137,27831600
2001-08-07,20.21900177001953,20.432315924047415,20.109297879359378,20.124535434977286,31347800
2001-08-08,19.764951705932617,20.490214276567727,19.652199835003877,20.267760835855857,54996400
2001-08-09,19.810653686523438,19.97520945911825,19.59429396466461,19.80151208664434,45536200
2001-08-10,19.966060638427734,20.069670836473122,19.167663445779432,19.737511397798222,51756400
2001-08-13,20.060543060302734,20.1092990562693,19.731431369060797,19.88074965817207,32675400
2001-08-14,19.71314811706543,20.13977179928559,19.64001063589223,20.03616385501061,36481200
2001-08-15,19.259090423583984,19.82284613456624,19.259090423583984,19.71923589609672,39503000
2001-08-16,19.691808700561523,19.719233500842687,19.106721882864225,19.149384233250743,43905600
2001-08-17,18.856843948364258,19.542490784471543,18.741045294227632,19.435834894123346,52234200
2001-08-20,19.10672378540039,19.121960174561032,18.619151195026028,18.78980177602635,48371200
2001-08-21,18.521642684936523,19.259096007379384,18.500311500967655,19.106729743337556,47111800
2001-08-22,18.485063552856445,18.63438290976791,18.00358706391445,18.62828812352034,78107200
2001-08-23,18.015785217285156,18.750190501606806,17.979217642484784,18.488120363535952,51813200
2001-08-24,18.908649444580078,18.978737772864264,18.049303976104937,18.162054664000184,63399000
2001-08-27,18.987882614135742,19.307851508676386,18.762380051219512,18.86294233484036,44562800
2001-08-28,18.509450912475586,19.182909398486203,18.460693763317853,18.997022404052927,47422800
2001-08-29,18.360130310058594,18.68009915350911,18.14377054722141,18.603916040189368,48170000
2001-08-30,17.351470947265625,18.180343853760903,17.22348383447808,17.99140999859063,97632000
2001-08-31,17.384990692138672,17.69277119997784,17.156441293480068,17.324043953337238,57900800
2001-09-04,17.095495223999023,18.003599226523374,17.086353619682722,17.427653742885976,67189200
2001-09-05,17.595247268676758,17.793322608473293,16.879125513364517,17.119864360733974,89470600
2001-09-06,17.07111167907715,17.793327246997432,17.034544111229316,17.23566747808542,112356800
2001-09-07,16.882179260253906,17.479454620951216,16.854753291524837,17.098539034415364,89863800
2001-09-10,17.546493530273438,17.65924420165363,16.668863823745536,16.735904166545193,84471800
2001-09-17,16.123394012451172,16.790757664822888,16.08987325668812,16.461647220660826,127502000
2001-09-18,16.553068161010742,16.760286339661715,16.202625345287498,16.27576165170755,83182600
2001-09-19,16.415937423706055,16.66886592547535,15.419462132180362,16.595729623017334,126950200
2001-09-20,15.468228340148926,16.031984423275134,15.440802355970215,15.952753285664294,117983200
2001-09-21,15.148250579833984,15.41946228811392,14.474792110122355,14.602779187640575,184976600
2001-09-24,15.849135398864746,15.983218430872679,15.19700809306586,15.43470021232441,85580200
2001-09-25,15.632771492004395,16.150816791390415,15.285376750787247,15.928362284513852,84940600
2001-09-26,15.318906784057617,15.785147254842235,15.099498956647194,15.696774528528312,58524400
2001-09-27,15.224441528320312,15.443849388324072,14.627165867713076,15.267103909440443,81191200
2001-09-28,15.593160629272461,15.721148876876628,14.925796908613114,15.120825512141206,116641200
2001-10-01,15.782099723815918,15.99845956465164,15.361568461198438,15.523076347672642,69999600
2001-10-02,16.166057586669922,16.31842382436231,15.712006849325403,15.733338029605367,80860800
2001-10-03,17.135095596313477,17.348408420217208,15.967971593499277,15.99234957089496,97199200
2001-10-04,17.1991024017334,17.79637900327047,17.12901406410891,17.34537386666219,101778000
2001-10-05,17.589160919189453,17.6744856503411,16.74200374754358,17.1137777832111,80844400
2001-10-08,17.68666648864746,17.872553414611883,17.29051465235011,17.308797850011068,60605800
2001-10-09,16.626203536987305,17.543447735670554,16.51345168913034,17.522116556338066,99477600
2001-10-10,16.915693283081055,16.988829563086924,16.150815548764253,16.333654505086322,86349200
2001-10-11,17.16253089904785,17.320991907077797,16.635343918226575,16.991880314447446,83742600
2001-10-12,17.18081283569336,17.260042747279556,16.623151992261633,16.973594713130275,63307000
2001-10-15,17.692764282226562,17.826846125194734,17.019304767359273,17.034542317948617,68437000
2001-10-16,17.811614990234375,17.951791662288112,17.433746175934907,17.634869580935298,66169000
2001-10-17,17.074153900146484,18.07062886509038,17.058917514512704,18.0157769468394,73710600
2001-10-18,17.293569564819336,17.546498100577427,16.912653935638293,17.168629284946444,78348000
2001-10-19,17.644012451171875,17.677532050152298,16.952269527416572,17.491646199132266,91219600
2001-10-22,18.332706451416016,18.338801240678073,17.51297647629552,17.644011539274267,72323600
2001-10-23,18.414976119995117,18.72275528395908,18.101102169497196,18.42716569306303,80325000
2001-10-24,18.686199188232422,18.777618717389796,18.168153639724128,18.43631859938649,79141400
2001-10-25,19.064064025878906,19.07625244138939,18.152913415512835,18.469835468028176,75318200
2001-10-26,18.95435905456543,19.390126560995906,18.91779148522123,18.990926623909633,64509400
2001-10-29,18.174240112304688,18.95435547317265,18.143767337352642,18.923881535758756,55129400
2001-10-30,17.942655563354492,18.143779030052166,17.732389328309697,17.954843983712987,57395600
2001-10-31,17.720190048217773,18.5063990589524,17.704952497798363,18.070631621088328,64700000
2001-11-01,18.844654083251953,18.969594336803098,18.162052908082906,18.308325501839274,109671200
2001-11-02,18.71058464050293,19.20425119391138,18.43937161328158,18.872092568401232,83360000
2001-11-05,19.280424118041992,19.512020290985628,18.81723060969256,18.85075136843252,66401600
2001-11-06,19.74056625366211,19.789324557956924,18.942167620225817,19.10672340983495,68612000
2001-11-07,19.57906150817871,19.822848418016797,19.512019991727026,19.569919905921534,58899000
2001-11-08,19.630861282348633,20.130622248452553,19.399265162371897,19.643050857732117,74227800
2001-11-09,19.871604919433594,20.00568795580789,19.475452924384978,19.606486822491053,48013600
2001-11-12,20.04835319519043,20.24642980237828,19.396225774547123,19.71619353238164,57752800
2001-11-13,20.691328048706055,20.706563272002153,20.29517504423244,20.356122912187157,60159600
2001-11-14,20.097108840942383,20.82541938053568,20.048352846516597,20.791900942138057,88625600
2001-11-15,20.1489200592041,20.432321466125412,19.944747453197206,20.14282410533364,77922000
2001-11-16,20.036163330078125,20.298233485104294,19.792376382403894,20.222050354571678,59249000
2001-11-19,20.276899337768555,20.407934396128834,20.020922847633088,20.188526640276805,56005000
2001-11-20,19.92951011657715,20.660868733914146,19.816758231116566,20.24947791327618,65921800
2001-11-21,19.518115997314453,19.685717463984233,19.34441741671132,19.612582320799678,50785200
2001-11-23,19.719234466552734,19.749707243332058,19.38707608482566,19.618672210749512,15754600
2001-11-26,19.85027503967285,20.02397247321302,19.624773638656105,19.80456469928344,41983600
2001-11-27,19.423646926879883,19.828940481992923,19.121961289082765,19.743615767750608,90819000
2001-11-28,19.13719940185547,19.53944734261586,19.115868221374665,19.249950093320027,54536600
2001-11-29,19.75885772705078,19.777143261278248,19.182914547233032,19.234718523540273,54034400
2001-11-30,19.56686782836914,19.831985862871736,19.481543125289814,19.70399880825274,48234200
2001-12-03,19.737516403198242,19.87769535226581,19.441926767496913,19.451069529914538,47211800
2001-12-04,20.11234474182129,20.13672389949021,19.53335253426882,19.80761224573309,51005800
2001-12-05,20.752273559570312,20.773604732090536,19.868549237445983,20.26165426668167,74243000
2001-12-06,20.919883728027344,21.026539623451324,20.584678488870196,20.715713538940843,56026200
2001-12-07,20.670000076293945,20.977778138652738,20.27994296068866,20.79798713142872,42334800
2001-12-10,20.435359954833984,20.858937928269583,20.37441438704409,20.575536620690247,38367400
2001-12-11,20.51459503173828,20.761427651562624,20.438411894762883,20.618205306985736,54334000
2001-12-12,20.706573486328125,20.71571741472451,20.188529140246352,20.465836845155426,47884200
2001-12-13,20.194618225097656,20.79494151724073,20.133672665711423,20.45668831532178,53227800
2001-12-14,20.551164627075195,20.706576559006773,20.091017809674508,20.118442624159517,43000600
2001-12-17,21.020450592041016,21.06006498330791,20.465837489681157,20.468883140984616,57079800
2001-12-18,21.108814239501953,21.14843094304617,20.904644070966384,21.002158354813517,47255200
2001-12-19,21.175853729248047,21.29774715368149,20.858931755690563,20.91073803039827,56996200
2001-12-20,20.343935012817383,21.102718013141622,20.30127266419987,21.0722452391182,78585000
2001-12-21,20.581632614135742,20.72790290709768,20.41707679086027,20.724857256149082,84307600
2001-12-24,20.499353408813477,20.730950750265812,20.47802222768789,20.636484423127417,11701600
2001-12-26,20.62429428100586,21.04787224101269,20.535921583065143,20.54506318545137,29328000
2001-12-27,20.67609977722168,20.938169914701234,20.496308717166244,20.715716490397917,32406600
2001-12-28,20.682191848754883,20.980828342458928,20.630385566238672,20.791895714787728,28787200
2001-12-31,20.188522338867188,20.868076642070246,20.188522338867188,20.673045759036576,43006200
2002-01-02,20.42926597595215,20.450597156803433,19.96302564811381,20.310420493362937,48124000
2002-01-03,21.096633911132812,21.10272753871865,20.444504163063364,20.450600115573884,67590800
2002-01-04,20.99607276916504,21.303853289914983,20.92598326100275,21.10272869469478,52731400
2002-01-07,20.892454147338867,21.3373632052984,20.82846061759029,21.25508647417134,58508800
2002-01-08,21.142335891723633,21.28860848617729,20.7218059606709,20.932072088659275,47736400
2002-01-09,20.93817138671875,21.520211621901115,20.889415391975398,21.245951886080228,76304000
2002-01-10,21.11185646057129,21.270318581710352,20.761413799318692,20.868071979860602,50296600
2002-01-11,20.907695770263672,21.428788035349434,20.7522815535076,21.18500111984675,72993200
2002-01-14,20.86503028869629,21.038727684417363,20.642574587196112,20.81322633249898,50997800
2002-01-15,21.194141387939453,21.21547256499365,20.874171407202542,20.922929711854383,60717400
2002-01-16,20.682191848754883,21.282512811587228,20.676095897906368,20.980828342458928,61955400
2002-01-17,21.288610458374023,21.331272818016117,20.84370133287488,20.8833157168499,78958000
2002-01-18,20.14281463623047,20.676096427866273,19.935596475626447,20.447547088593787,107140400
2002-01-22,19.643054962158203,20.30432387164913,19.57906142171627,20.298230245146012,76837200
2002-01-23,19.423646926879883,19.719236613703064,19.271280701468864,19.51811440512105,80403000
2002-01-24,19.685710906982422,19.862456241987918,19.441925240131525,19.53334471989289,83886000
2002-01-25,19.441926956176758,19.761895744814524,19.35355428087378,19.560773569064484,48981200
2002-01-28,19.44801902770996,19.624764353632816,19.17071262795579,19.572960410666134,41622000
2002-01-29,18.990928649902344,19.655245569913447,18.890367532862196,19.47240654122471,58666000
2002-01-30,19.15243911743164,19.167676673958734,18.68924669305924,19.03054680245135,66100000
2002-01-31,19.41450309753418,19.444977038421392,18.92997848081635,19.216427712846226,69566200
2002-02-01,19.09453582763672,19.65524359849538,19.0366370789337,19.548587702868222,63462200
2002-02-04,18.625244140625,19.103673920203306,18.512493477036077,19.01530240682921,70308400
2002-02-05,18.63439178466797,18.963502261549177,18.436315205900698,18.527734718230914,66772600
2002-02-06,18.405834197998047,18.859884743413396,18.360123881027427,18.774560058360663,66103000
2002-02-07,18.222997665405273,18.774563739329587,18.20776127758168,18.375363868564953,63314000
2002-02-08,18.48202133178711,18.485068144436898,17.92740843257334,18.32051236226264,61283000
2002-02-11,18.6282958984375,18.66181665555894,18.159007623661548,18.286994700893842,50899600
2002-02-12,18.326616287231445,18.54297612955721,18.290048704892758,18.43327338254114,44973800
2002-02-13,18.83856201171875,18.85684637919062,18.26871259382708,18.363178919609652,54168600
2002-02-14,18.7958984375,19.19509838308264,18.686194564670444,18.893412732801362,57267000
2002-02-15,18.354040145874023,18.911701233861365,18.344898541960244,18.801997337046654,50179800
2002-02-19,17.9578857421875,18.32661177637357,17.857323462430102,18.256523443116382,52262600
2002-02-20,18.25347137451172,18.39364800066916,17.918265034288698,18.10110517326358,50492000
2002-02-21,17.689722061157227,18.366228608716256,17.67753248170554,18.198625959873528,59398400
2002-02-22,17.67144203186035,17.90303827077324,17.415466629660582,17.68972524186302,71347800
2002-02-25,18.003597259521484,18.250429848792873,17.64096482842931,17.656201221445947,51832200
2002-02-26,17.84207534790039,18.283937400914787,17.64400005686734,18.00967787491649,63276200
2002-02-27,17.793319702148438,18.329649227987836,17.671427473520595,18.00053776952345,65750000
2002-02-28,17.778087615966797,18.192523850888985,17.71714090569086,17.912169448604406,68068000
2002-03-01,18.701433181762695,18.71666957425579,17.933507142996,17.994453875430604,62115600
2002-03-04,19.289562225341797,19.35050894269306,18.5490623413095,18.661814175271022,74464200
2002-03-05,19.222524642944336,19.466310384896587,18.997022105099685,19.198145487518055,55926400
2002-03-06,19.390125274658203,19.411456452232386,18.951309821790446,19.170717548224324,49835400
2002-03-07,19.112817764282227,19.466307325166746,18.85074769695265,19.40231263346255,58079200
2002-03-08,19.487638473510742,19.716186625837928,19.249946395655954,19.390124192197675,57701800
2002-03-11,19.60648536682129,19.807609906450384,19.198144986251908,19.353558029419204,43718200
2002-03-12,19.057964324951172,19.137194236428464,18.792846303456976,19.051869537535715,66407200
2002-03-13,18.92388153076172,19.204235942586273,18.878172368345723,18.9177879057424,44387400
2002-03-14,18.65572738647461,18.96655473202656,18.603922247651393,18.936080779053363,51819600
2002-03-15,19.042726516723633,19.048820141222564,18.579533169867595,18.58867476907774,69086800
2002-03-18,18.93607521057129,19.19509850359217,18.649627111632938,19.11891538725581,52296800
2002-03-19,18.96351432800293,19.198158628513646,18.741059613549034,18.94827792666336,36376400
2002-03-20,18.314416885375977,18.89950370138181,18.314416885375977,18.710569937732636,55235200
2002-03-21,18.698379516601562,18.76846782635712,18.23213933487634,18.34793680536197,46123400
2002-03-22,18.42107582092285,18.63134078136155,18.35098750077662,18.60391481587285,41341400
2002-03-25,18.049304962158203,18.521640081811018,18.024926967818136,18.430220568726952,47752400
2002-03-26,18.003597259521484,18.56430396229218,17.76895308718604,18.00969088675832,69357200
2002-03-27,18.11329460144043,18.247377610031943,17.854272509780895,17.918266038902154,47318400
2002-03-28,18.378419876098633,18.4820289860292,18.18034326043472,18.26871597588246,43901200
2002-04-01,18.399747848510742,18.405842637732277,18.040163421675324,18.232145213536107,47010000
2002-04-02,17.455074310302734,18.006640461591896,17.403270351943917,17.948741714756387,76509400
2002-04-03,17.16558265686035,17.55563989336816,16.91265411836952,17.503834762759446,76931400
2002-04-04,17.2021541595459,17.36061523867059,16.888278815575102,17.0589294767392,61763800
2002-04-05,17.02539825439453,17.461165663826662,17.016256654708844,17.336225430787774,50166000
2002-04-08,17.43679428100586,17.46422025291175,16.534785184135508,16.546974763307514,73389600
2002-04-09,16.720670700073242,17.5007862602662,16.699339519664175,17.470313477528148,63413000
2002-04-10,17.156435012817383,17.40326869149375,16.778567463011267,16.796850664234896,75636400
2002-04-11,16.696287155151367,17.202142852665062,16.60791448714637,17.0314923036687,58165800
2002-04-12,17.043689727783203,17.14425085367076,16.717626028375015,16.805998737083257,52297600
2002-04-15,16.970552444458008,17.29356931176325,16.882180903252454,17.06501993759898,47388800
2002-04-16,17.616586685180664,17.704958228925072,17.174724316609563,17.186913895906123,51921600
2002-04-17,17.257007598876953,17.759815695344095,17.193012868903303,17.659254541035715,55158600
2002-04-18,17.177764892578125,17.464214089719984,16.05330276618823,17.305753103792153,74794800
2002-04-19,17.430702209472656,17.66839322807986,17.327093095278823,17.50383737098452,104268600
2002-04-22,16.94007110595703,17.278324194919037,16.760278975898924,17.223472279819163,51465200
2002-04-23,16.45250701904297,17.010166849992068,16.24224086498725,16.97359927807626,68281400
2002-04-24,16.156919479370117,16.586592316108575,16.150824689048576,16.409846884171,61220400
2002-04-25,16.37327003479004,16.592677712295856,16.11424798631591,16.120342773186817,57290400
2002-04-26,15.693718910217285,16.592679740479387,15.68152933498549,16.476881100701082,62776600
2002-04-29,15.919219970703125,16.1233901063983,15.675433137836006,15.684575899668674,70246000
2002-04-30,15.925318717956543,16.242240772657706,15.821709629398939,15.876561568191914,77384000
2002-05-01,16.07464027404785,16.208722163060592,15.437749266928318,15.89484804249366,76413000
2002-05-02,15.605344772338867,16.47687955795788,15.58706157366492,16.041112165148373,79009200
2002-05-03,15.10253620147705,15.748568480102797,15.087298653486107,15.620580284241433,71628000
2002-05-06,14.81609058380127,15.401177460306139,14.739907475464728,15.065971086148167,66299400
2002-05-07,15.075118064880371,15.3249986370981,14.733816807126441,14.986745355508605,88385400
2002-05-08,16.751140594482422,16.751140594482422,15.608394081214186,15.623630468898723,101242000
2002-05-09,15.882651329040527,16.760280909423262,15.815610995876844,16.577441946305175,83288200
2002-05-10,15.251861572265625,16.05026040618611,15.23357836602597,16.00759804167725,64408800
2002-05-13,16.056350708007812,16.123392212047793,15.16043781634241,15.373750741728056,64819000
2002-05-14,16.723718643188477,16.7907589975738,16.449458949232607,16.577447193899395,64832400
2002-05-15,16.684112548828125,17.19911030764781,16.412900676950812,16.604882571495406,70412000
2002-05-16,16.985790252685547,17.07416179520901,16.653631777448084,16.67191498367806,53406400
2002-05-17,17.074153900146484,17.186905711252233,16.842557816112556,17.129005818397466,54646200
2002-05-20,16.458593368530273,16.92788145672715,16.303180384756836,16.912645072037463,52115800
2002-05-21,15.903992652893066,16.638398111319354,15.885709442389624,16.440322635269435,63120000
2002-05-22,16.361085891723633,16.370228656295588,15.800378100565315,15.806472889459247,54169400
2002-05-23,16.70543098449707,16.71152577232431,16.153864891981883,16.36413100340499,51412800
2002-05-24,16.230052947998047,16.61401656102999,16.163012586367888,16.498217881905504,35982000
2002-05-28,15.943604469299316,16.361087673059618,15.769907035528158,16.330614887734317,49602000
2002-05-29,15.861323356628418,16.065494697030104,15.708957135791524,15.739431077436109,45393200
2002-05-30,16.04111671447754,16.260524460484014,15.672390712131616,15.736384250562805,63213000
2002-05-31,15.513934135437012,16.278812327482477,15.504792530888786,16.120352423821906,66468000
2002-06-03,15.059873580932617,15.736379832895894,14.98369048634078,15.53830448443418,88439000
2002-06-04,15.2305269241333,15.611442466941142,15.00502557376977,15.084255495190527,88008400
2002-06-05,15.742477416992188,15.76990338241661,15.337183886233497,15.367656664499753,66969400
2002-06-06,15.815610885620117,15.88874600537279,15.236618902346253,15.69371746941664,78703400
2002-06-07,15.839996337890625,16.02893017584826,15.193963717399726,15.203105321062448,97834400
2002-06-10,16.095970153808594,16.242241610649113,15.68153377819602,15.739433695721493,71825400
2002-06-11,16.01978302001953,16.510402395892772,15.974072692623649,16.223954343269387,74368200
2002-06-12,16.924848556518555,16.997983728128748,15.99846119139711,16.022840356908905,136198600
2002-06-13,16.522600173950195,16.906562697333396,16.516505383107603,16.7115340402205,79771600
2002-06-14,16.83646011352539,16.92787957395721,16.15081241659449,16.196522728041156,109433600
2002-06-17,16.967500686645508,17.199096806828457,16.873033221032234,16.96140589894834,94486600
2002-06-18,17.06197166442871,17.153391173780964,16.866941905358537,16.921793843462314,77518400
2002-06-19,16.565256118774414,17.04673278386356,16.55306654181974,16.903509323263304,81247000
2002-06-20,16.486024856567383,16.790757302437108,16.42507929736306,16.56830275644765,86401200
2002-06-21,15.93142032623291,16.623163483803438,15.931420326232912,16.2727216831373,116820000
2002-06-24,16.504314422607422,16.65058590322218,15.800381832340408,15.873518153878983,104523200
2002-06-25,16.135589599609375,16.760291127316872,16.0898792497317,16.668871590024004,84025200
2002-06-26,16.495174407958984,16.574404365003875,15.556597530486753,15.556597530486753,112131400
2002-06-27,16.73590660095215,16.742001389813566,16.108158460233728,16.638392304093713,95812400
2002-06-28,16.668872833251953,17.001031401410927,16.455559788683907,16.623162479965025,89555600
2002-07-01,16.047208786010742,16.574395719820306,16.022830797505726,16.49211782899982,66473800
2002-07-02,15.675436973571777,16.126440864796507,15.64191738018908,15.961886223545443,82814200
2002-07-03,15.797330856323242,16.004549023214516,15.373752920680287,15.614491844342515,80936600
2002-07-05,16.714574813842773,16.729812366673716,16.166056623328995,16.17824620060892,35673600
2002-07-08,16.12643814086914,16.738950919298464,16.022830240248826,16.58048993091033,63199400
2002-07-09,16.21480941772461,16.678002767876052,16.14167429859961,16.245283352744824,85277200
2002-07-10,15.919219970703125,16.51649515381167,15.885699223060808,16.361080989735793,90673400
2002-07-11,16.123394012451172,16.172151158344146,15.617538187888297,15.858277104312004,129550600
2002-07-12,15.803427696228027,16.37327714791056,15.68762902029724,16.26357326149847,95733800
2002-07-15,15.785143852233887,15.803428221397596,14.627160541831358,15.660203569104235,136965600
2002-07-16,15.617539405822754,16.089874511457648,15.431652409339993,15.635823772881794,97154600
2002-07-17,15.846090316772461,16.242242342199322,15.593161778734402,16.004551359435656,98034800
2002-07-18,15.574878692626953,16.07159300688203,15.437748831334172,15.864374808142326,91053600
2002-07-19,15.10253620147705,15.507829636371012,14.873986931153338,15.197002489235361,112543400
2002-07-22,14.477840423583984,15.233578039246323,13.987222079794234,14.916655963318533,180069800
2002-07-23,13.106548309326172,14.261485115424119,13.094359889081572,14.167018755599873,168061600
2002-07-24,14.087782859802246,14.127398408953972,12.618972352396561,12.722581445396482,202307800
2002-07-25,13.051688194274902,13.929316598313985,12.932841591420045,13.850086692205839,163411400
2002-07-26,13.819618225097656,13.8379025933394,13.31071551488905,13.328999883130795,123538000
2002-07-29,14.703343391418457,14.718579784202088,14.185297899539242,14.276717418703278,112148600
2002-07-30,14.65762996673584,14.880085671930187,14.422987009818316,14.49002735645389,122690600
2002-07-31,14.621063232421875,14.627158021092779,14.127396974699375,14.508312548165332,93875600
2002-08-01,13.941509246826172,14.654583208900023,13.865326136187777,14.499170174680986,92002800
2002-08-02,13.533164978027344,13.97197918767254,13.34727803983889,13.868370131754146,85947600
2002-08-05,13.405183792114258,13.764767088894565,13.350331846639131,13.496603313752042,78941600
2002-08-06,13.917131423950195,14.398609287197017,13.664204076930533,13.682488443718102,88715800
2002-08-07,14.34985637664795,14.413849935612603,13.761722439582392,14.32243039959703,86349400
2002-08-08,14.904467582702637,14.931893556140981,14.142636278817895,14.355949276398086,88748000
2002-08-09,14.663728713989258,14.977604003853976,14.523552032087442,14.672871480174036,69049400
2002-08-12,14.77037525177002,14.855699925508338,14.505257308434825,14.508305282474906,56866600
2002-08-13,14.340712547302246,15.145206199388895,14.298049018814496,14.62411387871399,100122800
2002-08-14,15.148250579833984,15.154345368638962,14.386419416143335,14.398608993753289,96706000
2002-08-15,15.166533470153809,15.462124304885036,14.85570624612408,15.224432214472898,98745600
2002-08-16,15.23661994934082,15.306708261612368,14.907508400453372,15.062922574915284,69334000
2002-08-19,15.846090316772461,15.8613267095846,15.190914963690235,15.248814883823519,79848200
2002-08-20,15.553548812866211,15.754672238788517,15.46517609902368,15.657157920914814,70317600
2002-08-21,15.93142032623291,15.961894284418648,15.587073317203917,15.712013639608827,81203400
2002-08-22,16.220905303955078,16.28794680308093,16.028923568934037,16.105106667954566,72517600
2002-08-23,15.913132667541504,16.105113319388984,15.79733398371597,16.047214558707378,57929200
2002-08-26,15.87656021118164,16.04416398898029,15.596206914613074,15.99845365640574,55652400
2002-08-27,15.492596626281738,15.98321601946391,15.43469788367129,15.946648453734257,65470200
2002-08-28,15.047687530517578,15.437744664046887,15.023308378441019,15.382892734336584,68875000
2002-08-29,15.413366317749023,15.541353375803325,14.785617115847929,14.898367785437946,94275600
2002-08-30,14.956269264221191,15.382893998462283,14.931890110141218,15.279284918546495,58138400
2002-09-03,14.328520774841309,14.785619476521845,14.322425985990115,14.785619476521845,74452600
2002-09-04,14.691149711608887,14.809995169596183,14.368134089892017,14.45955358353902,80232000
2002-09-05,13.990266799926758,14.480886232767661,13.981125198370881,14.47479144424306,90438800
2002-09-06,14.572310447692871,14.709440327682437,14.46565452018011,14.550979262190317,69918400
2002-09-09,14.840472221374512,14.916655342467335,14.209676071722903,14.398609886543698,81653200
2002-09-10,15.172633171081543,15.181774775128185,14.733817577444844,14.791717502973222,83950000
2002-09-11,14.803906440734863,15.571831371340226,14.788668884702071,15.30671440333451,77443200
2002-09-12,14.368139266967773,14.718580979294824,14.3285237125439,14.672871797232522,63726800
2002-09-13,14.599732398986816,14.706388297097778,14.276715566553175,14.291953119822258,59549200
2002-09-16,14.560115814208984,14.666772867173197,14.337661269402968,14.505263881247279,50166200
2002-09-17,14.410797119140625,14.901416525110037,14.386417966377481,14.83132704214699,73343400
2002-09-18,14.550971031188965,14.70029040770424,14.218812693088484,14.237097054231713,83951800
2002-09-19,14.383365631103516,14.572299342629941,14.197478731271687,14.224904686369195,77777600
2002-09-20,14.462601661682129,14.627157462121888,14.413844516640204,14.538784773464014,130619200
2002-09-23,13.783049583435059,14.234053502969829,13.655062503043437,14.200532745020938,89783800
2002-09-24,13.90799331665039,14.163968703688354,13.600213954389972,13.66116069653471,104142200
2002-09-25,14.173110008239746,14.31023988454808,13.728200776183723,14.139590405108725,107116600
2002-09-26,14.078642845153809,14.474794893969996,14.002459714132915,14.355949395571372,100852200
2002-09-27,13.78914737701416,14.352902108658517,13.770863006204591,14.029886361592784,81011600
2002-09-30,13.329000473022461,13.725152502761391,13.137018666605506,13.67334737168152,115577000
2002-10-01,14.087782859802246,14.09387764909191,13.161395812092628,13.50574385095445,110636600
2002-10-02,13.898852348327637,14.264531655470435,13.761722462841279,14.04817065283086,103488600
2002-10-03,13.652016639709473,14.197488128549567,13.591069903323254,13.80438289944387,105221400
2002-10-04,13.338149070739746,13.886667642821983,13.313769899220905,13.83181566936747,107120400
2002-10-07,13.42346477508545,13.731245213979173,13.313760902309946,13.35032963487651,89790000
2002-10-08,13.709915161132812,14.011599673593706,13.447845035181127,13.636778852451942,115667600
2002-10-09,13.405183792114258,13.85009298322381,13.350331846639131,13.47831894443957,123142600
2002-10-10,14.133490562438965,14.206625695351327,13.179677722036883,13.408227046696481,118515000
2002-10-11,14.892271041870117,14.90141380371758,14.325468630721979,14.43212566088936,108828800
2002-10-14,15.020255088806152,15.032444659588188,14.578393028879649,14.703333223241899,76216200
2002-10-15,15.934466361999512,15.958844363115505,15.434705133265382,15.620591024470148,133374200
2002-10-16,15.361560821533203,15.620582906396232,15.32194528253774,15.355466033806064,95437400
2002-10-17,15.471267700195312,15.998454735803477,15.251859948973557,15.931413220160803,182602400
2002-10-18,16.196537017822266,16.21177341425999,15.584023883847896,16.02893316961968,152817200
2002-10-21,16.001502990722656,16.147775613024,15.651061314794225,15.836948324942545,112378600
2002-10-22,15.745523452758789,15.824754532279993,15.550494891571082,15.672388323544359,87159000
2002-10-23,16.211767196655273,16.23005040038348,15.672390599893502,15.672390599893502,110866600
2002-10-24,15.61144733428955,16.26357476090342,15.51088620411549,16.260527947094293,95833400
2002-10-25,16.053308486938477,16.089876062118616,15.59011493896178,15.617540910962447,75425800
2002-10-28,15.830856323242188,16.303191546777843,15.696773256264692,16.272718756535195,79906600
2002-10-29,15.867416381835938,15.995404597597656,15.49564247231604,15.891795532442696,90517200
2002-10-30,16.18434715270996,16.26967190123938,15.733343083756214,15.907040557526829,94451200
2002-10-31,16.294048309326172,16.47688735738413,16.10511330887566,16.20872241276512,105973800
2002-11-01,16.150819778442383,16.223956077601645,15.815614549912356,15.977122375708927,105097800
2002-11-04,17.095495223999023,17.44593811398098,16.918750953263594,17.293571842243157,139964200
2002-11-05,17.272241592407227,17.308809174114796,16.937036241419186,16.99798182344431,76658200
2002-11-06,17.378894805908203,17.400225988773972,16.921796037420666,17.366706388886534,115407000
2002-11-07,17.068065643310547,17.253952641559877,16.912652590449227,17.125965558316693,73699600
2002-11-08,16.79075813293457,17.23262043379329,16.763332164951283,17.065017812767454,64522200
2002-11-11,16.41289520263672,16.790762910748686,16.40070562173958,16.78162130630704,58341200
2002-11-12,16.61096954345703,16.891324072915346,16.42508367836396,16.48602925382407,81398600
2002-11-13,16.86998748779297,17.04368487965919,16.48907195081232,16.528687492147657,107370200
2002-11-14,17.36669158935547,17.369738400398887,17.025390629428134,17.061959336716892,78337000
2002-11-15,17.27528190612793,17.34537022905375,16.964454672416462,17.247855939551567,77533600
2002-11-18,17.01931381225586,17.378898342981493,16.98579420554628,17.3545203415143,58086400
2002-11-19,16.717626571655273,17.004074727768206,16.55002391475449,16.92789159622582,76403400
2002-11-20,17.25395393371582,17.33927982473019,16.738956423942657,16.76333441961659,76435400
2002-11-21,17.625722885131836,17.67448002490897,17.302706107569627,17.363652822906523,82922200
2002-11-22,17.74152183532715,17.765899824407015,17.384984300030954,17.506877732816065,70002000
2002-11-25,17.74457359313965,17.86951387345518,17.543450186718008,17.692769625369372,61583000
2002-11-26,17.339282989501953,17.750671477207618,17.30271424562315,17.564784431108965,68650400
2002-11-27,17.698856353759766,17.860364135555802,17.49163825213457,17.552583795291152,55191800
2002-11-29,17.576969146728516,17.866465228753622,17.576969146728516,17.805518501622736,28393000
2002-12-02,17.580007553100586,17.967017748479407,17.37278947742592,17.87255147093996,63735000
2002-12-03,17.281375885009766,17.476404454878313,17.18995638819163,17.455073277702816,58457400
2002-12-04,17.22957992553711,17.503838543268152,17.010172101382263,17.10463961732949,83892000
2002-12-05,16.863893508911133,17.3971752862733,16.85170393215197,17.354512930078247,68435800
2002-12-06,16.903507232666016,16.985785123241005,16.5225917184088,16.720667088345415,71670200
2002-12-09,16.312328338623047,16.827326944002344,16.30623354988022,16.7602854302933,63862800
2002-12-10,16.458593368530273,16.601817942028944,16.29708559838863,16.32146474386144,63730200
2002-12-11,16.656675338745117,16.763331229136,16.32756490378038,16.409841640675047,69186200
2002-12-12,16.507366180419922,16.77857920040308,16.361094655997547,16.760294823926753,55242000
2002-12-13,15.998456001281738,16.379371620359873,15.995409187812488,16.358040438688477,65245400
2002-12-16,16.601821899414062,16.623153075556676,16.0502558074618,16.150818062815766,60140400
2002-12-17,16.565256118774414,16.75723788719336,16.388510740317788,16.583539321744382,49549800
2002-12-18,16.312328338623047,16.577446417856756,16.086826967448783,16.40679582044378,62709400
2002-12-19,16.18434715270996,16.684108386889452,16.114258800351863,16.227009526974673,82686600
2002-12-20,16.16300392150879,16.370222009922617,16.135577963852203,16.300133709791712,98294600
2002-12-23,16.455547332763672,16.54087202101989,16.120342203932793,16.166051360157898,48798400
2002-12-24,16.400697708129883,16.52563794588377,16.3092782204376,16.315373007945333,18386000
2002-12-26,16.26966667175293,16.665818657186534,16.202625155192944,16.464695269968725,37228000
2002-12-27,16.14167022705078,16.455544122586524,16.12033905914805,16.236136495631033,40891600
2002-12-30,16.07464027404785,16.22395971888261,15.92836880536242,16.153870216995767,48019600
2002-12-31,15.75466251373291,16.147767518890056,15.620579537576685,16.07158443242371,58208800
2003-01-02,16.37023162841797,16.379373232187525,15.757718601686564,15.937510838082558,67025200
2003-01-03,16.391550064086914,16.39459687548641,16.114243728275696,16.33060337394415,55546800
2003-01-06,16.69019317626953,16.830369796985032,16.39460238533578,16.461643883270067,59456200
2003-01-07,17.004070281982422,17.068063816755686,16.662770267396308,16.735905403576602,80517400
2003-01-08,16.528688430786133,16.927887192236074,16.48907288720109,16.873035258798947,64566000
2003-01-09,17.007116317749023,17.040635906572533,16.61705804024651,16.674957942452906,61808000
2003-01-10,17.040639877319336,17.15643854625321,16.729813767882483,16.790759334462464,67730200
2003-01-13,17.183866500854492,17.29357039330821,16.99493266521881,17.223482053676626,60817800
2003-01-14,17.36060905456543,17.369750656607348,17.122916939316568,17.165580461257107,54206400
2003-01-15,17.14729881286621,17.46726772213738,17.12291965360708,17.369753410025446,59622600
2003-01-16,16.866943359375,17.263096538155406,16.793808210573427,17.162534255475453,81371000
2003-01-17,15.681532859802246,16.150821149553778,15.635823686101546,16.132536782596215,155876000
2003-01-21,15.641919136047363,15.891799682715568,15.629729557560575,15.806473795770245,86159200
2003-01-22,15.541359901428223,15.967985932334747,15.513933925691912,15.721152150707947,86948000
2003-01-23,15.93142032623291,16.010651455053182,15.681539681423091,15.83085917037659,71374800
2003-01-24,15.19091510772705,15.861326859978107,15.145205928857234,15.85523207030301,103027000
2003-01-27,14.983696937561035,15.419464519242709,14.752100741771448,15.029407278981399,114838600
2003-01-28,14.877039909362793,15.145204823178231,14.797809974295284,15.142156847332068,86151200
2003-01-29,15.209200859069824,15.24881641432735,14.605830575944086,14.84961637279352,106884000
2003-01-30,14.700295448303223,15.288428069303666,14.68505789422816,15.285381255965953,87877400
2003-01-31,14.462601661682129,14.733813353631714,14.331566616420325,14.459554848694149,106858400
2003-02-03,14.79780387878418,14.96235847036602,14.462597583977507,14.605822165733375,80129800
2003-02-04,14.419940948486328,14.608874761748394,14.285859074955535,14.56621240028233,81854800
2003-02-05,14.310240745544434,14.788670771979305,14.24015239620596,14.575358909845894,101072000
2003-02-06,14.450411796569824,14.511358517272061,14.188342873735628,14.279762373557977,83312000
2003-02-07,14.19443416595459,14.611917181876276,14.142629059255613,14.590586009253675,75208000
2003-02-10,14.438227653503418,14.480890021876727,14.182252280801217,14.261482227428452,74081400
2003-02-11,14.151778221130371,14.526599092115696,14.017696326924494,14.413848381932064,84292000
2003-02-12,14.151778221130371,14.352901643670357,14.096926272941069,14.185298985297425,71315200
2003-02-13,14.319381713867188,14.358996104736624,14.05731155907028,14.142636293204225,73558200
2003-02-14,14.71857738494873,14.779524108610673,14.252337099489699,14.39860853880112,90446400
2003-02-18,15.212242126464844,15.230526490485337,14.870942135315966,15.005025146542346,57415500
2003-02-19,14.99824333190918,15.212240972908958,14.77813013979549,15.175555829623237,46902700
2003-02-20,14.759783744812012,15.20612441596769,14.735327376723706,15.144981746447788,50897200
2003-02-21,15.059391021728516,15.163333275478658,14.490766986013195,14.851507680428387,56853200
2003-02-24,14.716994285583496,14.979907127889511,14.576366865903607,14.943221967581762,62403700
2003-02-25,14.790360450744629,14.839274368955534,14.295105716884452,14.39293471950606,68113000
2003-02-26,14.435737609863281,14.961562061385315,14.417394448942717,14.716992413444826,57096000
2003-02-27,14.417389869689941,14.802586797074918,14.246190587407895,14.613045525898166,75434300
2003-02-28,14.490761756896973,14.716988178823192,14.39904714488391,14.515218131553981,56585400
2003-03-03,14.392936706542969,14.747562954080394,14.307336463206376,14.686420256325672,50653500
2003-03-04,14.105563163757324,14.466303715514767,14.099448778754692,14.417389801693405,56605700
2003-03-05,14.33178997039795,14.399045869396911,14.093333632966406,14.105562402311538,55415900
2003-03-06,14.227848052978516,14.368475404711177,14.14224783201979,14.166705371207899,54607600
2003-03-07,14.40516471862793,14.545793277282357,14.001624534767384,14.0321964676053,66167600
2003-03-10,14.032196998596191,14.344022561942738,13.995510677802448,14.252309092358457,48413600
2003-03-11,13.94048023223877,14.221736151005269,13.916023854980734,14.09945076611551,53990700
2003-03-12,14.301227569580078,14.331799513299393,13.787630577099696,13.946601185838901,72379500
2003-03-13,15.083847045898438,15.126646587314033,14.331794962224306,14.502993127886686,80701300
2003-03-14,15.200011253356934,15.261152761588685,14.833156372968848,15.089954672620557,75451400
2003-03-17,15.854243278503418,15.866472052870359,14.875963486950312,14.992134511036022,100983800
2003-03-18,15.921497344970703,15.921497344970701,15.591327497022514,15.829782720851835,78108800
2003-03-19,16.09269905090332,16.15995614582462,15.738072746573085,15.884814544964891,73652100
2003-03-20,16.049898147583008,16.214983094131874,15.695271873255843,15.909270748463626,71798500
2003-03-21,16.245553970336914,16.386181370392208,15.915385241241877,16.355610602101947,85586800
2003-03-24,15.46292781829834,15.854239166959175,15.39567074292233,15.621897179041948,61105200
2003-03-25,15.585211753845215,15.744182277954947,15.303957018558616,15.652468828022352,63595100
2003-03-26,15.43847942352295,15.664707159886952,15.432365034302247,15.566878098556208,51673600
2003-03-27,15.310072898864746,15.44458589415257,15.034931356003398,15.24893020420668,60043300
2003-03-28,15.083847045898438,15.346759847394281,15.041047504482842,15.083847045898438,39584600
2003-03-31,14.802593231201172,15.108305618458035,14.680308976018551,14.827050781957821,71384000
2003-04-01,14.888190269470215,15.102189127460948,14.827047572015726,14.955446187090192,49803200
2003-04-02,15.725839614868164,15.897038915326695,15.34675703226689,15.34675703226689,68282500
2003-04-03,15.731954574584961,15.952067802320425,15.652469890235968,15.89092510948281,57394300
2003-04-04,15.340638160705566,15.774748921290946,15.242810350821552,15.750292551919685,55740600
2003-04-07,15.38956069946289,16.159956009154495,15.38956069946289,16.037670595095456,65627100
2003-04-08,15.640239715576172,15.793095850859832,15.407898903072901,15.475154809581873,54132100
2003-04-09,15.022699356079102,15.695266520411344,15.004357367962541,15.658581377978575,76875800
2003-04-10,15.034930229187012,15.157215609338275,14.845388939532386,15.108300524317919,51608900
2003-04-11,14.796475410461426,15.395671223346268,14.643619264345915,15.218357534076349,71565500
2003-04-14,15.138871192932129,15.212241481958774,14.674188419697733,14.839273319307265,51599600
2003-04-15,15.041046142578125,15.157217148901676,14.735333827347674,15.089960066366999,63399000
2003-04-16,15.236701011657715,15.738068994861402,15.041045327109924,15.652469924421709,86178700
2003-04-17,15.591331481933594,15.61578903226958,15.126648521351552,15.144991684103541,58356600
2003-04-21,15.41401195526123,15.658582702025665,15.334527278902614,15.658582702025665,41557800
2003-04-22,15.750290870666504,15.77474723742719,15.30395138993993,15.322293373460605,58844000
2003-04-23,15.725839614868164,15.890924529646052,15.57298347145156,15.744182771910092,55559300
2003-04-24,15.585211753845215,15.725839121488512,15.481269532934995,15.579097368356402,51703600
2003-04-25,15.420130729675293,15.676929153912235,15.38955996072807,15.48738782079928,53657400
2003-04-28,15.738069534301758,15.860354924435535,15.481271147980754,15.524070684667604,56287600
2003-04-29,15.774757385253906,16.04989897705489,15.701387071573716,15.866472026654307,65877300
2003-04-30,15.634126663208008,15.823667960584364,15.43847097995501,15.731954504834505,55566800
2003-05-01,15.725839614868164,15.866468153123304,15.49349879000285,15.615784171216061,42085800
2003-05-02,15.95819091796875,16.074361981290274,15.628020895749845,15.68304923278633,52695400
2003-05-05,15.811440467834473,16.1354947582092,15.799211695993952,16.04989568772529,50391500
2003-05-06,16.123275756835938,16.20276048381701,15.786991348960948,15.81144890569389,54299500
2003-05-07,15.8909273147583,16.11104057304015,15.799213845874208,15.964298789585593,49120000
2003-05-08,15.738069534301758,15.982639148369403,15.71972637592172,15.744183920428439,46401400
2003-05-09,16.117158889770508,16.20275799277465,15.829788473341775,15.835902861584973,58913600
2003-05-12,16.01932716369629,16.184410941821227,15.933726915046286,15.988755229821276,53900800
2003-05-13,15.8909273147583,16.019327104156055,15.829784613435562,15.921499248519686,44501900
2003-05-14,15.664692878723145,16.00709019952272,15.615778975751777,15.945947529258651,45021000
2003-05-15,15.768646240234375,15.903159277156869,15.63413203711162,15.805331401904098,45450200
2003-05-16,15.634126663208008,15.927610188087503,15.536298821581509,15.823667960584364,60620900
2003-05-19,15.138871192932129,15.615782736404203,15.126642422694447,15.530182510940158,55336300
2003-05-20,15.059391021728516,15.285618691490646,14.979906317660832,15.20001960000235,52677600
2003-05-21,14.692534446716309,15.108302220261969,14.60693420452166,15.059388295950718,108960900
2003-05-22,14.772014617919922,14.83927168060022,14.698644336995587,14.796472155694426,93157100
2003-05-23,14.808704376220703,15.004361240830184,14.692534534165015,14.796476769720071,76968000
2003-05-27,15.157212257385254,15.218353767739888,14.808699350886243,14.827042503712368,68486800
2003-05-28,14.924875259399414,15.20613119815603,14.8576181763098,15.151102887664516,91467000
2003-05-29,14.9187593460083,15.08384426058466,14.814817121963905,14.961558879520728,75451300
2003-05-30,15.047163009643555,15.230589962543345,14.986020303276918,15.120533324323421,85096700
2003-06-02,15.065503120422363,15.303959528799814,15.02270358118025,15.273387596341177,66310800
2003-06-03,15.212247848510742,15.23670539922195,15.022706495299692,15.132763141099723,61058200
2003-06-04,15.20612907409668,15.420126733671598,15.126643229511897,15.279499367036713,83484600
2003-06-05,14.729219436645508,14.992132214256188,14.680305512871422,14.961560283022427,115877900
2003-06-06,14.472419738769531,15.016587237405956,14.46019096737999,14.943216941468371,119629400
2003-06-09,14.521339416503906,14.66196684464935,14.429625927113413,14.502996252145692,73610000
2003-06-10,15.089953422546387,15.132752941242844,14.582471249346625,14.637499535156188,80655300
2003-06-11,15.212247848510742,15.261161783732955,14.930993012533069,15.08384920587751,75768600
2003-06-12,15.279500961303711,15.37121442014805,15.126644807829843,15.267272189137824,66177700
2003-06-13,15.071613311767578,15.4384682357582,14.973785487530034,15.407897478008838,55157500
2003-06-16,15.524066925048828,15.54241007898652,15.083841726340813,15.163326394338233,69658600
2003-06-17,15.872579574584961,15.982636171969862,15.609668017298437,15.676923919767226,122213900
2003-06-18,15.939838409423828,16.15995162858267,15.719725190264983,15.884810104634116,89957700
2003-06-19,15.939838409423828,16.13549408592066,15.903153261630628,15.952067180754836,63626900
2003-06-20,16.09881019592285,16.129380960439033,15.903154504139499,16.10492458206607,86048900
2003-06-23,15.762530326843262,16.043785149426583,15.58521659123192,15.982642441760596,52584500
2003-06-24,15.71361255645752,15.921497012033369,15.603555942776204,15.683040626990563,51820300
2003-06-25,15.444583892822266,15.89092352344902,15.37121243550018,15.676924702975997,60483500
2003-06-26,15.744178771972656,16.208861469846667,15.414009026299203,15.524065608190353,51758100
2003-06-27,15.670812606811523,16.104924696464394,15.609671077344853,15.8664694661846,76040300
2003-06-30,15.676926612854004,15.970411311697056,15.59132754071639,15.860354695405897,48073100
2003-07-01,15.988757133483887,16.019329070998875,15.524074179057642,15.646359596717243,60926000
2003-07-02,16.435096740722656,16.46566867789411,16.1721850782491,16.2027558492204,94069300
2003-07-03,16.20275115966797,16.477892683576222,16.147722854886318,16.318922154895876,39440900
2003-07-07,16.765262603759766,16.844747288750877,16.477893461161287,16.520692996633414,88960800
2003-07-08,16.936466217041016,16.997607759714672,16.661324610208876,16.667438997716275,61896800
2003-07-09,16.795833587646484,16.936462134013738,16.66132059351247,16.850861895746736,62300700
2003-07-10,16.45343589782715,16.76526258386823,16.257780212358206,16.66132035518787,55350800
2003-07-11,16.6980037689209,16.783603997065402,16.441205416886902,16.477891728748723,50377300
2003-07-14,16.753036499023438,17.003720532013126,16.5390376213932,16.89366389973471,60464400
2003-07-15,16.673545837402344,16.832516342031074,16.5696036292297,16.795830033593923,53567600
2003-07-16,16.826404571533203,16.887547262228274,16.630748894268837,16.850860948091338,49838900
2003-07-17,16.318923950195312,16.673550194357446,16.22721048753613,16.594064338172856,72805000
2003-07-18,16.441204071044922,16.649088489779267,16.35560501610713,16.57571820446106,63388400
2003-07-21,15.921497344970703,16.45343610062071,15.8970398008857,16.428979722735598,48480800
2003-07-22,16.129379272460938,16.239435879121363,15.976523133476963,16.06823774982718,51791000
2003-07-23,16.172182083129883,16.29446631056795,15.982639606370974,16.1538389242242,49828200
2003-07-24,15.897045135498047,16.45955601001753,15.884816359351904,16.37395690939509,53556600
2003-07-25,16.441204071044922,16.477890379903684,15.939836178638444,16.06823592724479,54173000
2003-07-28,16.270002365112305,16.50845748899171,16.196630929811274,16.471772354440894,52658300
2003-07-29,16.18441390991211,16.447326758453148,16.043786486897215,16.435097982660483,62391100
2003-07-30,16.037668228149414,16.245552701648716,16.000983075825996,16.17829561722248,41240300
2003-07-31,16.147724151611328,16.502350385237705,16.08658145625507,16.26389515616822,64504800
2003-08-01,16.0009822845459,16.208866747764905,15.97041152015483,16.098810130037208,42649700
2003-08-04,16.007097244262695,16.147724631420708,15.744184462758618,15.9887540852508,51825600
2003-08-05,15.689160346984863,16.227214826535853,15.652475185351923,16.086586235575776,58825800
2003-08-06,15.683036804199219,16.01320656476321,15.548523845932175,15.615780908165489,56294900
2003-08-07,15.719725608825684,15.780868300908914,15.560756242089084,15.725839994653992,44258500
2003-08-08,15.640239715576172,15.884809298790076,15.59132579893339,15.823666611436659,33241400
2003-08-11,15.658587455749512,15.890928336271404,15.61578791193233,15.658587455749512,36433900
2003-08-12,15.731954574584961,15.756412118199952,15.560756434079481,15.719725802777464,38208400
2003-08-13,15.652464866638184,15.829777336139662,15.591322193424073,15.768635829125044,39636900
2003-08-14,15.670812606811523,15.719726530104813,15.603556691158202,15.689155765371478,37338300
2003-08-15,15.615788459777832,15.689158775695578,15.548531365019777,15.658588005096542,27607900
2003-08-18,15.71361255645752,15.793097240671878,15.566869627415855,15.628012320149905,45817400
2003-08-19,16.276126861572266,16.294468857144583,15.756415606687703,15.80532953854742,72952900
2003-08-20,16.172182083129883,16.2210960073451,15.89704053054433,16.080467454801404,56739300
2003-08-21,16.043785095214844,16.343383078945667,15.976528000389505,16.294469146218187,63802700
2003-08-22,16.03154754638672,16.477888250217013,16.02543316236718,16.373946054283863,65846300
2003-08-25,16.20275115966797,16.2272087023264,16.037666245323017,16.086580164440058,36132900
2003-08-26,16.245553970336914,16.306696673117493,15.87258453295543,16.08658340958743,47546000
2003-08-27,16.153837203979492,16.251665041992098,16.080465742370126,16.20886550863656,30633900
2003-08-28,16.20886993408203,16.251669479122967,16.04378497503831,16.20275554676188,46211200
2003-08-29,16.214977264404297,16.233319252181914,16.111035057599153,16.1782909564498,34503000
2003-09-02,16.66743278503418,16.691889159747646,16.184406847796044,16.32503537564749,74168900
2003-09-03,17.303316116333008,17.364458810996354,16.740805424590032,16.765262968935332,109437800
2003-09-04,17.38279914855957,17.40725552273645,17.11377203541564,17.18102910525155,59840800
2003-09-05,17.352224349975586,17.578451896202328,17.223825782857357,17.26051092114835,64024500
2003-09-08,17.633487701416016,17.682401628715645,17.32777536424334,17.3583461314806,46105300
2003-09-09,17.346113204956055,17.553996457580094,17.309426896081526,17.517311314905225,44315200
2003-09-10,16.844751358032227,17.22994960273563,16.80195181222077,17.138236123682493,54763500
2003-09-11,17.02206039428711,17.187145310714854,16.869204249342864,16.91200378333528,37813300
2003-09-12,17.327777862548828,17.36446302176278,16.783610197107798,16.80195219361468,55777200
2003-09-15,17.340003967285156,17.49286013436997,17.321660807402978,17.34611835391255,41432300
2003-09-16,17.670169830322266,17.700741758525826,17.315543626559666,17.37057193112626,52060600
2003-09-17,17.42559814453125,17.700739634345826,17.407254989810387,17.584568653513042,47221600
2003-09-18,18.037025451660156,18.04313983751996,17.376686939399917,17.419486474218658,67268100
2003-09-19,18.318288803100586,18.32440319183064,18.049262696180573,18.19600452710069,92433800
2003-09-22,17.77410888671875,18.342733821786055,17.615138386985983,17.969764527559196,65678700
2003-09-23,18.098173141479492,18.165429072108854,17.65794656761366,17.804689536369057,57827800
2003-09-24,17.401140213012695,18.159307597604922,17.376683840135335,18.1042793008813,66336500
2003-09-25,17.266632080078125,17.706857410898255,17.254403307116462,17.407259470537337,56224500
2003-09-26,17.236053466796875,17.596793941531427,17.205481548311226,17.28496737017447,49864700
2003-09-29,17.62737274169922,17.676286667408757,17.181033023824693,17.370574340174155,47380300
2003-09-30,16.997591018676758,17.492845423195334,16.967020277449254,17.48061666022472,63333700
2003-10-01,17.437833786010742,17.505089714091195,17.003721616145327,17.138235804706508,58375900
2003-10-02,17.42559814453125,17.578454268606087,17.236056877214363,17.395027386196155,38143600
2003-10-03,17.780229568481445,18.012570432717574,17.688516100130343,17.82914349601537,57303000
2003-10-06,17.847484588623047,17.914740502315915,17.676285278986896,17.82302704458936,34047600
2003-10-07,17.81691551208496,17.957544080401544,17.682402496956136,17.73743081364522,52356800
2003-10-08,17.62126350402832,17.951433473691186,17.53566440057513,17.951433473691186,46989100
2003-10-09,17.694629669189453,17.945313681991863,17.609029425310602,17.865827824547214,62653300
2003-10-10,17.676284790039062,17.85359848077892,17.529543028495656,17.676284790039062,37604700
2003-10-13,17.596803665161133,17.792459386786817,17.425604325638616,17.71908790807714,39320300
2003-10-14,17.53565788269043,17.590686190513924,17.41337249503824,17.523429110685232,34851300
2003-10-15,17.873828887939453,17.990651628566024,17.646333268171485,17.953760668852226,57242100
2003-10-16,17.972209930419922,18.021398279574196,17.707822113937166,17.775456533802824,42232500
2003-10-17,17.787748336791992,18.009096424952208,17.7078165615153,18.002947736643048,49960000
2003-10-20,18.045984268188477,18.058281642684854,17.70781350599114,17.8000426419718,38794500
2003-10-21,18.045984268188477,18.095172593431812,17.93531024320543,18.045984268188477,44166800
2003-10-22,17.76314926147461,17.959902548524717,17.707812252899004,17.8492297041156,48798500
2003-10-23,17.77545166015625,17.87997702004332,17.27741961492606,17.658628923166603,67357900
2003-10-24,16.36128807067871,16.84702279641691,16.244465319833296,16.767092181254824,210558300
2003-10-27,16.54574203491211,16.662564771472443,16.49040501089629,16.54574203491211,65619100
2003-10-28,16.724044799804688,16.736340999940385,16.527290351987176,16.65641042171923,71752600
2003-10-29,16.441213607788086,16.754789627789542,16.392025281478578,16.69945261409857,73551500
2003-10-30,16.06000328063965,16.62566958112753,15.930883199888285,16.607223520236726,98729400
2003-10-31,16.072303771972656,16.256760911891075,16.05385887890052,16.21372126439951,69623700
2003-11-03,16.404327392578125,16.447367043932786,16.16453437917784,16.20142534137576,57772300
2003-11-04,16.02926254272461,16.3674333461667,15.992371587478274,16.34898728217237,84026100
2003-11-05,16.047706604003906,16.18297420485428,15.986220904438401,16.07844886741557,61514400
2003-11-06,16.127635955810547,16.170675590383357,15.986219678573573,16.14608201608836,68189800
2003-11-07,16.047706604003906,16.287499542292988,16.004666966130706,16.219865155496713,57822100
2003-11-10,15.986230850219727,16.127647226282605,15.986230850219727,16.060013970150695,54579100
2003-11-11,15.863256454467773,16.035416254120186,15.783325830937214,15.992376597392756,64990700
2003-11-12,15.973926544189453,16.072303212960655,15.740282249043448,15.893995940591251,75877300
2003-11-13,15.795623779296875,15.94318882456319,15.64805873403056,15.90014916628669,78949500
2003-11-14,15.67879867553711,15.998523479006275,15.64190771290376,15.801770114638344,83146400
2003-11-17,15.463595390319824,15.641903815312126,15.272990762675365,15.611160376826074,103900200
2003-11-18,15.463595390319824,15.887845459489213,15.445150499970458,15.57426942338508,106868300
2003-11-19,15.586567878723145,15.703390607579884,15.475893837989638,15.549676922726091,78853300
2003-11-20,15.432861328125,15.758733740103235,15.420563946193736,15.47590099214153,106845700
2003-11-21,15.439003944396973,15.605013844178528,15.420557878757943,15.57427157418924,70712900
2003-11-24,15.820215225219727,15.869403566982168,15.543531242584468,15.574273516407528,99463800
2003-11-25,15.617304801940918,15.955475496533687,15.605007429902937,15.906287181123714,85663800
2003-11-26,15.648058891296387,15.758731796801356,15.568127091342928,15.7464355891293,69758400
2003-11-28,15.807910919189453,15.832505665663955,15.617306324980305,15.6787920184245,33402600
2003-12-01,15.887845039367676,16.11534061443748,15.678794354159505,15.924735991833169,101914600
2003-12-02,15.777177810668945,16.04156562492236,15.746435532485275,15.955486307813894,85121700
2003-12-03,15.78332233428955,16.02926401306214,15.75258006422139,15.875550317236467,93121600
2003-12-04,16.109201431274414,16.127646330675685,15.777179169137401,15.814070140682789,87202400
2003-12-05,15.973926544189453,16.281353927285057,15.937035586585852,15.961629167407454,96610900
2003-12-08,16.1337890625,16.19527477419493,15.869401323131468,16.060007146660006,90504000
2003-12-09,16.219871520996094,16.36128903731881,16.139940901111636,16.256763658859047,103547100
2003-12-10,16.348989486694336,16.373583069260686,16.21986936680793,16.262910188598386,82853700
2003-12-11,16.36128807067871,16.45966475368246,16.158386015390654,16.3489906921176,79309000
2003-12-12,16.385879516601562,16.48425618676656,16.29365153491468,16.41047427051402,69154100
2003-12-15,16.441213607788086,16.662561662551987,16.404322656241504,16.631818225644665,88860600
2003-12-16,16.637971878051758,16.699457597472477,16.45966458174848,16.49655554430389,73978000
2003-12-17,16.625675201416016,16.650268784842122,16.508852455100072,16.625675201416016,53712300
2003-12-18,16.847023010253906,16.877766457046903,16.63182357367324,16.66256702046624,61177800
2003-12-19,16.822425842285156,16.939247396987117,16.717900490938646,16.902356441436094,76856400
2003-12-22,16.711755752563477,16.865469471887653,16.58263561850501,16.699458373559317,43894800
2003-12-23,16.693315505981445,16.810138301778615,16.607236168416698,16.705612889274416,39609000
2003-12-24,16.625675201416016,16.699457124436858,16.601080445247387,16.687159746352545,19924200
2003-12-26,16.730194091796875,16.75478884016656,16.601075181082464,16.631817443802426,12076900
2003-12-29,16.88390350341797,16.9269443022372,16.699447628017253,16.73018988300342,40426700
2003-12-30,16.920808792114258,16.939253690371377,16.847025680857488,16.853174371190782,34406600
2003-12-31,16.828575134277344,16.939248004902236,16.742494671245925,16.859317402882752,42198900
2004-01-02,16.877758026123047,17.074511296344017,16.803974963419186,16.957688602372066,44487700
2004-01-05,17.30200958251953,17.32660433158759,17.04377058101586,17.049919268282874,67333700
2004-01-06,17.363500595092773,17.388095351685994,17.258975225056663,17.332758322093788,46950800
2004-01-07,17.34505271911621,17.40653843144574,17.222082467199577,17.320459137829854,54298200
2004-01-08,17.314308166503906,17.511061481823365,17.21593150884418,17.45572446529698,58810800
2004-01-09,17.00687599182129,17.252817566175874,16.963836362901976,17.23437268106299,67079900
2004-01-12,16.951541900634766,17.049918547262394,16.81627430470731,17.013027597962566,55845200
2004-01-13,16.86546516418457,16.994584092521436,16.76093981483183,16.93924707387926,51555900
2004-01-14,17.0314884185791,17.04993332284242,16.890070840349154,16.9208143020266,43907000
2004-01-15,16.933101654052734,17.043774532289834,16.859318562485548,16.93924917000275,58504100
2004-01-16,17.099111557006836,17.142151205109727,16.92695296459527,17.037625842827367,63983400
2004-01-20,17.27742576599121,17.338911500651676,17.172900368891273,17.20364264985008,63068500
2004-01-21,17.4003849029541,17.4003849029541,17.123701033545544,17.295859572890755,53570600
2004-01-22,17.222084045410156,17.4864718117356,17.17904439465811,17.437283471912906,78425200
2004-01-23,17.51106834411621,17.683228148858397,17.351205919586192,17.3880980602227,127259100
2004-01-26,17.70782470703125,17.726270780443834,17.41269456888741,17.517219972739554,58299600
2004-01-27,17.369647979736328,17.658629311548196,17.351201913676757,17.609440974798463,63196200
2004-01-28,17.037622451782227,17.4864672550378,16.890057470767243,17.400386803222393,71336000
2004-01-29,17.16059112548828,17.18518587144897,16.951540475790573,17.099105433328596,63748400
2004-01-30,17.000732421875,17.154446098696187,16.939246716598067,17.117555144626944,40528700
2004-02-02,16.847023010253906,17.092964720884986,16.748646326001474,16.976143141299335,62891800
2004-02-03,16.779380798339844,16.93924194519135,16.711746424312086,16.84701399962565,47993800
2004-02-04,16.607234954833984,16.865474121400275,16.607234954833984,16.736353951745663,60648000
2004-02-05,16.57647705078125,16.705597107894747,16.496546480371496,16.637962736419013,55527500
2004-02-06,16.650270462036133,16.717904875570206,16.558042462598625,16.619528186471175,47209600
2004-02-09,16.539588928222656,16.742490904499384,16.50884666653368,16.717897329696626,48108500
2004-02-10,16.61338233947754,16.693312973268707,16.49041087069114,16.52115432425916,37790600
2004-02-11,16.693315505981445,16.742503866410303,16.508859447558983,16.582641401830763,51515300
2004-02-12,16.570329666137695,16.69329986562457,16.55803229436643,16.6564089230527,44537000
2004-02-13,16.348989486694336,16.63797082511822,16.293652459991947,16.588782487243037,67541100
2004-02-17,16.59493064880371,16.662565051011587,16.348988967242043,16.428919573971168,43477000
2004-02-18,16.45966148376465,16.66871218680272,16.44121541958752,16.539592083047516,50334700
2004-02-19,16.269060134887695,16.588784965206784,16.25061523839333,16.5518939994754,61840600
2004-02-20,16.33669090270996,16.47810721706587,16.29365125684011,16.39202792532617,57821900
2004-02-23,16.36128807067871,16.453516064401907,16.28135628277406,16.43506999656024,50256800
2004-02-24,16.527294158935547,16.570334973921735,16.32439215068412,16.361284277815138,55426500
2004-02-25,16.416624069213867,16.59493135616807,16.361287041910927,16.539594328865128,64275700
2004-02-26,16.29364585876465,16.38587380832246,16.23830885448156,16.348982863047738,66602700
2004-02-27,16.31209945678711,16.367436486645488,16.201425397070352,16.275207321719826,58266500
2004-03-01,16.416624069213867,16.428920274259248,16.293652636820116,16.373583246956308,51912300
2004-03-02,16.22602081298828,16.410477990922626,16.201427226242643,16.36128964468867,66331000
2004-03-03,16.213720321655273,16.324393191880343,16.121491170687495,16.201422945160587,54998700
2004-03-04,16.213720321655273,16.24446259014962,16.115342482440152,16.1891255686659,44023200
2004-03-05,16.201419830322266,16.355133488726192,16.10919186982834,16.127636758281838,59849800
2004-03-08,15.881707191467285,16.20143212503386,15.869409808004793,16.176837358108877,69367800
2004-03-09,15.814067840576172,15.967781567858088,15.703394942037036,15.86325618639668,81111700
2004-03-10,15.598868370056152,15.863254975698984,15.586570991353904,15.77102698091729,75155800
2004-03-11,15.426700592041016,15.850950555473453,15.414403219711502,15.482037594781854,90536300
2004-03-12,15.605012893676758,15.684944667168143,15.512784916584073,15.605012893676756,64137100
2004-03-15,15.469741821289062,15.635752846669234,15.408256126028766,15.555821091008221,68835300
2004-03-16,15.482044219970703,15.598866961608774,15.43285588234559,15.531232557595816,65453800
2004-03-17,15.451306343078613,15.654208455480406,15.439010133798881,15.52508946247149,56241400
2004-03-18,15.303733825683594,15.389814285186729,15.113129188109383,15.346773469063999,123231000
2004-03-19,15.143879890441895,15.334485806923992,15.100840223088836,15.229960397890997,86281600
2004-03-22,15.063939094543457,15.272989771715679,14.762660453381649,15.051641719946929,127605200
2004-03-23,14.848742485046387,15.162318558984312,14.82414890403253,15.156169870545245,91696300
2004-03-24,15.00860595703125,15.11313132260726,14.867189630882088,14.990159890373427,97584700
2004-03-25,15.48819351196289,15.518935784397433,15.113131690000372,15.125429068071197,85677900
2004-03-26,15.389813423156738,15.684943395013232,15.37136736013736,15.439001751799486,61584900
2004-03-29,15.561978340148926,15.61731537905592,15.371373635437468,15.525087371791843,51881600
2004-03-30,15.494341850280762,15.574272460446837,15.389816484529742,15.500489366434502,59010400
2004-03-31,15.328333854675293,15.494344970072571,15.291442886612364,15.494344970072571,70533200
2004-04-01,15.420559883117676,15.439005951154318,15.279143546397812,15.340629267110712,69051900
2004-04-02,15.893993377685547,15.92473564194096,15.641903058016096,15.666496634871985,98043800
2004-04-05,15.95548152923584,15.973926421524801,15.820212731157376,15.869401065165256,53800300
2004-04-06,15.863256454467773,15.924742180968114,15.777177141012912,15.844811557437554,48992000
2004-04-07,15.734137535095215,15.850960298548843,15.586572494663487,15.826365538772208,63268900
2004-04-08,15.666499137878418,15.893995917038705,15.59271722278055,15.87554985189304,45294600
2004-04-12,15.746431350708008,15.826361956404032,15.635757302250108,15.666499572269556,38786800
2004-04-13,15.648058891296387,15.844812286962215,15.623464130466786,15.789475247838357,56971500
2004-04-14,15.684944152832031,15.789469502840802,15.605012381961743,15.611161069931944,61079600
2004-04-15,15.506635665893555,15.82021171482728,15.432853755992863,15.69724147407869,73756900
2004-04-16,15.469741821289062,15.617306786268518,15.438999560029961,15.57426715140894,51768600
2004-04-19,15.69723892211914,15.740278558021148,15.408256499219176,15.420553873117498,44592100
2004-04-20,15.5742769241333,15.912446701150406,15.543534643583683,15.77103033423364,59902600
2004-04-21,15.648058891296387,15.672652479383244,15.494345154339616,15.592721852172529,49252000
2004-04-22,15.95548152923584,15.980075109868586,15.660350352446166,15.6849451058213,99207700
2004-04-23,16.933101654052734,17.043774532289834,16.81013022568824,16.84702118510061,258269000
2004-04-26,16.7486515045166,16.93925624259594,16.662572172366502,16.877771675484695,89391000
2004-04-27,16.736345291137695,16.828574438626145,16.681008271741554,16.69945433578771,80716800
2004-04-28,16.330551147460938,16.631830006097594,16.275214094574302,16.60723641189411,72842200
2004-04-29,16.281352996826172,16.56418678293658,16.176827645637463,16.299799060945002,77787300
2004-04-30,16.06615447998047,16.44736494996768,15.961629123108363,16.34898828146951,66172200
2004-05-03,16.201419830322266,16.30594516494662,16.103043182763123,16.103043182763123,65916200
2004-05-04,16.18913459777832,16.318254777501558,15.998529846774803,16.201431981131584,55496400
2004-05-05,16.170684814453125,16.355142004222927,16.13994253586287,16.18298219498633,51841700
2004-05-06,16.06000328063965,16.195270875612486,16.004666270709368,16.084596855751926,62693900
2004-05-07,15.85095500946045,16.21986690107126,15.832508945782989,16.00466868854572,68290200
2004-05-10,15.943181037902832,16.016962938129495,15.752576427451437,15.758723941851859,64621400
2004-05-11,15.949335098266602,16.053860469420048,15.857107105541218,16.041563090991982,57917200
2004-05-12,15.949335098266602,15.986226060808242,15.635758984806255,15.906295446510926,64145600
2004-05-13,16.047706604003906,16.103043616338645,15.857101990818798,15.875546879768926,63861500
2004-05-14,15.90014362335205,16.090748260448358,15.764874832790143,15.98622290989703,43775300
2004-05-17,15.703397750854492,15.857111505630707,15.629614632555043,15.660356914413134,55149600
2004-05-18,15.881707191467285,15.967786530218657,15.764884394059683,15.801776544447158,58158600
2004-05-19,15.752582550048828,16.152237987714486,15.752582550048828,16.00467295716452,60052800
2004-05-20,15.820215225219727,15.906295702860927,15.734135920321101,15.83251260384598,52089900
2004-05-21,15.918590545654297,16.109196379812147,15.850957314486404,15.967778883204796,57809300
2004-05-24,15.838661193847656,16.09075159039233,15.826363815298512,16.016968491840018,56250500
2004-05-25,16.047706604003906,16.103043616338645,15.740279278918553,15.807912492972651,66615000
2004-05-26,16.072303771972656,16.078452460577513,15.893996493401533,15.980075788384665,50306900
2004-05-27,16.103050231933594,16.103050231933594,15.937039126727257,16.084604162663116,49071900
2004-05-28,16.127635955810547,16.20141902417971,15.998517052092115,16.072298947719194,37393000
2004-06-01,16.053852081298828,16.152228711836553,15.906287135492237,16.066148280559585,48369500
2004-06-02,16.06615447998047,16.1583836328471,15.992372564978037,16.06000696434893,54020000
2004-06-03,15.918590545654297,16.066155558305795,15.900145652036905,16.016967220755298,45933100
2004-06-04,15.95548152923584,16.13378880023601,15.949332840892056,16.00466986324372,48815300
2004-06-07,16.250608444213867,16.250608444213867,15.967774697875472,15.998518133750387,65218600
2004-06-08,16.35513687133789,16.385879140280014,16.133788782178964,16.158383535526575,58447700
2004-06-09,16.275209426879883,16.38588350091207,16.232169769810188,16.232169769810188,50385500
2004-06-10,16.45966148376465,16.47195885988273,16.219867340431367,16.219867340431367,48109200
2004-06-14,16.539588928222656,16.539588928222656,16.31209337714317,16.324389578173495,67377500
2004-06-15,16.853168487548828,16.96999121761169,16.582632071045175,16.594929447418608,114183400
2004-06-16,16.797832489013672,16.90850653762601,16.693307128962285,16.810129866135583,67431100
2004-06-17,17.074512481689453,17.166740436915426,16.779382555869518,16.791678756555456,105427500
2004-06-18,17.431137084960938,17.523365087716172,17.031481624526474,17.07452128096274,134218700
2004-06-21,17.431137084960938,17.62174178035411,17.289720735886736,17.351205289228435,116881700
2004-06-22,17.394243240356445,17.431134200806024,17.099112038532343,17.308162768984108,98932000
2004-06-23,17.4003849029541,17.44957322458732,17.215928990015062,17.338900380469152,58558400
2004-06-24,17.455726623535156,17.615589005183274,17.437281730907333,17.511063646903445,65503800
2004-06-25,17.566408157348633,17.603299131070198,17.36965473384308,17.511071110394834,71136500
2004-06-28,17.38810157775879,17.677083034748073,17.32046714565244,17.584855009984935,77024100
2004-06-29,17.52337074279785,17.57255910499072,17.32661729402638,17.32661729402638,55371700
2004-06-30,17.56025505065918,17.707820081182394,17.45572967411241,17.566403740190474,83544400
2004-07-01,17.603281021118164,17.732401055421537,17.375785549011884,17.646321814380425,78441400
2004-07-02,17.566408157348633,17.63404258645726,17.461882754518445,17.597151612735694,36690100
2004-07-06,17.228235244750977,17.418839942743503,17.179046897761204,17.412691252776945,69158900
2004-07-07,17.27742576599121,17.412693444049957,16.939254811730077,17.013037927871203,66255700
2004-07-08,16.99458122253418,17.308157217636747,16.93924421323713,17.142146189745603,59125100
2004-07-09,17.12985610961914,17.215935411398522,16.994587295117217,17.08066776963913,50249300
2004-07-12,17.148296356201172,17.215930745120225,16.963840424457484,17.01302875110528,45757300
2004-07-13,16.969995498657227,17.185194948511484,16.969995498657227,17.16060018956007,43274100
2004-07-14,17.295862197875977,17.43727967018367,16.810127594621004,16.847018548259314,87656300
2004-07-15,17.136005401611328,17.338907457760453,17.092964576464787,17.246678290903294,46759700
2004-07-16,16.896207809448242,17.338903968498702,16.754791502081495,17.326606592360115,66406300
2004-07-19,17.185192108154297,17.375796767554128,16.969992693868058,16.98229007131126,60354500
2004-07-20,17.412687301635742,17.511063973292476,17.123705975236895,17.215933958322278,89010700
2004-07-21,17.744714736938477,18.378014602894204,17.71397128491848,18.378014602894204,201518000
2004-07-22,17.830785751342773,18.015241686570118,17.726260408649352,17.873825391379672,124640700
2004-07-23,17.234384536743164,17.461880209739146,17.228235846561823,17.44958282937646,97372700
2004-07-26,17.621734619140625,17.652476883318272,17.338902035931216,17.437278688590332,72387600
2004-07-27,17.486474990844727,17.683228385906048,17.295869113229173,17.646337417517735,72968400
2004-07-28,17.572553634643555,17.701673778169063,17.38809762702734,17.424988594002045,62718800
2004-07-29,17.51106834411621,17.70782173654001,17.369651989904447,17.695525529070565,60148400
2004-07-30,17.5172176361084,17.713971035292584,17.418840936516307,17.49262404758176,59552900
2004-08-02,17.53565788269043,17.55410277477335,17.314309795756362,17.381944194040077,52267000
2004-08-03,17.25897216796875,17.47417155907093,17.215932524296782,17.449576806834184,53990900
2004-08-04,17.252824783325195,17.33890524991467,17.20978513640167,17.222082513449084,46217900
2004-08-05,16.926959991455078,17.34506044140738,16.92081130021039,17.314318157926884,55591700
2004-08-06,16.68715476989746,17.129850866971463,16.637966444971703,16.834719744674736,75628000
2004-08-09,16.711755752563477,16.77324147484167,16.662567409289444,16.76094409583751,51877500
2004-08-10,17.043773651123047,17.062219716246794,16.754792333972077,16.78553460310259,57632700
2004-08-11,16.853168487548828,16.914654196673617,16.724049553854897,16.8408711111754,53097300
2004-08-12,16.527294158935547,16.791681872996378,16.5149979559675,16.742493542897314,50279700
2004-08-13,16.61338233947754,16.75479870766191,16.588787576623123,16.607233648763934,43333200
2004-08-16,16.65641975402832,16.72405417000819,16.576487958280712,16.61952878746779,54347200
2004-08-17,16.63182258605957,16.834724631874515,16.58878293584769,16.736347953463785,56879700
2004-08-18,16.88390350341797,16.908498245600388,16.533436636511492,16.55803137869391,58844000
2004-08-19,16.67485809326172,16.877760074393855,16.607223708636962,16.81627437680245,46293000
2004-08-20,16.724044799804688,16.82857012378129,16.625668162266944,16.681003994732652,46494800
2004-08-23,16.798053741455078,16.853554013577455,16.724054162759973,16.8165542242299,39572200
2004-08-24,16.798053741455078,16.93372041986417,16.705553679985147,16.896720630516615,40835300
2004-08-25,16.989213943481445,17.06321466898386,16.761047294235446,16.779546593459827,53512700
2004-08-26,16.9213809967041,17.020047845274842,16.89054687139974,16.933713470624234,35465500
2004-08-27,16.9337158203125,17.05088316032376,16.92755017059771,16.958383123978777,33248700
2004-08-30,16.835052490234375,16.8905527589263,16.55755232297677,16.835052490234375,36679600
2004-08-31,16.835052490234375,16.847386144655253,16.680885338579476,16.828886839225962,52106700
2004-09-01,16.890544891357422,16.970712431549288,16.73637781151312,16.791878054353187,48507500
2004-09-02,17.03239631652832,17.069396122888175,16.86589542360501,16.896728399537785,42161700
2004-09-03,16.717885971069336,17.032387095366992,16.71171914398091,16.933719038154198,46174400
2004-09-07,16.87204360961914,16.8843760806427,16.748709489772853,16.82887702053334,44893400
2004-09-08,16.810386657714844,16.939886502839986,16.73638590607045,16.835052790794947,53278100
2004-09-09,16.822715759277344,16.939881918050315,16.761048678964254,16.83504823437858,56904700
2004-09-10,16.95222282409668,16.96455648067786,16.761055851897304,16.859722752142286,52664500
2004-09-13,16.804208755493164,17.001542394888403,16.489707826631527,16.976876278064633,48239200
2004-09-14,16.9213809967041,16.9645475959286,16.81654732307249,16.878214397479606,55920000
2004-09-15,16.767213821411133,16.896713618487016,16.73637969624906,16.872047494558963,52605700
2004-09-16,16.810386657714844,16.865886927397632,16.75488638803206,16.785719348432696,35951500
2004-09-17,16.964548110961914,16.9768817614581,16.810381008364516,16.890547384186437,65283000
2004-09-20,16.964548110961914,17.05088131203193,16.85354760889952,16.921381510426905,51513600
2004-09-21,16.810386657714844,16.976887466763205,16.80421983039431,16.927554024400955,73874400
2004-09-22,16.724044799804688,17.106378486818134,16.69321067910913,16.822711633627605,68409000
2004-09-23,16.865882873535156,16.890549000686537,16.754882360849525,16.7672160125261,52155800
2004-09-24,16.82888412475586,16.933716641817945,16.76721703880029,16.890550034509594,49859800
2004-09-27,16.767213821411133,16.847380194429306,16.730212871216644,16.754880171346304,47813600
2004-09-28,16.816553115844727,16.87205338430906,16.674719619192324,16.779552152733824,62055100
2004-09-29,17.007720947265625,17.07555487366387,16.791886689254728,16.81038717178209,61529300
2004-09-30,17.050888061523438,17.13722247297006,16.970721653968127,17.01388827159038,71218000
2004-10-01,17.420883178710938,17.464049780696005,17.131049439524283,17.1557155651436,66302800
2004-10-04,17.340721130371094,17.550387367197217,17.309886995395207,17.538054889408844,62016200
2004-10-05,17.50104522705078,17.544212994556805,17.328378861832284,17.359211805278044,58017700
2004-10-06,17.593557357788086,17.605889837119722,17.408556053387994,17.507222945253858,56999600
2004-10-07,17.371553421020508,17.630554263846662,17.36538659426251,17.599721306258616,38401500
2004-10-08,17.260557174682617,17.47022463167201,17.248223518106244,17.32839110965043,49556600
2004-10-11,17.3037166595459,17.40238351905707,17.223550277268725,17.390051043769486,44691000
2004-10-12,17.28521156311035,17.36537791850927,17.14954379461801,17.161877441972106,56412900
2004-10-13,17.28521156311035,17.43321180275544,17.229711326218276,17.383878389540413,49500700
2004-10-14,17.14337921142578,17.36538018800761,17.14337921142578,17.29138064661467,41548700
2004-10-15,17.260557174682617,17.41472435328057,17.15572344618792,17.248223518106244,49828500
2004-10-18,17.51955795288086,17.54422526585212,17.254390219450908,17.309890497434022,50350700
2004-10-19,17.37771224975586,17.630546149458226,17.371545425836118,17.59354638214118,57026500
2004-10-20,17.698383331298828,17.729216280436333,17.34071571077635,17.40238160905136,69078100
2004-10-21,17.612060546875,17.81556120322851,17.556560260942007,17.76622774642167,94988500
2004-10-22,17.10639190673828,17.476393411940165,17.007724995511428,17.45172609603227,101912800
2004-10-25,17.038549423217773,17.124883809415888,16.989215992333897,17.063216726760597,61529500
2004-10-26,17.205053329467773,17.205053329467773,17.038552528811152,17.08788596868697,76966600
2004-10-27,17.359214782714844,17.482548930054847,17.00771399185792,17.1803815628936,72392600
2004-10-28,17.272890090942383,17.599724918994696,17.205056158881934,17.334557194978956,63059600
2004-10-29,17.24822425842285,17.359224819970027,17.14339052542855,17.340725510513682,80010100
2004-11-01,17.316051483154297,17.439385653992595,17.242050745410957,17.36538491624925,72930900
2004-11-02,17.414718627929688,17.55655210332138,17.285218805059493,17.427052280451186,89417100
2004-11-03,17.55655288696289,17.667553412207223,17.457886014790574,17.667553412207223,79666700
2004-11-04,17.88338851928711,17.88338851928711,17.501053488587285,17.501053488587285,87867700
2004-11-05,18.074554443359375,18.105388575850714,17.90188800621542,18.01288735457858,95337700
2004-11-08,18.056058883666992,18.179391910597587,17.963557643216383,17.99439178210063,112802100
2004-11-09,18.358219146728516,18.432218698459774,18.099218363265773,18.1485517898205,100401000
2004-11-10,18.333559036254883,18.500059857258723,18.308892901403645,18.45072641135412,84097700
2004-11-11,18.487728118896484,18.549395226722606,18.389061216855584,18.432227839473196,87358900
2004-11-12,18.481557846069336,18.623392520496242,18.376724135163553,18.59872521148216,162269000
2004-11-15,18.8252010345459,18.90080467273267,18.69461460067266,18.790836459510732,104468000
2004-11-16,18.639631271362305,18.79083724311686,18.59151902901241,18.783964065638305,64522600
2004-11-17,18.673999786376953,18.797714385234578,18.598396129091775,18.72898390687758,58830700
2004-11-18,18.605266571044922,18.673997039291148,18.557155636549957,18.6465043276228,63249900
2004-11-19,18.4609432220459,18.605276099448634,18.447196859171736,18.57778468462563,85808600
2004-11-22,18.316598892211914,18.433440290099085,17.938583298948796,18.385329357602824,92410800
2004-11-23,18.234132766723633,18.350974224743545,18.14478272245385,18.227259585554783,70459700
2004-11-24,18.309738159179688,18.371595488981683,18.144785716682854,18.29599310549906,60069200
2004-11-26,18.282245635986328,18.433451704738758,18.247879726548003,18.254752908435666,24398700
2004-11-29,18.399080276489258,18.52279488269358,18.289112028957618,18.30973025604173,67079900
2004-11-30,18.42656707763672,18.564028008158704,18.350964745681758,18.38532932284996,75960400
2004-12-01,18.728973388671875,18.749592913876484,18.42656024029145,18.522783380322192,99889000
2004-12-02,18.619014739990234,18.832078032469358,18.50217332587108,18.74272933269578,96088300
2004-12-03,18.71523094177246,18.85956502645875,18.65337366418182,18.66712001718516,76498400
2004-12-06,18.78396987915039,18.859573543888775,18.605271142175557,18.625890680992832,55297400
2004-12-07,18.605266571044922,18.818329842776038,18.557155636549957,18.735854329620285,111656000
2004-12-08,18.804580688476562,18.804580688476562,18.495294304419637,18.564024757646106,95655000
2004-12-09,18.71523094177246,18.804580925369777,18.515914066921578,18.646500487680154,83006000
2004-12-10,18.61214828491211,18.680878784679688,18.584656871560227,18.61214828491211,70949200
2004-12-13,18.728973388671875,18.749592913876484,18.49529068004938,18.625878384497035,93812500
2004-12-14,18.71523094177246,18.78396139586477,18.58464452101389,18.59151638659118,127843200
2004-12-15,18.632766723632812,18.83208371912619,18.605274000985357,18.708369089062977,106303900
2004-12-16,18.667125701904297,18.7496025341167,18.56403064483238,18.660252523309534,88997500
2004-12-17,18.529664993286133,18.777094182222378,18.419696756186642,18.5571577080234,126184400
2004-12-20,18.52278709411621,18.66024669026843,18.481548035438617,18.56402484186944,85552800
2004-12-21,18.605266571044922,18.673997039291148,18.51591787997208,18.557155636549957,94646100
2004-12-22,18.53653907775879,18.660253678272227,18.40595260915003,18.447190372346224,63651900
2004-12-23,18.56403350830078,18.660255401619988,18.440318896361813,18.467811614981574,65801900
2004-12-27,18.45406150817871,18.625887031884428,18.43344197340113,18.564029738476393,55958500
2004-12-28,18.52278709411621,18.577771194761972,18.41969075834659,18.45405664057792,55075900
2004-12-29,18.488431930541992,18.557162423926744,18.433447798019213,18.45406733931218,47594900
2004-12-30,18.392202377319336,18.515916951775843,18.3853291997468,18.48155106391316,48355400
2004-12-31,18.364707946777344,18.48842250964531,18.33721654998694,18.385327477563493,54959500
2005-01-03,18.378459930419922,18.52279406828722,18.31660263003749,18.419697693699923,65002900
2005-01-04,18.44719696044922,18.625895746018436,18.323482315753196,18.467816504873664,109442100
2005-01-05,18.405941009521484,18.625877355861334,18.392194660144238,18.447178746729197,72463500
2005-01-06,18.385326385498047,18.59838961393471,18.309722754697393,18.454056839778243,76890500
2005-01-07,18.330352783203125,18.481558820485247,18.295988191842458,18.43344786821026,68723300
2005-01-10,18.41969871520996,18.460937791701838,18.24100129411156,18.282239059678503,70376600
2005-01-11,18.371597290039062,18.433454625905235,18.2891217161679,18.344105869057213,64712000
2005-01-12,18.405941009521484,18.454051921417822,18.29597283635156,18.39906783483286,72940600
2005-01-13,18.0554256439209,18.41969490102841,17.9798219969327,18.337219386972794,89861600
2005-01-14,17.952335357666016,18.179145047866207,17.89735123006976,18.144779148790416,92180800
2005-01-18,18.089786529541016,18.110406059307333,17.759881918826295,17.890469652164185,69146400
2005-01-19,17.85610580444336,18.048550838090524,17.814868051134876,18.01418495122967,58114100
2005-01-20,17.773632049560547,17.938584389976405,17.69115522389028,17.759885693461392,58380100
2005-01-21,17.629291534423828,17.959196095528032,17.622418358868636,17.835482868307103,76501000
2005-01-24,17.643051147460938,17.86986086757391,17.622431605296057,17.7049084630304,69010900
2005-01-25,17.883609771728516,18.000451238758462,17.6980377986353,17.704910980334162,67580700
2005-01-26,17.876726150512695,17.986694371625358,17.801122506901013,17.917963905698794,64974500
2005-01-27,17.945451736450195,17.979816304606263,17.76675309800531,17.835483545241686,93204100
2005-01-28,17.993568420410156,18.316599921701542,17.84236112586659,18.24099758535442,110466500
2005-01-31,18.062299728393555,18.2272520757078,17.97982289927407,18.11041066582795,71442100
2005-02-01,18.137901306152344,18.165394018345253,18.021059901181815,18.041679435326497,57981700
2005-02-02,18.18602180480957,18.21351453145972,18.062308467659975,18.15853038908478,79329500
2005-02-03,17.993568420410156,18.14477440402906,17.93858430719195,18.124156180900147,62545400
2005-02-04,18.089786529541016,18.12415241248488,17.966071972791898,17.986691502558212,61246500
2005-02-07,17.979822158813477,18.07604402971958,17.911091689198546,18.05542580648237,57763400
2005-02-08,18.03481674194336,18.103547251457922,17.979832596516797,18.000452142648797,61343700
2005-02-09,17.917966842651367,18.082919201357875,17.897348617141066,18.041681439412454,77874800
2005-02-10,17.911094665527344,17.959205608975104,17.86985690127568,17.938587382311717,71796400
2005-02-11,17.84922981262207,17.952326146023964,17.739261613856094,17.89046887035256,83835900
2005-02-14,17.876726150512695,17.952329794124378,17.807995684586132,17.821742039956366,58694000
2005-02-15,17.876726150512695,17.98013926549873,17.82846678451715,17.924985516508237,76551600
2005-02-16,17.780210494995117,17.876729243686643,17.69747919971,17.835364253528752,57506600
2005-02-17,17.683696746826172,17.82847623653882,17.649226128545436,17.725061751757018,67024800
2005-02-18,17.566490173339844,17.683692085558658,17.51133640964684,17.676797700725853,77091100
2005-02-22,17.394128799438477,17.57337880146417,17.373446966684487,17.407917564587148,96419200
2005-02-23,17.373445510864258,17.476858610875695,17.35276236487441,17.40102172388182,83689400
2005-02-24,17.490646362304688,17.53890571851828,17.338972597097595,17.359655741890062,85236300
2005-02-25,17.407922744750977,17.497547114949292,17.338980213461053,17.463076506789037,62467700
2005-02-28,17.345870971679688,17.490650388617226,17.325187822126,17.387235955817925,82728000
2005-03-01,17.428604125976562,17.518228487059243,17.325189682075187,17.36655598562345,56394800
2005-03-02,17.41481590270996,17.56648840888874,17.34587337627622,17.36655652869714,67739000
2005-03-03,17.352766036987305,17.449284775426978,17.33208288662058,17.4423903919714,52183600
2005-03-04,17.352766036987305,17.4423903919714,17.325188503165005,17.380342255840414,63058200
2005-03-07,17.559587478637695,17.780203743975093,17.345866909839245,17.352761291409365,80407400
2005-03-08,17.51133155822754,17.663005352589987,17.46996657566009,17.51133155822754,52871800
2005-03-09,17.44928741455078,17.628537466598903,17.428605576025213,17.504441175567944,62991800
2005-03-10,17.532014846801758,17.56648544672133,17.40791858314075,17.532014846801758,59132900
2005-03-11,17.297611236572266,17.566485600207667,17.276928087458348,17.545803766062857,60617900
2005-03-14,17.311405181884766,17.338981407317817,17.20799072034468,17.29072202658285,65550500
2005-03-15,17.17350959777832,17.40101890696127,17.159720836017247,17.304500204571138,71469400
2005-03-16,16.98048210144043,17.214885946435363,16.932222718347866,17.11147279481279,74841400
2005-03-17,16.91843605041504,17.014954821095507,16.91154166465649,16.987377278061302,60573200
2005-03-18,16.75986671447754,17.173520628216053,16.739184873520816,16.91154056133107,135904000
2005-03-21,16.684030532836914,16.794338064048272,16.649558607477427,16.787443678976377,71446200
2005-03-22,16.53924560546875,16.73228437872065,16.518562457094564,16.677130631358544,102113300
2005-03-23,16.67023277282715,16.81501083635308,16.51855901297851,16.539242157040267,79293300
2005-03-24,16.73917579650879,16.870165101436044,16.684022058916042,16.711598270228002,78820900
2005-03-28,16.684030532836914,16.870173669900147,16.67024176269312,16.821914289366365,49802000
2005-03-29,16.490985870361328,16.71160085485274,16.422043358965507,16.642658343456915,74231700
2005-03-30,16.656448364257812,16.67713151372632,16.54614086369736,16.57371839632204,59585700
2005-03-31,16.663352966308594,16.759871759747398,16.628882344357574,16.71850675041219,62382300
2005-04-01,16.628883361816406,16.78745033644511,16.61509458620434,16.711613385548766,64619600
2005-04-04,16.704710006713867,16.72539315899961,16.50477812782895,16.621980027509526,62196400
2005-04-05,16.870168685913086,16.890851835018314,16.628871854530967,16.69781305494351,73549600
2005-04-06,17.008058547973633,17.194202997889423,16.856386023025294,16.870173478042794,78020200
2005-04-07,17.30451011657715,17.3251919560966,16.980480604431595,17.001163758920498,77451500
2005-04-08,17.19420623779297,17.40792695298462,17.17352307891517,17.2838306296573,47956300
2005-04-11,17.214885711669922,17.311405791508335,17.139050102831334,17.256252023730475,47791800
2005-04-12,17.456180572509766,17.476863724551443,17.097680493603132,17.180411786800548,67517800
2005-04-13,17.263137817382812,17.545800900936943,17.22866590782201,17.394127128807188,60929300
2005-04-14,17.12526512145996,17.332091467649107,17.11837073459101,17.242467068292434,66754400
2005-04-15,16.8632755279541,17.166621828689276,16.828804925243624,16.946006815416133,100251600
2005-04-18,16.994274139404297,17.12526485795916,16.821918415242042,16.856390349056387,75766400
2005-04-19,16.98048210144043,17.097684023937898,16.856387108475083,17.03563586997044,65956200
2005-04-20,16.766765594482422,17.028747046566775,16.75297682016853,17.001169497938996,91923500
2005-04-21,17.428604125976562,17.50443971920982,16.870170862798528,16.877065246723237,93562300
2005-04-22,17.221773147583008,17.407917531832794,17.083889441262773,17.270032510543544,80087500
2005-04-25,17.22866439819336,17.42859751122059,17.139040071126214,17.283818133689014,75457900
2005-04-26,17.070106506347656,17.407923477420066,17.056317736515442,17.201097189814742,60464300
2005-04-27,17.22866439819336,17.338971869184668,16.98047193097853,17.00115507490269,47732800
2005-04-28,16.85637855529785,17.180406616623806,16.849484173358714,17.111464112201354,83623100
2005-04-29,17.442392349243164,17.442392349243164,17.090787958338403,17.152834786462694,98641200
2005-05-02,17.394128799438477,17.483754457935834,17.201091347233127,17.394128799438477,54376700
2005-05-03,17.483762741088867,17.51133896948178,17.297618268300546,17.325194496693456,67867800
2005-05-04,17.38035011291504,17.511340827849104,17.31140887713164,17.46997582338511,86864200
2005-05-05,17.394128799438477,17.463071310212822,17.290715690761466,17.373446966684487,59362300
2005-05-06,17.387239456176758,17.566489510154177,17.366557617428587,17.46307637150512,64322600
2005-05-09,17.311405181884766,17.46307770919032,17.270038871280928,17.39413517315343,61872400
2005-05-10,17.1666259765625,17.290722280255622,17.111472209917725,17.263146054417994,62235100
2005-05-11,17.17350959777832,17.21487456809285,16.987365258909904,17.159720836017247,59463300
2005-05-12,17.235563278198242,17.311400177412434,17.11836139530773,17.125255778415305,74540700
2005-05-13,17.442392349243164,17.497546108107574,17.228671698014754,17.256249234931627,77204300
2005-05-16,17.62912368774414,17.63603994013514,17.421641392575125,17.449305082998873,50577300
2005-05-17,17.608381271362305,17.636046290888505,17.463143876271953,17.50464008642052,39983200
2005-05-18,17.77436637878418,17.871191295926046,17.58071522535989,17.636043937889607,71182400
2005-05-19,17.926517486572266,18.016426137107093,17.77436387830549,17.808943824094182,52120800
2005-05-20,17.802030563354492,17.926520499743223,17.795114309206163,17.898855483149905,64444500
2005-05-23,17.87811279296875,18.030266467262184,17.80203529625156,17.80203529625156,75421100
2005-05-24,17.808944702148438,17.89885335711613,17.788195942168,17.843524649642063,61287700
2005-05-25,17.781272888183594,17.822770392273263,17.636035581289555,17.760525455278696,35749000
2005-05-26,17.91267967224121,17.981840862463297,17.79510604460566,17.808938546478075,50579200
2005-05-27,18.030258178710938,18.04409068432631,17.850439563132124,17.864272068747496,54978000
2005-05-31,17.84351921081543,18.00259035056529,17.808939273862006,17.974925345690515,46131100
2005-06-01,17.850439071655273,17.981845233102618,17.712117976730976,17.795110369857493,54621000
2005-06-02,17.83661460876465,17.88502707619341,17.732872099542096,17.78128456697086,27212500
2005-06-03,17.58762550354004,17.85043646897531,17.525380558200613,17.77436033955832,79659500
2005-06-06,17.546127319335938,17.63603594175467,17.504629814398093,17.553042251018947,40756900
2005-06-07,17.642953872680664,17.864268643531336,17.50463148132895,17.51846398429214,54511400
2005-06-08,17.566884994506836,17.719039963041695,17.525388784515844,17.670626179054683,45369700
2005-06-09,17.642953872680664,17.71211506835652,17.53229648725533,17.566876425523212,52767900
2005-06-10,17.58762550354004,17.649870448879465,17.525380558200613,17.629121694052955,39459800
2005-06-13,17.504638671875,17.629128611401434,17.47005871940238,17.53921994348825,49104100
2005-06-14,17.53921890258789,17.594547614744865,17.456225174782155,17.504637633026938,44243300
2005-06-15,17.470062255859375,17.573803453418147,17.366321058300603,17.56688719769544,50764800
2005-06-16,17.31790542602539,17.449310303346323,17.25566045502467,17.442394048886168,65918800
2005-06-17,17.31790542602539,17.490807830107236,17.234911691644214,17.47697532118693,90821300
2005-06-20,17.366315841674805,17.483889515361312,17.24182591434315,17.276405863428387,50538900
2005-06-21,17.393978118896484,17.42164313122141,17.317901973283732,17.345565666468264,81084000
2005-06-22,17.338645935058594,17.470052078959633,17.310982247423713,17.366310941833603,60492700
2005-06-23,17.504638671875,17.719038598455253,17.393981240993863,17.407813749639164,105159800
2005-06-24,17.31790542602539,17.566883990887604,17.31790542602539,17.442394048886168,57970700
2005-06-27,17.324819564819336,17.463142009381567,17.31098837567559,17.338652073103678,61636200
2005-06-28,17.338645935058594,17.428555887937247,17.310982247423713,17.3524784384461,53058100
2005-06-29,17.35248374938965,17.511553629610884,17.29023878423516,17.442392410645837,55859900
2005-06-30,17.179582595825195,17.387064948486504,17.165750087210274,17.331736233167447,82018200
2005-07-01,17.089670181274414,17.283321316952076,17.062006487115,17.186496408683464,69718400
2005-07-05,17.276397705078125,17.421636324759888,17.0274192871292,17.0550829695058,61883500
2005-07-06,17.082754135131836,17.345565148671245,17.07583788225707,17.26948768618915,64214600
2005-07-07,17.048179626464844,17.089675841016863,16.94443843051436,16.999767156297345,80082900
2005-07-08,17.35248374938965,17.37323251082132,17.034342669806644,17.041258923617203,56104000
2005-07-11,17.490800857543945,17.553044484591098,17.366310965169376,17.39397465284143,61525400
2005-07-12,17.71211051940918,17.719026769114496,17.428550877190006,17.456214556871515,63384800
2005-07-13,17.746706008911133,17.808950991694932,17.622216043343535,17.65679732219059,44749200
2005-07-14,17.961097717285156,18.051007688386637,17.83660911898682,17.83660911898682,69506800
2005-07-15,17.83661460876465,18.05101324415237,17.808949587867755,18.00951703194783,56472800
2005-07-18,17.670623779296875,17.836611235000394,17.670623779296875,17.781281203672187,39668000
2005-07-19,18.092504501342773,18.154749462172887,17.808944710512453,17.836609723832698,113290100
2005-07-20,18.113252639770508,18.140916333001023,17.898852751317126,17.981846469289465,71424800
2005-07-21,18.286157608032227,18.313821305193606,17.981849024413556,18.18933137011594,112932100
2005-07-22,17.76053237915039,18.216994548967207,17.725951112260965,17.974930957303027,97558900
2005-07-25,17.76744842529297,17.91268578711319,17.739783412104106,17.76744842529297,45174600
2005-07-26,17.663715362548828,17.802036534489115,17.65679910608066,17.788204021552776,51476400
2005-07-27,17.788198471069336,17.84352718640934,17.656793596599716,17.712122311939723,57977300
2005-07-28,17.808944702148438,17.87810591627613,17.74669974134756,17.808944702148438,44738700
2005-07-29,17.71211051940918,17.98183766221773,17.69827801999855,17.82968412612004,59524400
2005-08-01,17.926517486572266,18.016426137107093,17.815860077079996,17.85044002286869,61346800
2005-08-02,18.542049407958984,18.604294365409597,17.891937459915386,17.91268489963868,137510100
2005-08-03,18.84636116027832,18.97085109643623,18.4867238600756,18.507472622482116,139422400
2005-08-04,18.894771575927734,19.01926149861752,18.708036691893053,18.784114160012468,91461400
2005-08-05,19.199081420898438,19.323571351963384,18.846360389261267,18.874025404671496,82212400
2005-08-08,18.76336669921875,19.254410170595527,18.72878674902823,19.226745155130676,77207200
2005-08-09,18.915525436401367,19.026182882153897,18.680378034392046,18.825615437264435,64761800
2005-08-10,18.63887596130371,19.019260646579134,18.569714749669888,18.957015688022736,62818800
2005-08-11,18.860193252563477,18.880940695371788,18.597380877773308,18.659625844479372,48646800
2005-08-12,18.708040237426758,18.77028521056827,18.604299055237803,18.72878900152083,52006500
2005-08-15,18.81902313232422,18.93694556016193,18.513813232200018,18.71497424259763,45976600
2005-08-16,18.548500061035156,18.82596427241247,18.520754301424287,18.749662441192285,46894600
2005-08-17,18.694162368774414,18.832893759280545,18.49300006641869,18.60398570804488,52413100
2005-08-18,18.603988647460938,18.78434067436228,18.590115109302353,18.652544707962566,40861900
2005-08-19,18.534622192382812,18.66641815816148,18.520749977343016,18.62479886693526,36043500
2005-08-22,18.66642189025879,18.84677395236922,18.569309750296892,18.58318329116393,41691700
2005-08-23,18.638671875,18.77740328282675,18.548495203011903,18.617861568451968,48296700
2005-08-24,18.597049713134766,18.839831310429357,18.57624073137309,18.617860017949706,63645000
2005-08-25,18.749656677246094,18.79127596539482,18.624797489746598,18.65948000936165,39306300
2005-08-26,18.708036422729492,18.784339555001377,18.63867138217688,18.77046601766952,36774600
2005-08-29,18.8328914642334,18.88838427828393,18.597046673755383,18.597046673755383,52307700
2005-08-30,18.853708267211914,18.888390791808618,18.701101983657995,18.770468355904914,55163200
2005-08-31,18.9924373626709,19.034057974753924,18.75659384280047,18.84676918954034,65210200
2005-09-01,18.867576599121094,18.99937121465816,18.83289276104307,18.992434447042555,75974500
2005-09-02,18.742719650268555,18.916134892059226,18.708035808078442,18.87451428143109,52047500
2005-09-06,18.728849411010742,18.930011761972477,18.71497587169196,18.770468705913554,46089000
2005-09-07,18.624801635742188,18.805153688605238,18.603991325508662,18.687231243389153,44656100
2005-09-08,18.45831298828125,18.645600385336188,18.395883414911978,18.590107578236044,52552300
2005-09-09,18.437511444091797,18.603989944440624,18.402828919330858,18.46525852234336,41515800
2005-09-12,18.45831298828125,18.555425069943283,18.395883414911978,18.465249754550378,40550500
2005-09-13,18.36814308166504,18.56236863922465,18.291841270846174,18.409763694533552,63422900
2005-09-14,18.250215530395508,18.479123544644832,18.243278763533045,18.395884988401257,54969600
2005-09-15,18.222476959228516,18.33346262661116,18.18779311126299,18.291843332106048,60357200
2005-09-16,18.083738327026367,18.312646356872786,18.014371976728313,18.27102707591519,187384300
2005-09-19,18.03519630432129,18.22248519886069,17.9380841322138,18.097625935834422,61832300
2005-09-20,17.924198150634766,18.187788716208868,17.820149277988495,18.083739843562597,61043400
2005-09-21,17.681415557861328,17.965816410974213,17.63979627578589,17.896450058813066,68281800
2005-09-22,17.57736587524414,17.757717853270336,17.44556994456095,17.681414737129582,71314900
2005-09-23,17.528806686401367,17.716095398061253,17.424757843163484,17.556552427173486,66396800
2005-09-26,17.528806686401367,17.681411568280076,17.487186090663954,17.61898199772678,56203700
2005-09-27,17.57736587524414,17.653668991384894,17.549618806446393,17.598176176842454,48797900
2005-09-28,17.806270599365234,17.945003271527096,17.60510835703582,17.612045122949194,71019400
2005-09-29,17.993560791015625,18.035180066868964,17.68834968096764,17.764652789242867,66807100
2005-09-30,17.8478946685791,18.000500913582048,17.764656101353104,17.972753842471267,57644500
2005-10-03,17.688356399536133,17.847898120116774,17.64673710787454,17.834024581878435,55341300
2005-10-04,17.32764434814453,17.612045135531996,17.16810270118138,17.591236160829823,151666300
2005-10-05,17.11261558532715,17.376206162580306,17.11261558532715,17.369270717409368,73684700
2005-10-06,17.15423011779785,17.30683633033305,17.015498760919268,17.105674076737703,81724600
2005-10-07,17.057119369506836,17.23053457145542,17.008563324649714,17.181978526598296,50768700
2005-10-10,16.966951370239258,17.119557672478766,16.89064954217317,17.112620902099366,48880900
2005-10-11,16.932262420654297,17.029374523033525,16.821276782777133,17.001628775090815,76567300
2005-10-12,16.85596466064453,17.13343016665721,16.83515567383109,16.987760643695193,71294400
2005-10-13,17.057119369506836,17.154231459221084,16.83514812270113,16.862893867025345,70192000
2005-10-14,17.11261558532715,17.154234871619067,16.994693171622334,17.140361335170677,53846700
2005-10-17,17.015504837036133,17.12649049139235,16.95307524107909,17.119553722613418,46924400
2005-10-18,17.04324722290039,17.223599206371407,16.960008660100293,16.987754406682622,69328200
2005-10-19,17.403955459594727,17.403955459594727,16.994695343439062,17.036314635049667,66574500
2005-10-20,17.195859909057617,17.4317034741459,17.161176059005225,17.376210637115665,58830600
2005-10-21,17.188919067382812,17.341524002303903,17.04324957777575,17.279094410051346,69431200
2005-10-24,17.410888671875,17.410888671875,17.119551044010603,17.265219196416222,51868000
2005-10-25,17.362327575683594,17.431692586355975,17.22359490823328,17.306834773314023,41310500
2005-10-26,17.417829513549805,17.57043446934287,17.29297031196754,17.320716066178342,58178100
2005-10-27,17.237476348876953,17.528814025758518,17.237476348876953,17.49413018145513,61566100
2005-10-28,17.709169387817383,17.75772545594887,17.410894885805543,17.410894885805543,106559300
2005-10-31,17.827089309692383,17.8964543554538,17.688356572062673,17.764659710064358,75122100
2005-11-01,18.007436752319336,18.10455018027879,17.764656490053703,17.764656490053703,71370400
2005-11-02,18.354272842407227,18.382019922639206,17.986633290708752,17.986633290708752,75067100
2005-11-03,18.34039878845215,18.4791302065565,18.20860281665756,18.451384452157022,73421600
2005-11-04,18.49300193786621,18.52768445823923,18.347333764635522,18.402826591064358,57464000
2005-11-07,18.735788345336914,18.784344415509114,18.52075375326559,18.53462597113359,77104800
2005-11-08,18.763532638549805,18.853709324443553,18.569308373031415,18.687230815547686,60091700
2005-11-09,18.70110321044922,18.832899194058818,18.687230993532623,18.714976750419407,59562100
2005-11-10,18.791271209716797,18.832890487332552,18.47912331996616,18.68722235415091,73314800
2005-11-11,18.923078536987305,18.999380371426412,18.81902829565927,18.83290183757684,51945600
2005-11-14,18.98550033569336,19.03405638935919,18.867577924053528,18.978563567590637,67152200
2005-11-15,19.1315975189209,19.159425934057534,18.957673905112525,19.01332940845393,65081000
2005-11-16,19.298566818237305,19.39596363142891,19.089858982274702,19.11768607450142,86277000
2005-11-17,19.458576202392578,19.47944751671317,19.312480982944617,19.37509359897433,91351000
2005-11-18,19.52814292907715,19.65336814193664,19.409874819924504,19.56292844761137,75431200
2005-11-21,19.59075927734375,19.646414790696856,19.368137223931313,19.528146658954988,65794400
2005-11-22,19.41683578491211,19.535103917583854,19.382051586392468,19.52118970740315,104253300
2005-11-23,19.423786163330078,19.54205425504427,19.298560968934858,19.423786163330078,70541300
2005-11-25,19.31247901916504,19.437704238491005,19.11072698204389,19.34030610849752,44082500
2005-11-28,19.305513381958008,19.375083064936916,19.152461140949477,19.333341785922105,57517200
2005-11-29,19.256824493408203,19.333351315097282,19.201168984979414,19.333351315097282,62220400
2005-11-30,19.256824493408203,19.319437106257087,19.222038971307718,19.256824493408203,55904700
2005-12-01,19.402915954589844,19.549012465305484,19.29160495925018,19.29160495925018,61006100
2005-12-02,19.48639678955078,19.54900938041536,19.333344526843767,19.35421450584428,42319600
2005-12-05,19.375091552734375,19.493359667529752,19.27769342312341,19.430747058112676,47517300
2005-12-06,19.263778686523438,19.42378808320773,19.256821583154757,19.409873876470368,65980000
2005-12-07,19.305513381958008,19.305513381958008,19.16637401600019,19.24985790096115,55583200
2005-12-08,19.263778686523438,19.34726127308403,19.201166083137096,19.277691566329008,63931600
2005-12-09,19.277690887451172,19.361174798003606,19.228992492517143,19.277690887451172,48467000
2005-12-12,19.09680938720703,19.305517149947338,19.013325485951952,19.270732965134485,63757200
2005-12-13,18.87419319152832,19.082902359696924,18.78375348084106,18.985505544044166,104285500
2005-12-14,18.846363067626953,18.950716971462462,18.679396556103764,18.783750459939274,65076200
2005-12-15,18.728105545043945,18.86028793900238,18.651578686394437,18.839416615661797,79018100
2005-12-16,18.714189529418945,18.839414803552124,18.65157689235236,18.700275315196926,88542500
2005-12-19,18.66547966003418,18.693308071412545,18.540254462694918,18.65852255718959,68680100
2005-12-20,18.686355590820312,18.700268473019293,18.55417325793987,18.616785872097342,62960600
2005-12-21,18.595909118652344,18.721134310335923,18.581994913591586,18.693307227146033,75800900
2005-12-22,18.498523712158203,18.63070608765343,18.380255550279827,18.58200633999444,91276900
2005-12-23,18.53330421447754,18.554175530730664,18.39416608691991,18.449821603329397,30689200
2005-12-27,18.408077239990234,18.679399018040915,18.40112146215873,18.561130890924478,37819000
2005-12-28,18.3593807220459,18.54721858918713,18.33155362706138,18.442864660863844,35444400
2005-12-29,18.275897979736328,18.43590742381896,18.2689408743068,18.373294801885375,34495500
2005-12-30,18.192405700683594,18.303716682657985,18.157621516415936,18.192405700683594,49044600
2006-01-03,18.672441482543945,18.78375250232911,18.157627684304547,18.261981599486635,79973000
2006-01-04,18.762880325317383,18.839407145498512,18.623742220453106,18.623742220453106,57975600
2006-01-05,18.776790618896484,18.87418740468731,18.72113512316863,18.755919310399154,48245500
2006-01-06,18.72113609313965,18.783748694944002,18.428944393696582,18.707221886753846,100963000
2006-01-09,18.686355590820312,18.832450805899736,18.616785872097342,18.735053995846787,55625000
2006-01-10,18.78375244140625,18.797666650567272,18.49851778826538,18.54025908881643,64921900
2006-01-11,18.985498428344727,19.055066798061517,18.71417674410919,18.79070354311557,70120700
2006-01-12,18.881141662597656,18.96462555707632,18.762873586129583,18.95766845529214,45994800
2006-01-13,18.915931701660156,18.95767299543029,18.79070649341795,18.804620700318598,41418000
2006-01-17,18.776790618896484,18.915930021681966,18.714178020336185,18.714178020336185,58566600
2006-01-18,18.66547966003418,18.769833548839667,18.57503997691787,18.60286706136455,52376200
2006-01-19,18.797658920288086,18.950711177322635,18.679390844919553,18.693305048358553,60367600
2006-01-20,18.373287200927734,18.790704065490484,18.268933316519956,18.790704065490484,79165900
2006-01-23,18.3315486907959,18.456773901836442,18.29676317276695,18.3732899854988,47925600
2006-01-24,18.282854080200195,18.401122212136908,18.24111144991751,18.32459538355077,63040700
2006-01-25,18.366329193115234,18.484597276796485,18.248061109433984,18.373286295323727,59072100
2006-01-26,18.435894012451172,18.588946239764965,18.303711759311724,18.477635287731076,69509300
2006-01-27,19.333351135253906,19.444662151076038,18.915934162454917,18.943761252944462,134520700
2006-01-30,19.479446411132812,19.604671636084927,19.326394095597998,19.354221186180702,103999200
2006-01-31,19.583791732788086,19.74380108251567,19.388998203356728,19.416825281733463,94841300
2006-02-01,19.507272720336914,19.528142704285354,19.312477799583153,19.451615891322835,68448800
2006-02-02,19.256824493408203,19.472489422703255,19.16638346287893,19.45857521386306,55073400
2006-02-03,19.159425735473633,19.270736741002725,19.020286315096342,19.117683113201334,75022700
2006-02-06,18.902015686035156,19.1594231813387,18.846360190690024,19.138551872984895,60170500
2006-02-07,18.74201202392578,18.888107246204054,18.65157098704983,18.74896912883409,72159500
2006-02-08,18.72113609313965,18.839404193555456,18.58199668314514,18.790705798136905,51795200
2006-02-09,18.547210693359375,18.80461817877794,18.540253590841942,18.7559184611559,52861700
2006-02-10,18.56808090209961,18.707218963419578,18.442855718059555,18.519382514291042,52127000
2006-02-13,18.3593807220459,18.57504701110384,18.3245965215822,18.526347272749597,46707000
2006-02-14,18.540260314941406,18.561131630063226,18.331552471451648,18.373293774763177,58432900
2006-02-15,18.763639450073242,18.7985428531639,18.498380243727656,18.56818571848029,62808900
2006-02-16,18.714763641357422,18.777588393946772,18.54723141159509,18.742686345365048,48868500
2006-02-17,18.637990951538086,18.71477577448443,18.540262755580248,18.617048909955262,41513200
2006-02-21,18.52629280090332,18.65194098880102,18.386681928001934,18.65194098880102,50216100
2006-02-22,18.65193748474121,18.749665609983598,18.47742459211345,18.519308644972064,43043100
2006-02-23,18.610065460205078,18.770617094163573,18.526299969195634,18.658928885198666,47359100
2006-02-24,18.589120864868164,18.665906997255547,18.512336063909075,18.561199482181667,44753800
2006-02-27,18.88229751586914,19.028889061822476,18.617038461830244,18.672882543282007,51301500
2006-02-28,18.75665855407715,19.056819807331287,18.75665855407715,18.81250266298822,65036100
2006-03-01,18.94512367248535,18.987007735237057,18.812494801389025,18.833435501336854,53061200
2006-03-02,18.826459884643555,18.91720738023657,18.777596463060412,18.861363279651783,41850300
2006-03-03,18.798534393310547,18.959085980988927,18.665904184110623,18.71476759501899,45218800
2006-03-06,18.784568786621094,18.95210101385654,18.728724710875944,18.79154946251771,53054100
2006-03-07,18.8892879486084,18.917210669470048,18.71477493750891,18.777599728019016,51613900
2006-03-08,19.02191162109375,19.196424571745986,18.826456637049112,18.840417992644046,57547400
2006-03-09,18.847394943237305,19.140576695611447,18.847394943237305,19.035869212212372,45360700
2006-03-10,18.96607208251953,19.000974148456173,18.763636372087305,18.88928593974476,41297200
2006-03-13,18.924177169799805,19.049826656670852,18.805508357913546,18.97304056326574,40342600
2006-03-14,19.007957458496094,19.112665002225267,18.840425122243687,18.87532852443918,39821800
2006-03-15,19.098697662353516,19.16152243082927,18.854379266217602,18.98700948093621,57152000
2006-03-16,19.035871505737305,19.182461733872262,19.000968119447045,19.084734915115625,73793700
2006-03-17,19.19642448425293,19.30811266564706,19.035872889927386,19.09171698062445,120615000
2006-03-20,19.468656539916992,19.538461958464882,19.31508568425373,19.336027709246384,67094100
2006-03-21,19.36396026611328,19.699024871027017,19.32207752335616,19.36396026611328,73199600
2006-03-22,18.952110290527344,19.196428740786683,18.70779184026801,18.903246866761165,145696100
2006-03-23,18.742692947387695,18.91720591462328,18.61006271948873,18.903244557701647,73682900
2006-03-24,18.85437774658203,18.993987296387267,18.582137992747995,18.644961424732127,69157600
2006-03-27,18.85437774658203,19.056812059799434,18.847397069377564,18.85437774658203,59908600
2006-03-28,18.777597427368164,18.993993161818487,18.71477264455542,18.854383568901177,58520500
2006-03-29,18.861364364624023,18.987013931024695,18.791558902020487,18.812500940230088,53150300
2006-03-30,19.007957458496094,19.119645682664366,18.847405802682783,18.86834784400008,54612000
2006-03-31,18.993988037109375,19.224346399556136,18.993988037109375,19.056812802971567,62190500
2006-04-03,19.238313674926758,19.356982573906453,19.15454817648732,19.315099824686737,57605300
2006-04-04,19.29414939880371,19.405837569133816,19.175480551399474,19.26622802193519,45470000
2006-04-05,19.36396026611328,19.503571183874865,19.294154807232488,19.461687109689358,41539300
2006-04-06,19.238313674926758,19.350001893798403,19.10568474715955,19.308119144578683,51885500
2006-04-07,19.02191162109375,19.34999548900582,19.007950265498813,19.27321069608998,47249400
2006-04-10,19.049840927124023,19.154548467478307,18.987016136625734,19.007956845839423,39432000
2006-04-11,18.93815040588379,19.070780660306536,18.84740423060204,19.049839952164582,42953400
2006-04-12,18.98700714111328,18.98700714111328,18.826454235111665,18.91720170347275,32183000
2006-04-13,18.896268844604492,18.987016357012514,18.84740541396723,18.903249524899618,28160000
2006-04-17,18.7357120513916,18.882302303081904,18.65892592064244,18.86834227775063,35796200
2006-04-18,19.0009708404541,19.19642583738528,18.721750367286873,18.80551717495116,56272700
2006-04-19,18.86834716796875,18.980035388135363,18.81948240664583,18.924191278052056,45111100
2006-04-20,18.86834716796875,18.980035388135363,18.63799004744654,18.882307196918124,45648300
2006-04-21,18.952110290527344,19.119642599766433,18.84740276368147,18.882304828820615,58528000
2006-04-24,18.924177169799805,19.02190395673168,18.833429726425106,18.89625446986063,42318400
2006-04-25,18.924177169799805,18.993981256792505,18.861352426364277,18.910215819830217,49222500
2006-04-26,18.91720199584961,19.00794813418525,18.847396557130192,18.903240641820126,39190000
2006-04-27,19.02191162109375,19.28717072025676,18.80551593508486,18.826456637049112,96509600
2006-04-28,16.857952117919922,17.102270534701308,16.75324460542169,16.91379621334753,591052200
2006-05-01,16.955678939819336,17.451295081035223,16.816068046599792,16.97661964180256,174800900
2006-05-02,16.760223388671875,17.451294490733552,16.683437266855655,17.095287923351215,190533500
2006-05-03,16.17385482788086,16.767198924914357,16.159893477026493,16.74625689863281,211527100
2006-05-04,16.362340927124023,16.52289258401009,16.152924506837763,16.29951613418101,171257400
2006-05-05,16.61363410949707,16.718342955997276,16.41818043641037,16.515907272953722,131604300
2006-05-08,16.564767837524414,17.45129388650142,16.411196930637303,16.648534634007966,80693500
2006-05-09,16.48798179626465,16.7532408573443,16.397234329354376,16.57872793174696,75345900
2006-05-10,16.59268569946289,16.606647050036177,16.467036207158667,16.522880278024136,76563300
2006-05-11,16.208759307861328,16.606649878400727,16.159895903960322,16.550804466596265,92916700
2006-05-12,16.17385482788086,16.313465673569105,16.09008805418237,16.152912801599314,83115900
2006-05-15,16.222919464111328,16.2789813362843,16.138827324162104,16.187881295235897,67314800
2006-05-16,16.124805450439453,16.818571358586762,16.054727802454682,16.22992125410663,82095100
2006-05-17,15.928590774536133,16.173861912223728,15.928590774536133,16.04071449405843,98598300
2006-05-18,15.998659133911133,16.215898547134117,15.949605202211046,16.005667029385346,95476400
2006-05-19,15.809463500976562,16.04772680460737,15.781433231701456,15.97064256163543,100071200
2006-05-22,16.033700942993164,16.13181016545902,15.73236938837716,15.753391742990079,87322300
2006-05-23,15.970636367797852,16.3840917014453,15.956620570285729,16.194883781511727,79986300
2006-05-24,16.468183517456055,16.49621510970161,16.103780837983148,16.110788736044537,107356700
2006-05-25,16.636369705200195,16.762509201949317,16.496215748405564,16.517238106783793,83052700
2006-05-26,16.622358322143555,16.734482051998597,16.510234592288512,16.657397823110937,46861600
2006-05-30,16.222919464111328,16.650392074818022,16.21591156301215,16.503228824976183,52497500
2006-05-31,15.872529029846191,16.36307130877767,15.872529029846191,16.30000154901162,120202000
2006-06-01,15.991660118103027,16.005675916833983,15.85150614065388,15.935598259799342,80230800
2006-06-02,15.949610710144043,16.110788351852747,15.886540965715444,16.026696250361187,73935600
2006-06-05,15.767413139343262,15.928590819534373,15.7604052397758,15.92158291996691,63914100
2006-06-06,15.508123397827148,15.809456341643598,15.403007596561393,15.802448443343222,126601300
2006-06-07,15.445060729980469,15.690330578603406,15.424037027261177,15.522144966710352,73827500
2006-06-08,15.494109153747559,15.564185464487913,15.395999912795151,15.438047303183305,104126900
2006-06-09,15.360973358154297,15.55018274793357,15.339949647082946,15.52215113317177,52573800
2006-06-12,15.213798522949219,15.487101213249469,15.206791961190191,15.388991972563762,74309700
2006-06-13,15.073648452758789,15.438051242726155,15.038608951827143,15.227818246997156,113175300
2006-06-14,15.332925796508789,15.37497317492046,15.101670561722884,15.129702147330663,86081500
2006-06-15,15.466081619262695,15.50812768406598,15.276872322717459,15.42403555445941,121577300
2006-06-16,15.487113952636719,15.61325355397827,15.269874270671297,15.396012535391801,147506500
2006-06-19,15.802452087402344,15.837491586984354,15.50112041071848,15.515134873931045,129640900
2006-06-20,15.809463500976562,15.949618857213698,15.767417428753635,15.795449034649279,90598500
2006-06-21,16.17385482788086,16.222908766608132,15.788429877921237,15.84449171312663,91660300
2006-06-22,16.033700942993164,16.236925948382712,15.963624645457168,16.15984041714948,76590600
2006-06-23,15.767413139343262,16.02670007685867,15.767413139343262,16.012684277723746,60532600
2006-06-26,15.991660118103027,16.040714077041237,15.858512703399223,15.872528502130178,53644100
2006-06-27,16.019695281982422,16.22992696326947,16.00567948013117,16.04071764813887,84759100
2006-06-28,16.22991943359375,16.292989176043502,16.05472600159328,16.08976415334545,71906500
2006-06-29,16.447166442871094,16.55929018374072,16.271972930684743,16.34205060288337,121395500
2006-06-30,16.328033447265625,16.573304611313713,16.328033447265625,16.496220381245116,73048800
2006-07-03,16.60833740234375,16.62235186066268,16.43314397546932,16.489205818604347,25711400
2006-07-05,16.36307144165039,16.48220306255141,16.32803194337351,16.454171463929903,53093500
2006-07-06,16.45417594909668,16.54527733282928,16.41212987632347,16.433153581020353,44775200
2006-07-07,16.328033447265625,16.503226944925643,16.328033447265625,16.391103213352856,63168800
2006-07-10,16.468183517456055,16.580307213198505,16.384090077339273,16.419129567646216,50565100
2006-07-11,16.187875747680664,16.377085002655456,15.935596741047613,16.377085002655456,88676300
2006-07-12,15.865530014038086,16.0337156887152,15.851515543614022,15.970647230254595,77379300
2006-07-13,15.599223136901855,15.844494205743228,15.59221523932127,15.67630867366852,73099500
2006-07-14,15.620247840881348,15.802447843292866,15.578200452675723,15.613239942847079,67499400
2006-07-17,15.753392219543457,15.844493547687664,15.599222489032922,15.620246180901523,37053500
2006-07-18,15.935595512390137,15.94961130870467,15.75339417016092,15.830479713270947,65047300
2006-07-19,16.398103713989258,16.440149760200644,15.92157740152784,15.991655036293292,82188200
2006-07-20,16.012683868408203,16.433148475366824,15.963629909310056,16.4261405759785,76605200
2006-07-21,16.72747802734375,16.923693916061833,16.11780398417708,16.87463994388231,175483800
2006-07-24,16.818574905395508,16.89566046809705,16.671413016551014,16.825582805333852,59586700
2006-07-25,16.972747802734375,17.021803111287255,16.74850031011745,16.81857798571536,60075800
2006-07-26,17.077856063842773,17.189979751583554,16.888646839547782,16.902662634670325,54942100
2006-07-27,16.72747802734375,17.239042789530888,16.657400351392795,17.225026987016598,85386800
2006-07-28,16.993764877319336,17.014788572783743,16.860617479284688,16.87463327626096,51705800
2006-07-31,16.860620498657227,17.112899542927973,16.825582336561936,16.867628398400324,40254400
2006-08-01,16.811561584472656,16.958724762483783,16.713453690211782,16.83258527750848,49168700
2006-08-02,17.028804779052734,17.09888243449898,16.839596846954006,16.902666603193616,46462000
2006-08-03,16.965736389160156,17.154945673117087,16.923690327154244,16.951721926238328,43155300
2006-08-04,17.021793365478516,17.161947299808872,16.92368414116557,17.098877561543308,45690400
2006-08-07,16.972747802734375,17.15494922464075,16.951725435689344,17.014795210065415,36862400
2006-08-08,17.05683708190918,17.18297659960967,16.95872916219554,17.09187524277258,58171300
2006-08-09,17.126916885375977,17.2670708830038,17.056839218251902,17.161955050627853,44405700
2006-08-10,17.140926361083984,17.23903560115368,17.056834254304178,17.0778579493091,31753400
2006-08-11,17.119909286499023,17.133925087494735,16.95873158490939,17.119909286499023,30255500
2006-08-14,17.18998146057129,17.239035411757236,17.063841965167466,17.182973562313308,47831900
2006-08-15,17.316585540771484,17.337685313724588,17.189981536884762,17.26734960694952,48994500
2006-08-16,17.372859954833984,17.39395973521628,17.2110873698289,17.309557930602104,52373600
2006-08-17,17.372859954833984,17.40802714983281,17.309557930602104,17.372859954833984,45674800
2006-08-18,18.13951301574707,18.146545380118873,17.569794910590307,17.61902951044632,128414800
2006-08-21,18.37162208557129,18.37865445076257,17.977742557740257,18.04807828353454,88398300
2006-08-22,18.019948959350586,18.46306185355717,18.019948959350586,18.294256877595487,89312400
2006-08-23,18.05510711669922,18.252046827455302,17.94960422725711,18.041039707029064,44648500
2006-08-24,18.104345321655273,18.188748454976494,17.935540396555123,18.16061363002199,35933300
2006-08-25,18.181703567504883,18.287206413118426,18.06916701997824,18.08323308226297,33115900
2006-08-28,18.252052307128906,18.287219500320244,18.069179951140615,18.17468287225705,34190900
2006-08-29,18.174680709838867,18.273149912292716,18.026975564615825,18.23094901717568,42711200
2006-08-30,18.14654541015625,18.209847421945117,18.034008798429873,18.181713939784636,30283100
2006-08-31,18.076210021972656,18.273148410696944,18.062142610908875,18.195780332930468,26380500
2006-09-01,18.174680709838867,18.266116206182833,18.03400927072571,18.20984789884602,31594600
2006-09-05,18.012897491455078,18.259070333558046,17.977728984339386,18.06916576129881,44222400
2006-09-06,18.012897491455078,18.09026552402685,17.94256181876507,17.94256181876507,50160400
2006-09-07,17.88630485534668,18.07621088919212,17.85817003186933,17.921472043151145,51266900
2006-09-08,18.005874633789062,18.139512358227172,17.907404096104155,17.9566400357177,36866800
2006-09-11,18.223913192749023,18.25204801391822,17.879269682679062,17.88630338797136,55608200
2006-09-12,18.23798179626465,18.273148983484283,18.09027665854933,18.216880679007545,52248800
2006-09-13,18.273147583007812,18.357550704025265,18.160610982679277,18.160610982679277,37706700
2006-09-14,18.519329071044922,18.63889942289121,18.273154659415194,18.28018836735234,74324500
2006-09-15,18.885066986083984,18.948368993020008,18.63185895833988,18.695160965275907,126057700
2006-09-18,18.842866897583008,19.01870551510487,18.758463770893954,18.807698369153325,49135000
2006-09-19,18.89210319519043,18.948371504197084,18.793632648272055,18.807700060909298,43039100
2006-09-20,19.11717414855957,19.15234133441128,18.983536427547214,18.99760383850476,71676400
2006-09-21,18.920238494873047,19.166412873483154,18.88507130144693,19.15937916648944,58495100
2006-09-22,18.751436233520508,18.885074002429274,18.624832172611427,18.871006586429903,47712500
2006-09-25,18.95540428161621,19.124209200363975,18.8428676691177,18.856933739523335,67903900
2006-09-26,19.13123893737793,19.21564070847073,18.906164417532548,18.92726553107673,54766500
2006-09-27,19.300048828125,19.32114860560114,19.074975591430743,19.117176487925338,66233900
2006-09-28,19.271909713745117,19.35631282949245,19.173440529991574,19.32114430562189,44179700
2006-09-29,19.236751556396484,19.285986171371825,19.13828098490316,19.236751556396484,34283500
2006-10-02,19.243783950805664,19.33521946644056,19.09607877442,19.21564912043028,52908100
2006-10-03,19.25080680847168,19.32817486531355,19.138268891940076,19.25080680847168,39386200
2006-10-04,19.651723861694336,19.66578993123186,19.250812036718475,19.264878106256,82191200
2006-10-05,19.637659072875977,19.771296812893603,19.539189865253693,19.637659072875977,81967200
2006-10-06,19.602489471435547,19.693924961334616,19.447750631009498,19.525120051222522,36452200
2006-10-09,19.496976852416992,19.64468192377144,19.426642509577498,19.553245131613544,33366300
2006-10-10,19.475889205932617,19.51809010620605,19.300050556327157,19.475889205932617,34598500
2006-10-11,19.370378494262695,19.46181396500612,19.285975386117933,19.31410886113826,37219600
2006-10-12,19.848663330078125,19.89789927153463,19.370383401237856,19.398516883385057,120174900
2006-10-13,19.95416831970215,20.17924155142181,19.911966082598,19.933067201150074,129751900
2006-10-16,20.01042938232422,20.115932253799908,19.926026280218593,20.03152915169428,49744800
2006-10-17,20.003398895263672,20.05263348709987,19.813492891145184,19.862727482981384,40122600
2006-10-18,20.059673309326172,20.186277350681376,19.8768009542067,20.0456058954995,40630800
2006-10-19,19.897899627685547,20.010436241373096,19.77832930794974,19.940100522432815,44730800
2006-10-20,19.996368408203125,20.038569302061745,19.813496079426123,20.031535596161604,48887800
2006-10-23,20.01042938232422,20.17923424499368,19.820523408742904,19.904925169306736,48525000
2006-10-24,19.8908634185791,19.99636631294196,19.78535918267416,19.99636631294196,61409600
2006-10-25,19.911962509155273,20.017465399897308,19.792392208569755,19.89086273593209,40717100
2006-10-26,19.940099716186523,19.982300609227465,19.72206020367576,19.92603230465881,69964200
2006-10-27,19.933063507080078,20.24957351899296,19.869761504697504,20.038566397203695,89060100
2006-10-30,20.066696166992188,20.284735597250855,19.91899108475511,19.940092194086606,47296800
2006-10-31,20.19330596923828,20.29177650621162,20.087803068198866,20.1581387827392,61861700
2006-11-01,20.26363754272461,20.39024153471613,20.186269479929045,20.242537771753955,75895900
2006-11-02,20.235509872436523,20.2988118865914,20.101872137938205,20.193307635305086,58674400
2006-11-03,20.207378387451172,20.348049851387504,20.12297658232338,20.291781534121473,41124500
2006-11-06,20.284746170043945,20.43244998772535,20.228477857373544,20.235511564150144,60446200
2006-11-07,20.36211395263672,20.446515744030116,20.256609701081544,20.298811938320526,56511200
2006-11-08,20.383209228515625,20.55904782022099,20.15813604577948,20.24253916007653,77403300
2006-11-09,20.58015251159668,20.678621710774994,20.397280183449652,20.474649606542453,89407500
2006-11-10,20.566083908081055,20.601252435422666,20.5027819004083,20.516849311344945,37855100
2006-11-13,20.643455505371094,20.720823590603665,20.509817770453328,20.530918889085278,47271800
2006-11-14,20.62933921813965,20.763433830869236,20.51641786409222,20.664627982609918,63012500
2006-11-15,20.551713943481445,20.72109603484032,20.544656188075344,20.558770352758348,63943200
2006-11-16,20.79871940612793,20.918698502437437,20.558761213508912,20.56581896577754,64328500
2006-11-17,20.74932289123535,20.848130107367187,20.664632530126948,20.68580444733954,49356700
2006-11-20,21.095142364501953,21.172776308393967,20.81989670325407,20.83401221053059,85703800
2006-11-21,21.116313934326172,21.172774612781772,21.024565836634103,21.109256181253127,66446600
2006-11-22,21.116313934326172,21.172774612781772,21.04573774972448,21.15160135356264,43907200
2006-11-24,21.003400802612305,21.05986150317863,20.918709078698175,20.932824590372075,20456700
2006-11-27,20.80577850341797,20.989276035879026,20.699914904802007,20.95398861838327,72722100
2006-11-28,20.74225616455078,20.763429418733725,20.55875866668393,20.70696875370765,52602300
2006-11-29,20.869295120239258,21.017505222339075,20.770489282925094,20.777547035037333,58775100
2006-11-30,20.721086502075195,20.869295259032114,20.699913245597674,20.76343166890166,53297400
2006-12-01,20.551713943481445,20.6787495024037,20.396446016805577,20.629346560690177,72257000
2006-12-04,20.699914932250977,20.83400954194431,20.586993580760385,20.629338751037185,55123400
2006-12-05,20.558765411376953,20.74932072315341,20.48819056653727,20.72109105444331,45606000
2006-12-06,20.459943771362305,20.558749554834087,20.37525348442302,20.537577656163187,48564100
2006-12-07,20.36115264892578,20.516419184199272,20.33292163553307,20.43878524349812,46831100
2006-12-08,20.74932289123535,20.74932289123535,20.32586704730626,20.339982556200667,108854900
2006-12-11,20.848119735717773,20.996328466990214,20.544643176108472,20.601103837468692,107712000
2006-12-12,20.77049446105957,20.911645500107873,20.62228432201061,20.862242569134523,68529400
2006-12-13,20.855178833007812,20.89046759224408,20.692854578906555,20.89046759224408,46002500
2006-12-14,21.222177505493164,21.229235258555345,20.83401050997458,20.848126016098938,85866500
2006-12-15,21.306867599487305,21.335097263491885,21.193946251211667,21.27157883682076,102783700
2006-12-18,21.095142364501953,21.35627386460218,21.017509766738804,21.306870935263213,56986800
2006-12-19,21.16571807861328,21.292754948986452,20.841069495329698,20.968105019574036,53822100
2006-12-20,21.236289978027344,21.342153566579984,21.151598299508098,21.165713803616065,31202100
2006-12-21,21.158655166625977,21.271576502509795,21.095136746925267,21.264518750750995,32270500
2006-12-22,20.918697357177734,21.07396520632977,20.9045831995418,21.052791950683073,37971700
2006-12-26,21.16571807861328,21.17277583209277,20.74932004622515,20.841069495329698,37098300
2006-12-27,21.1868839263916,21.26451649524701,21.10925001140783,21.16571067336102,31248400
2006-12-28,21.158655166625977,21.193943925419987,21.038676078983357,21.073964837777368,26690600
2006-12-29,21.073965072631836,21.278634491403963,21.05279181711947,21.073965072631836,41739800
2007-01-03,21.073965072631836,21.34921066365,20.749315218751484,21.109252485690593,76935100
2007-01-04,21.03868865966797,21.151610063076365,20.777558419084546,20.961056036155515,45774500
2007-01-05,20.918697357177734,20.99633128175375,20.784604109800924,20.911639605295502,44607200
2007-01-08,21.12336540222168,21.243344476506607,20.841062093941957,20.925752413361696,50220200
2007-01-09,21.144546508789062,21.299814405494654,20.982222204168615,21.17277752496424,44636600
2007-01-10,20.932811737060547,21.095135983251105,20.770487490869993,21.03161756584985,55017400
2007-01-11,21.66680908203125,21.702096505377046,20.92576107660932,21.003395023324767,99464300
2007-01-12,22.026748657226562,22.15378555554879,21.62446604329226,21.631523798324505,103972500
2007-01-16,21.9914493560791,22.196120103135147,21.899701282448447,22.062025522171822,62379600
2007-01-17,21.94910430908203,22.189062467368803,21.88558589388092,22.06202563696658,58519600
2007-01-18,21.878530502319336,22.13966194254681,21.73737815417553,21.984394090362912,56364300
2007-01-19,21.956165313720703,21.956165313720703,21.659746447569454,21.687976110659346,75826900
2007-01-22,21.680919647216797,21.963224371669533,21.532710878394937,21.920877855324406,56143900
2007-01-23,21.695032119750977,21.850298619591136,21.539765619910813,21.617398196766644,49171200
2007-01-24,21.942045211791992,22.09025394075047,21.63151090609495,21.723260320703048,58527800
2007-01-25,21.49036407470703,22.217295050371707,21.49036407470703,21.934991693505395,97378700
2007-01-26,21.596235275268555,22.040863050743233,21.596235275268555,22.03380529606852,96103700
2007-01-29,21.546823501586914,21.72326325770369,21.41272891002218,21.631513830691,57605900
2007-01-30,21.51153564453125,21.624456985489797,21.2715774584622,21.575054067086505,61900400
2007-01-31,21.77973175048828,21.949113815677833,21.419794357162107,21.462139536927246,73968400
2007-02-01,21.5679988861084,21.836188112451914,21.433905619065367,21.76561192940737,55355800
2007-02-02,21.306867599487305,21.765610745123162,21.26452108428745,21.751495240056542,60401700
2007-02-05,20.897531509399414,21.18689268986316,20.75637912306782,21.1516039202158,99102100
2007-02-06,20.82695198059082,20.996334009383173,20.622281187802955,20.883412656854937,79281100
2007-02-07,20.728139877319336,20.961040264878957,20.64344821542116,20.918693760865718,65145500
2007-02-08,20.650522232055664,21.03163164546829,20.60817704081634,20.636406719599435,48749000
2007-02-09,20.452892303466797,20.749311091029863,20.417604897427868,20.714023684990934,69823100
2007-02-12,20.42466926574707,20.530532864293438,20.347035331953016,20.389380502145823,52774400
2007-02-13,20.545066833496094,20.6796264212181,20.509655704729013,20.566313510756338,50348100
2007-02-14,20.82126808166504,21.026648587939512,20.64421648003388,20.658380932355538,55588600
2007-02-15,20.863754272460938,20.99831383041774,20.693784944366307,20.948739611906323,63858100
2007-02-16,20.353853225708008,20.495495056129666,20.29011453709792,20.474248376327438,109340300
2007-02-20,20.41758918762207,20.438835864586885,20.162634467230017,20.275947376116168,53978200
2007-02-21,20.78585433959961,20.8141818880468,20.35384808171078,20.360930306521645,68604900
2007-02-22,20.814176559448242,20.920408553618678,20.651289482887588,20.757520126262104,57754400
2007-02-23,20.467159271240234,20.736278388438045,20.460077047019645,20.693785043114506,63787100
2007-02-26,20.587553024291992,20.60171747179947,20.410501482836718,20.50964991379693,63481900
2007-02-27,19.737707138061523,20.516732867545997,19.681050696811813,20.332599095785415,87143300
2007-02-28,19.950172424316406,20.00682887683843,19.773120841335537,19.794367517579936,86333300
2007-03-01,19.893518447875977,20.063487826597584,19.638563704395292,19.702302390265462,80175700
2007-03-02,19.659807205200195,19.943089457275867,19.659807205200195,19.843941006748462,63254700
2007-03-05,19.511079788208008,19.766034446171272,19.41193135490945,19.468587795479497,56454300
2007-03-06,19.709375381469727,19.787278483429958,19.58189806946059,19.688128712536233,49361800
2007-03-07,19.553577423095703,19.75895655868751,19.51108407024521,19.65980810362915,52044700
2007-03-08,19.34819793701172,19.72354780181835,18.83828983361103,19.631480216678767,72175200
2007-03-09,19.32695198059082,19.461510214800825,19.142818167107407,19.41901821193432,80125000
2007-03-12,19.43317985534668,19.461507402899297,19.213634945531844,19.24904606846789,36516400
2007-03-13,18.923267364501953,19.40484775048471,18.91618514108503,19.298617100822863,75169500
2007-03-14,19.40485191345215,19.40485191345215,18.930353649091114,18.994092322721425,75730300
2007-03-15,19.319875717163086,19.454433992898252,19.263219245591216,19.348203277550603,51757100
2007-03-16,19.355281829833984,19.46151252500873,19.263215587561625,19.36944628273637,65055300
2007-03-19,19.709375381469727,19.709375381469727,19.263206140233656,19.362354560331468,49412000
2007-03-20,19.71645736694336,19.943083096320382,19.659800934599104,19.780196022180135,47902400
2007-03-21,20.198040008544922,20.198040008544922,19.518161392492136,19.758951594969574,72808200
2007-03-22,20.02099609375,20.21929302957541,19.83686225991457,20.198047701192156,47934900
2007-03-23,19.84393882751465,20.020990384467925,19.688132592886205,19.985579262599565,50519800
2007-03-26,19.985578536987305,19.985578536987305,19.617312338500145,19.787281664908708,47491500
2007-03-27,19.631471633911133,19.943082680708542,19.58189742549252,19.85809870936117,58979800
2007-03-28,19.574817657470703,19.829772305076418,19.404848342665574,19.53232566646843,46947000
2007-03-29,19.652725219726562,19.72354612130827,19.46859141593266,19.716463896070465,42629900
2007-03-30,19.737707138061523,19.79436357931123,19.47567025303405,19.652721800788903,47061000
2007-04-02,19.645639419555664,19.78019897299536,19.518162090065015,19.75187007719917,41977600
2007-04-03,19.737707138061523,19.87226534178201,19.652721800788903,19.730624914055795,39821300
2007-04-04,20.18387794494629,20.38217617946398,19.758953928577654,19.836857047637498,63244200
2007-04-05,20.219289779663086,20.290110681415985,20.04223820067901,20.056402651188858,30131200
2007-04-09,20.23345947265625,20.33969017741177,20.105982086630945,20.240541699746178,31384600
2007-04-10,20.113061904907227,20.283031282319246,19.985584534149076,20.183882816528033,38643100
2007-04-11,19.907676696777344,20.233450900109197,19.822691358501658,20.042234902086,44050200
2007-04-12,20.21221160888672,20.26886806770841,19.858108403552023,19.87227150516005,43762100
2007-04-13,20.261783599853516,20.325522277825787,19.900598208276115,20.134306243908977,36002900
2007-04-16,20.346763610839844,20.36092805889797,19.97849606610523,20.254697400054248,30740100
2007-04-17,20.4317569732666,20.46008452971281,20.226376448145874,20.275950685024217,33170200
2007-04-18,20.254703521728516,20.304277754118896,20.084734146048692,20.261785747898074,41778400
2007-04-19,20.318437576293945,20.46007801501852,20.01390867438159,20.070565120030665,43648800
2007-04-20,20.552148818969727,20.608805273538223,20.325523000695735,20.523819916287263,60311500
2007-04-23,20.382177352905273,20.53090002425863,20.3042742293604,20.509653349438313,41739100
2007-04-24,20.38925552368164,20.509649271335693,20.2476137546359,20.38925552368164,34236700
2007-04-25,20.530893325805664,20.53797554843511,20.31843205010571,20.438827133214577,39475000
2007-04-26,20.608802795410156,20.785854363496505,20.47424322544158,20.60172057059115,68760300
2007-04-27,21.3311710357666,21.7702581170923,21.24618569862183,21.366580804945862,128298800
2007-04-30,21.203697204589844,21.508226132652386,21.203697204589844,21.338255430313403,67788800
2007-05-01,21.529460906982422,21.54362535036887,21.175357927095224,21.20368681386812,73539300
2007-05-02,21.678194046020508,21.734850492776022,21.458649132896173,21.52238780434566,80686700
2007-05-03,21.93315315246582,21.954399832138538,21.621543288712243,21.671117523818648,82036800
2007-05-04,21.642780303955078,21.741930086878117,21.451565663538236,21.72776563920396,104385900
2007-05-07,21.749011993408203,21.784423114276297,21.586124889803386,21.61445378649786,59889100
2007-05-08,21.77734375,21.91190332537744,21.656948624829937,21.727769525070503,60551700
2007-05-09,21.7985897064209,21.90482037788023,21.649865685740814,21.741933258256168,51735000
2007-05-10,21.65694808959961,21.9048205589175,21.621538315752602,21.727768988089903,55398600
2007-05-11,21.87649154663086,21.94023021986451,21.635701303480687,21.649865753265114,43425300
2007-05-14,21.93315315246582,21.947317605580967,21.819840229137867,21.84108690881058,70188500
2007-05-15,21.9544677734375,22.089463263838812,21.91183811784794,21.9544677734375,75013900
2007-05-16,22.07525062561035,22.089460961049575,21.890520330416987,22.025515806745247,45833600
2007-05-17,22.01130485534668,22.124984825334913,21.99709452030512,22.04683069295059,41045600
2007-05-18,21.904727935791016,22.018407894792098,21.72710283045532,22.00419756112396,58453000
2007-05-21,22.061038970947266,22.139194456017208,21.833679038204266,21.833679038204266,41836400
2007-05-22,21.805259704589844,21.97577965399376,21.78394420272482,21.954464152128736,39999500
2007-05-23,21.727102279663086,21.91183254714985,21.719997113009136,21.91183254714985,46322500
2007-05-24,21.43579864501953,21.883413332542695,21.286592845730436,21.698684407970767,64046400
2007-05-25,21.656051635742188,21.78394192320543,21.44290206008475,21.513952370361213,47726500
2007-05-29,21.876310348510742,21.904729662915788,21.592109073427572,21.663159392198363,42373100
2007-05-30,22.103668212890625,22.11787719117543,21.67736769539074,21.705787007132336,57376800
2007-05-31,21.805259704589844,22.139194436109335,21.748419721455203,22.110775122128064,85290500
2007-06-01,21.734214782714844,21.954469602646537,21.70579410650563,21.876315453416055,39469400
2007-06-04,21.826570510864258,21.85499117566802,21.599210613121695,21.613420945523576,41434500
2007-06-05,21.727102279663086,21.76262675776086,21.54947717883027,21.755522946278884,44265000
2007-06-06,21.521060943603516,21.691580902156478,21.49264027292527,21.577900929787837,38217500
2007-06-07,21.045024871826172,21.521060248943886,21.023709369505514,21.32922479357433,71971400
2007-06-08,21.35053825378418,21.357643420995796,20.895818393617418,21.016603525870725,61346200
2007-06-11,21.329221725463867,21.49263648756608,21.26527658287223,21.272381749290403,48467400
2007-06-12,21.20842933654785,21.485523956010244,21.151589379858862,21.286583430013046,56981800
2007-06-13,21.592111587524414,21.606321923967588,21.208441989764605,21.293701298079107,64435600
2007-06-14,21.684465408325195,21.819459464246062,21.52815450437458,21.563680325804956,59065700
2007-06-15,21.66315269470215,21.940247361550842,21.620523058688125,21.926038386327296,100933000
2007-06-18,21.6773624420166,21.82656684163821,21.613417312129727,21.80525270179036,45412600
2007-06-19,21.64183235168457,21.783932913465318,21.58499239800655,21.656042678896924,46802600
2007-06-20,21.322120666503906,21.677370924815854,21.286594827569395,21.627636105479734,46861600
2007-06-21,21.47132682800293,21.52816681963552,21.251072029823174,21.300806853105154,56564800
2007-06-22,20.952651977539062,21.38605755888804,20.92423267254347,21.31500726364157,86219900
2007-06-25,20.952651977539062,21.15159253319485,20.874496517250776,20.938441647455434,53905800
2007-06-26,20.973976135253906,21.172915417903152,20.959765799301184,20.99529028401077,48340300
2007-06-27,21.222652435302734,21.279492426195347,20.860296985172727,20.860296985172727,53468600
2007-06-28,21.194225311279297,21.293694926272238,21.087650530190878,21.215540809565727,46055200
2007-06-29,20.938446044921875,21.265276929627593,20.6329320149902,21.222647285595354,71193900
2007-07-02,21.130279541015625,21.172909181144455,20.952654459445046,21.080544735003354,47316000
2007-07-03,21.329221725463867,21.47132098831156,21.15870179694348,21.16580696336165,35202600
2007-07-05,21.307910919189453,21.471325717283108,21.194230941804978,21.350540571915577,47838500
2007-07-06,21.2936954498291,21.343431613720323,21.07344071614129,21.251065807379955,57541000
2007-07-09,21.222652435302734,21.279492426195347,21.180021425754067,21.215547267044624,33831400
2007-07-10,20.83897590637207,21.30790604459937,20.732401121351668,21.101861640916184,66013500
2007-07-11,20.952651977539062,21.06633190786475,20.753711421883274,20.775026917008717,48017000
2007-07-12,21.36474609375,21.393166759278188,20.917131453056445,21.002390739297162,54302400
2007-07-13,21.18712615966797,21.329226811572518,21.073446180213228,21.27238682184515,42173000
2007-07-16,21.336322784423828,21.485527184966337,21.116066733377743,21.144487393579173,48023200
2007-07-17,21.869203567504883,21.94025252586124,21.322117915060055,21.329223081930095,77539600
2007-07-18,21.968671798706055,22.004196275629038,21.670261584968465,21.67736675138745,64414400
2007-07-19,22.38787078857422,22.622335898015844,21.975780555156444,22.06103985576859,121159300
2007-07-20,22.13918685913086,22.167607518557457,21.876302535292968,22.13208169427421,98292600
2007-07-23,22.160507202148438,22.394972273029445,22.110772392442154,22.281292320794527,48910600
2007-07-24,21.883407592773438,22.36654798920132,21.819462460589058,22.032613352927555,59729300
2007-07-25,21.81946563720703,22.238660962479685,21.57789675899565,22.018406227985007,54950100
2007-07-26,21.300798416137695,21.691574389606274,20.966863766959897,21.48552865456746,87025300
2007-07-27,20.88159942626953,21.315004960793893,20.86028528861851,21.26527016604615,69214600
2007-07-30,20.888715744018555,20.952660901458007,20.56899131199354,20.89582091208652,67499600
2007-07-31,20.597400665283203,21.116065486795033,20.5902955006523,21.108960322164126,66554000
2007-08-01,20.817659378051758,20.995284462694425,20.47661954077908,20.568985343689505,80006300
2007-08-02,20.973976135253906,21.165811605099016,20.61872586746914,20.73951101272285,47938300
2007-08-03,20.576093673706055,21.158705217638875,20.53346402347707,20.924240108621234,61535500
2007-08-06,20.988176345825195,20.988176345825195,20.426880543030016,20.640030058801702,59530500
2007-08-07,20.995283126831055,21.165804389789514,20.640032980149165,20.838973550152858,49163000
2007-08-08,21.315011978149414,21.322117144762764,20.75371601224227,21.116071378491444,52898600
2007-08-09,20.817659378051758,21.3860604620114,20.54766984567052,21.05922960157953,72964500
2007-08-10,20.398469924926758,20.640040217793313,20.078745493901426,20.533465407451537,76576200
2007-08-13,20.341636657714844,20.59741737119674,20.206642485752894,20.561892874401007,55492300
2007-08-14,20.1562557220459,20.598309376665938,20.106346570065156,20.512751218962496,42944100
2007-08-15,20.03504180908203,20.669603187715413,19.999391453027215,20.134860086191456,48117700
2007-08-16,19.82827377319336,20.213289458071888,19.614377077097753,19.87818291162087,81447400
2007-08-17,20.141979217529297,20.141979217529297,19.835393121586577,20.02790085995823,76747700
2007-08-20,20.14911651611328,20.31310404398443,20.020777977806542,20.09207731685715,49952000
2007-08-21,20.013652801513672,20.191900512763237,19.87105544846729,20.03504301643558,50786200
2007-08-22,20.12059783935547,20.191897184085867,19.97087043935133,20.156248191681613,44763500
2007-08-23,20.177629470825195,20.199019674193494,20.03503219480068,20.16337069516771,33886600
2007-08-24,20.541263580322266,20.56265379286651,20.013650576861934,20.113468848891145,45158900
2007-08-27,20.313112258911133,20.512750217005056,20.24894296380674,20.398671772357766,32789500
2007-08-28,19.913829803466797,20.313104201352942,19.899569663561845,20.177635592099474,43924400
2007-08-29,20.384408950805664,20.39866909449514,19.835405658060264,20.05643244555851,45753700
2007-08-30,20.284582138061523,20.62681728321513,20.191892602964767,20.263191931518833,33690700
2007-08-31,20.484220504760742,20.619689105445435,20.22041473281455,20.46283165617801,42511900
2007-09-04,20.541263580322266,20.748031555150728,20.305976682023445,20.320236823719604,45689600
2007-09-05,20.30597686767578,20.48422456074159,20.26319780211814,20.42718535335741,47669800
2007-09-06,20.6125545501709,20.683853869747587,20.355877543663386,20.363007611613195,45430800
2007-09-07,20.277454376220703,20.555520293303925,20.191894900237237,20.405792910235032,52160900
2007-09-10,20.30597686767578,20.498484702568128,20.25606773120487,20.44144549518395,37247600
2007-09-11,20.62681770324707,20.641077841232583,20.377270728187018,20.412919713229194,34380800
2007-09-12,20.62681770324707,20.797935279308405,20.53412816626284,20.541258235255597,42364700
2007-09-13,20.790813446044922,20.86211280429423,20.648214729546304,20.762294518698486,35288600
2007-09-14,20.705251693725586,20.75516082782084,20.5911719244654,20.6624712702823,33496600
2007-09-17,20.484220504760742,20.591168827439517,20.405792460087884,20.527000921769616,39536500
2007-09-18,20.62681770324707,20.655336619296488,20.156244029097994,20.46283019617849,77462400
2007-09-19,20.44144630432129,20.61256393324721,20.177639109775892,20.584045008387235,94242200
2007-09-20,20.26319122314453,20.37726960087437,20.20615203427961,20.305970274812836,67168900
2007-09-21,20.427181243896484,20.541259635714997,20.277453864605324,20.455701521811964,135636100
2007-09-24,20.733760833740234,21.11164623633502,20.534123031628056,20.54125309883791,104459800
2007-09-25,21.076000213623047,21.076000213623047,20.755155283044157,20.776544129129825,75621000
2007-09-26,21.03322410583496,21.282771104498707,21.018963966500635,21.161562640000415,60337000
2007-09-27,21.026092529296875,21.19008004012396,20.990443543437642,21.17582126173325,43407100
2007-09-28,21.004701614379883,21.16869047960538,20.840714109075975,21.02609182112797,45819100
2007-10-01,21.225732803344727,21.239992943281187,20.96905572417557,21.00470471409493,43875100
2007-10-02,21.17582130432129,21.282769622035712,21.083131765026252,21.17582130432129,33700900
2007-10-03,20.997575759887695,21.282771755691712,20.88349736156609,21.182952137218972,37633900
2007-10-04,21.182947158813477,21.225727568071182,20.990440756839632,21.07599885551213,37868000
2007-10-05,21.2756404876709,21.3825888100844,21.19721108327087,21.311289475168163,45012300
2007-10-08,21.2756404876709,21.28277055715469,21.104522899824957,21.147301956806018,30265400
2007-10-09,21.461027145385742,21.667793806773883,21.389727780798626,21.41111799815144,63603100
2007-10-10,21.553709030151367,21.653528655193128,21.411111702826073,21.41824177318062,32251500
2007-10-11,21.325557708740234,21.838910667132943,21.239999562302557,21.603623724546008,50788400
2007-10-12,21.51093292236328,21.67492048327507,21.354075432785315,21.411114643533853,31121100
2007-10-15,21.418243408203125,21.625010024581577,21.38972312460777,21.461022473674188,47150500
2007-10-16,21.617877960205078,21.803255706714502,21.55370868795482,21.560838758196166,56286200
2007-10-17,22.159751892089844,22.266700229885807,21.853165659798698,21.92446500496997,86092400
2007-10-18,22.216785430908203,22.26669455182458,21.838899949807498,22.259564483133445,49208600
2007-10-19,21.51093292236328,22.16688452593249,21.46815385428239,22.16688452593249,75200200
2007-10-22,21.753341674804688,21.888810259030986,21.475275797638396,21.475275797638396,58785100
2007-10-23,22.03141975402832,22.188278631036283,21.89595109477298,21.89595109477298,49956200
2007-10-24,22.280954360961914,22.316603343970844,21.74621145629883,21.99575841712591,77979200
2007-10-25,22.808570861816406,22.97255974580244,22.45207553476097,22.509114732692968,169588700
2007-10-26,24.976062774658203,25.689053458215387,24.64095900287998,25.67479331816301,288121200
2007-10-29,24.64808464050293,25.161438739022437,24.562526530697436,24.847721136663505,114655600
2007-10-30,25.361074447631836,25.375334585463804,24.491225078784193,24.50548521661616,107297300
2007-10-31,26.24519920349121,26.38066651184033,25.318308744766956,25.32544017774809,185635800
2007-11-01,26.42344093322754,26.730027205328184,25.92434681214434,26.045553946775495,152078800
2007-11-02,26.42344093322754,26.73715591684125,25.96712452091103,26.53751935634563,96389800
2007-11-05,26.18814468383789,26.451950447023965,26.116846711034086,26.20953353171037,75485400
2007-11-06,25.959993362426758,26.138241051737527,25.57497770075296,26.088331916318023,100966700
2007-11-07,25.32542610168457,25.781739644443043,25.275516977935567,25.696181535136645,74897800
2007-11-08,24.7692928314209,25.596361758212677,24.52687593633487,25.38246241796264,133742400
2007-11-09,24.049177169799805,24.62670064440479,23.9921393253076,24.370023544580352,125136900
2007-11-12,23.79963493347168,24.03492049568751,23.542957796622265,23.75685450404871,84865200
2007-11-13,24.650888442993164,24.80111084989969,23.87831411544837,23.99276967244892,104311500
2007-11-14,24.271766662597656,24.85835201706754,24.143003757583582,24.765355979260253,84063100
2007-11-15,24.150161743164062,24.39338031798433,23.99993922811446,24.150161743164062,64014100
2007-11-16,24.386213302612305,24.507821152139968,24.114380299948763,24.221683590926386,71113800
2007-11-19,24.293231964111328,24.493531379595197,24.228850496426816,24.293231964111328,63026200
2007-11-20,24.736736297607422,25.015721593938363,24.393366840299606,24.486362848688646,100009400
2007-11-21,24.486366271972656,24.84404033857261,24.450599411079974,24.607976873611655,89518700
2007-11-23,24.400516510009766,24.636579890318124,24.114376267805394,24.579353479178604,33467200
2007-11-26,23.585037231445312,24.586523337591508,23.556422640997198,24.386226662129776,80335000
2007-11-27,23.6494083404541,24.03569422701517,23.37757530789633,23.799630781274317,84178400
2007-11-28,24.107229232788086,24.243144376535664,23.534951352750674,23.87831808077312,88585000
2007-11-29,24.028539657592773,24.271758089058494,23.828243088916093,24.021387378212644,53633600
2007-11-30,24.035688400268555,24.40766963653055,23.742395869789867,24.26459951045506,71027800
2007-12-03,23.54926872253418,24.06432045916779,23.377586629548087,23.96417211678629,61770600
2007-12-04,23.441957473754883,23.778171952681607,23.34180917675622,23.420497904065577,54801500
2007-12-05,24.429136276245117,24.693814282839888,23.627944519188024,23.706633238973648,84894700
2007-12-06,24.71527099609375,24.75819285524779,24.228834174358074,24.507819436769683,49209700
2007-12-07,24.70096778869629,24.822578378630265,24.479211635203754,24.758196943685526,40771000
2007-12-10,24.865501403808594,25.001419303740928,24.65805250662831,24.779660386739625,36083500
2007-12-11,24.39336585998535,25.03002787616228,24.27175800907129,24.844035866858793,55070700
2007-12-12,24.658044815063477,25.10155978188407,24.27175626549269,24.75819309187756,63345400
2007-12-13,25.194562911987305,25.35909266030529,24.522133899307146,24.665204076186114,73913200
2007-12-14,25.258930206298828,25.638063643144562,25.04432369677433,25.072938261888947,71126200
2007-12-17,24.60082244873047,25.130181280565864,24.579362877452223,25.05864482824398,58121200
2007-12-18,24.851192474365234,25.0371817668021,24.472056152002153,24.779656032015478,52791800
2007-12-19,24.886947631835938,25.13731824027092,24.593655178168543,24.815411223115248,58469100
2007-12-20,25.409160614013672,25.602304896354887,25.094408484736874,25.24463090583471,59345000
2007-12-21,25.795446395874023,25.795446395874023,25.57368756329398,25.680990840408512,83240500
2007-12-24,26.16742706298828,26.267575330733262,25.78829082659361,25.845519967496816,29622600
2007-12-26,26.188892364501953,26.210351932624718,25.938518911446028,26.045822209732314,30252400
2007-12-27,25.73107147216797,26.14597194217459,25.709609174024664,26.00290177951023,33311100
2007-12-28,25.83837127685547,25.91706000041563,25.51646410267131,25.82406398813214,33447200
2007-12-31,25.46639633178711,25.74538443847915,25.409169891404087,25.681002987525137,35229700
2008-01-02,25.194562911987305,25.723919018951843,25.037185444536775,25.602311142348544,63004200
2008-01-03,25.30185890197754,25.502158204758715,24.93703260960109,25.194558335436774,49599600
2008-01-04,24.593673706054688,25.18025905529932,24.386222057731405,25.173104044619468,72090800
2008-01-07,24.75819206237793,24.89410718542598,24.500666373372553,24.715270204598443,80164300
2008-01-08,23.928396224975586,24.8297336956119,23.89262936315067,24.8297336956119,79148300
2008-01-09,24.636585235595703,24.708121676085497,23.85685577169212,23.86401078015919,74305500
2008-01-10,24.557907104492188,24.679514998993266,24.16446337796033,24.572211668332386,72446000
2008-01-11,24.257469177246094,24.49353550815924,24.121553935374926,24.421999015986398,55187900
2008-01-14,24.60082244873047,24.729585334073224,24.379066268624218,24.65089660093747,52792200
2008-01-15,24.32183074951172,24.593663739609728,24.32183074951172,24.34329031518085,61606200
2008-01-16,23.77101707458496,24.071464696073416,23.255965568511296,23.906932231427092,120778500
2008-01-17,23.685165405273438,24.178754390527168,23.585017152801832,23.992765168627784,94247800
2008-01-18,23.6136417388916,24.32183762331752,23.58502988619182,23.72094505523503,117062000
2008-01-22,22.862525939941406,23.270274162156113,22.533466449879818,22.562081030451242,108521400
2008-01-23,22.841064453125,22.926905458802718,22.204405097412227,22.519157270788103,137597400
2008-01-24,23.78533172607422,23.864020478172943,22.97698735747455,23.141517144209473,155640400
2008-01-25,23.56356430053711,25.037182298182646,23.51349015424765,24.965648583150934,196992300
2008-01-28,23.406192779541016,23.678023116869042,23.191586147452906,23.620796682792445,81019000
2008-01-29,23.320344924926758,23.52779651066873,23.14150791559807,23.49918193425545,68023000
2008-01-30,23.034215927124023,23.463423817850437,22.92691259002381,23.291741753094758,106432600
2008-01-31,23.320344924926758,23.420495942373236,22.690839252433733,22.826755761560605,103642200
2008-02-01,21.782346725463867,23.785320541048083,21.639276582457278,22.218708069239756,291138900
2008-02-04,21.596364974975586,21.975498690494224,21.539137167100026,21.810968913404302,119998600
2008-02-05,20.795169830322266,21.417523301058715,20.66640694917553,21.396062366061503,137534100
2008-02-06,20.401729583740234,20.99546849419549,20.237199836553213,20.945394341957552,138315600
2008-02-07,20.11558723449707,20.58771682586073,19.95820979443046,20.272963310145595,164964900
2008-02-08,20.430341720581055,20.802323066716557,20.20143054278021,20.237198767072993,124872000
2008-02-11,20.179967880249023,20.466108192416915,19.965364010541233,20.401726758620953,156814100
2008-02-12,20.27296257019043,20.473260502774373,20.108432856506138,20.337343999791766,84365900
2008-02-13,20.716480255126953,20.78086169307545,20.408881719217522,20.473263157166016,88986200
2008-02-14,20.387420654296875,20.773709279509553,20.358806075650808,20.659252329343488,69113500
2008-02-15,20.330183029174805,20.487559042362097,20.208573857579044,20.25149434037239,68166100
2008-02-19,20.229656219482422,20.71080180605484,20.157843179600604,20.68207604221419,68261200
2008-02-20,20.265562057495117,20.294287821339925,20.05012430753831,20.215293340486518,93056200
2008-02-21,20.179384231567383,20.79697298711736,20.078845444141436,20.552810882647567,98776500
2008-02-22,19.877771377563477,20.38764129533179,19.53307047233535,20.279922433662954,125705400
2008-02-25,19.99266242980957,20.2799130512714,19.73413618563442,19.85621787097057,109974300
2008-02-26,20.380456924438477,20.725159149816207,19.870587079992195,19.920855783560764,108923500
2008-02-27,20.29428482055664,20.595898447730416,20.17938452160659,20.244016110980944,75199500
2008-02-28,20.05730628967285,20.301469810062326,19.963948924378133,20.121937890347706,83002900
2008-02-29,19.533069610595703,19.98548935753328,19.403806434407947,19.884951940373725,117411400
2008-03-03,19.382261276245117,19.669512005496642,19.296086742329422,19.56179315324226,76544300
2008-03-04,19.813138961791992,19.841863351172044,19.360717844009805,19.40380648265926,86925600
2008-03-05,20.193742752075195,20.401998982329186,19.89212919434377,19.928035015853986,106489800
2008-03-06,19.79877471923828,20.22965148803296,19.74850601399414,20.15065702566675,91127700
2008-03-07,20.014217376708984,20.157842078910384,19.619246363785727,19.63360924492179,77597600
2008-03-10,20.14348602294922,20.294293586536195,19.928048211790912,19.98549838608114,72175100
2008-03-11,21.02677345275879,21.06986071874483,20.380457614370705,20.394820492939214,98740700
2008-03-12,20.55999755859375,21.177587882293356,20.495367319102424,21.13450059939246,75993800
2008-03-13,20.552810668945312,20.818517090040697,20.222471290356978,20.495360520893374,84552200
2008-03-14,20.078847885131836,20.832882718756508,19.849047262597757,20.62462504851015,105214900
2008-03-17,20.323009490966797,20.631804562302413,19.590520417479095,19.604881927756388,84490100
2008-03-18,21.127317428588867,21.170404707964234,20.588721642377106,20.588721642377106,83695300
2008-03-19,20.552810668945312,21.249393885290036,20.552810668945312,21.09858639057896,61442100
2008-03-20,20.954959869384766,20.983684256034323,20.53126455097803,20.638983397922914,60170200
2008-03-24,20.94778060913086,21.11294961627401,20.868786140619093,21.062680907119102,48294700
2008-03-25,20.92623519897461,21.091405567228968,20.782610518834566,21.062679809369243,49149000
2008-03-26,20.50972557067871,20.875970841370094,20.3804623728206,20.847246447245965,45868100
2008-03-27,20.14348602294922,20.459462666405578,20.1075801776629,20.452281223404274,47894400
2008-03-28,20.042940139770508,20.416366800630087,19.985489989616696,20.27274074038575,49244000
2008-03-31,20.380456924438477,20.53126440486363,19.99266880425277,20.021393190697903,46780600
2008-04-01,21.184764862060547,21.21349062442373,20.559993227858687,20.70361930023513,65796200
2008-04-02,20.94060516357422,21.242218874560677,20.825704832695568,21.235037432665763,49499400
2008-04-03,20.825693130493164,21.05549366312284,20.682067112740008,20.825693130493164,38961400
2008-04-04,20.94060516357422,21.012418212803375,20.63899145258776,20.919060837889475,43860800
2008-04-07,20.94060516357422,21.249400316455592,20.847249158380308,21.220674548875937,44428600
2008-04-08,20.646169662475586,20.82570157258407,20.49536351544995,20.78261429767957,44733500
2008-04-09,20.7467098236084,20.854430079622777,20.495366212161393,20.62462805388273,45839300
2008-04-10,20.90469741821289,21.11295373530146,20.68207684892391,20.703621172644738,65591600
2008-04-11,20.308652877807617,20.83288579662918,20.258382785696547,20.73234835184695,54373700
2008-04-14,20.150663375854492,20.33019530528585,20.057307375226948,20.279926584200258,43418100
2008-04-15,20.2871036529541,20.452272663696768,20.12911608220715,20.193747672449,34310000
2008-04-16,20.789794921875,20.861606587321976,20.38046103234074,20.516905662185493,54107400
2008-04-17,20.983686447143555,21.069862355529594,20.753885851073584,20.911874788161388,48743300
2008-04-18,21.543825149536133,21.615638173978493,21.26375586090241,21.551006588952323,73658900
2008-04-21,21.845436096191406,21.97469925050273,21.629998418818765,21.68026711889109,54411700
2008-04-22,21.723365783691406,22.04652383910542,21.522289508131568,22.00343518523684,67387500
2008-04-23,22.585113525390625,22.592293596023783,21.759265691168824,21.866985926741886,98351500
2008-04-24,22.836454391479492,23.051892097736655,22.37685322094713,22.71437265934189,115416700
2008-04-25,21.4217472076416,21.823898298037637,21.256578181015342,21.579734793581533,145194900
2008-04-28,20.818511962890625,21.42892049168678,20.696430257131397,21.400194739875555,97473000
2008-04-29,20.567171096801758,20.75388441057903,20.43072785843027,20.682071386861693,84428900
2008-04-30,20.48099708557129,20.97650408542577,20.473815646044763,20.638984645996256,74733600
2008-05-01,21.112953186035156,21.177584785796352,20.45227567603613,20.466638558143025,71699400
2008-05-02,20.998046875,21.270936078259,20.725159041460437,21.2493917612482,66024200
2008-05-05,20.883148193359375,21.708994566092578,20.818516607085343,21.493556858325498,119687700
2008-05-06,21.328386306762695,21.443286591845744,20.775427828725864,20.82569653223477,93582000
2008-05-07,20.97650909423828,21.64436806276301,20.883153097540784,21.321211425222565,88775000
2008-05-08,21.019588470458984,21.10576298790568,20.825693751625025,21.026769908532753,69589900
2008-05-09,21.10577392578125,21.22067425506907,20.789798705099724,20.976510712902456,51621200
2008-05-12,21.536649703979492,21.586918424163564,21.077048411188112,21.11295424854248,64278800
2008-05-13,21.46457290649414,21.716841798089664,21.28438005549028,21.62314212046309,70934700
2008-05-14,21.57267951965332,21.810533930713575,21.428524747899683,21.543848015397877,66730400
2008-05-15,21.947484970092773,22.005146614728403,21.57989147000488,21.608721604941667,53355800
2008-05-16,21.615938186645508,21.969116074101215,21.56548439911792,21.961908193774047,81538200
2008-05-19,21.233919143676758,21.5438509833105,21.125803737348285,21.529436603958818,59615000
2008-05-20,20.729389190673828,21.125812978882017,20.635688122707293,21.118605098672084,75767600
2008-05-21,20.361791610717773,20.938408168372995,20.31854571258421,20.765423201076427,60125100
2008-05-22,20.52036476135254,20.686143256433475,20.311341734595167,20.38341916183524,52203100
2008-05-23,20.217628479003906,20.419444878663032,20.14555246997584,20.36899112243869,48890700
2008-05-27,20.498733520507812,20.541979408012377,20.217631814823182,20.260879077089726,47334500
2008-05-28,20.311336517333984,20.592436899126717,20.210428969975,20.585229020777902,52318500
2008-05-29,20.405033111572266,20.6717190712435,20.282501947630674,20.33295571370744,47699200
2008-05-30,20.412242889404297,20.686136751840277,20.325751103722936,20.455488782244977,63399200
2008-06-02,20.037433624267578,20.441066381633217,19.857240870902718,20.35457325512298,77028400
2008-06-03,19.68425941467285,20.405030553435438,19.655429283998508,20.116722372882773,86616700
2008-06-04,19.85004425048828,19.922120287899226,19.60498187395665,19.66264352874278,79567400
2008-06-05,20.3978214263916,20.3978214263916,19.893282485050516,19.979774246532184,76063400
2008-06-06,19.814006805419922,20.304131606679334,19.814006805419922,20.174392526962144,78500800
2008-06-09,19.972557067871094,20.116711769545706,19.677041166723143,19.929311207273155,66787100
2008-06-10,20.10231590270996,20.390625591155786,19.691476383865886,19.72030790261546,77433900
2008-06-11,19.547325134277344,20.138357588138813,19.540117253771395,20.073488038347907,59330800
2008-06-12,20.354576110839844,20.57801477142713,19.597766990432884,19.749128264609556,113996300
2008-06-13,20.95281982421875,21.313205445893686,20.541980435471253,20.635680092211437,131969100
2008-06-16,20.851913452148438,20.981652503143682,20.64288912004229,20.91678297764606,74718900
2008-06-17,20.758209228515625,20.988857158631415,20.75100272657749,20.931195519792944,44256700
2008-06-18,20.513151168823242,20.801460797497498,20.513151168823242,20.57802069779873,49677800
2008-06-19,20.851913452148438,21.039314150834667,20.419450407084987,20.578019594544667,62037800
2008-06-20,20.347370147705078,20.844702648457655,20.253670498895254,20.830286894867857,97480400
2008-06-23,20.15997314453125,20.47711290741804,20.030235462896005,20.3978276230058,57145300
2008-06-24,19.986984252929688,20.188800675835473,19.828415090136367,20.123931160428683,65218300
2008-06-25,20.433870315551758,20.664516953190894,20.0086150618687,20.044653083463913,64280200
2008-06-26,20.00139808654785,20.325745632450637,20.00139808654785,20.203214490083116,67049100
2008-06-27,19.914913177490234,20.116729664408588,19.792381984497368,19.95095257234834,73450200
2008-06-30,19.82842254638672,20.16718462941718,19.814006787595016,19.98699176880817,57830500
2008-07-01,19.36712646484375,19.734718637582716,19.057194569415557,19.655434725208735,100327800
2008-07-02,18.65355682373047,19.460821119509028,18.65355682373047,19.388743729299215,84669000
2008-07-03,18.72563934326172,18.812132510158055,18.451746835154115,18.718431464790168,37074500
2008-07-07,18.761674880981445,19.021151578835745,18.34362763885633,18.81933652214484,71527600
2008-07-08,18.631933212280273,18.884203372264146,18.386870928268713,18.689594845297005,65553200
2008-07-09,18.18505859375,18.6319373806782,18.149020580587663,18.58869148993098,54255800
2008-07-10,18.3436279296875,18.5021971017104,18.004864579564863,18.163435126349754,57830600
2008-07-11,18.199472427368164,18.480572749688843,17.92557998187134,18.1346029107154,69532600
2008-07-14,18.127395629882812,18.6031045178021,18.06973398815811,18.365250073842457,51216200
2008-07-15,18.848163604736328,19.201341271544937,17.96882337562684,17.96882337562684,92719300
2008-07-16,19.648225784301758,19.669849418195586,18.68239213323852,18.833753446208863,82060400
2008-07-17,19.835620880126953,20.116721167476875,19.540104840922737,19.878866760928073,96526100
2008-07-18,18.639144897460938,19.07881442353139,18.09856646191752,18.99953052115655,150277000
2008-07-21,18.480575561523438,18.862584842739178,18.40129165392179,18.49499131736452,77575600
2008-07-22,18.59589195251465,18.696800831164136,18.36524544376433,18.40849269522624,88657200
2008-07-23,19.049978256225586,19.34549426409816,18.631931120106213,18.639138995269157,79408800
2008-07-24,18.33641815185547,18.862580753117545,18.33641815185547,18.804919117017068,81092600
2008-07-25,18.85538101196289,18.898626914006343,18.379671965197595,18.480579528219796,58682300
2008-07-28,18.379661560058594,18.819332335340587,18.26433830338818,18.783292958405045,59707800
2008-07-29,18.819334030151367,18.876995663679402,18.307585829673492,18.394078967346438,66368200
2008-07-30,18.90583038330078,19.093231081457265,18.66797591540257,18.88420812470411,51977700
2008-07-31,18.538240432739258,18.94187341788256,18.53103255356573,18.631941487232748,60461000
2008-08-01,18.33641815185547,18.704011597531697,18.069732225664612,18.682387968458325,82720200
2008-08-04,18.22109603881836,18.415703213811554,18.0985648824646,18.30037993427413,60588300
2008-08-05,18.891414642333984,18.941869786876833,18.379667691972717,18.48057523153418,84297600
2008-08-06,19.475234985351562,19.576142497010235,19.013940557565334,19.266210711473754,95550000
2008-08-07,19.741924285888672,20.00140237828762,19.266215366331988,19.38874653499126,82565800
2008-08-08,20.275297164916992,20.34737457378274,19.59777309596074,19.71309640024105,80814100
2008-08-11,20.109514236450195,20.469899801170673,19.936529330355786,20.08068410614871,68743800
2008-08-12,20.26808738708496,20.441072315560376,19.87887026694378,20.023025061387624,62813000
2008-08-13,20.11672592163086,20.541981078500072,20.008610506696435,20.232049214195857,51165200
2008-08-14,20.11672592163086,20.38341189491372,19.864455703609142,20.051856397717785,49732300
2008-08-15,20.04465103149414,20.289713402589303,19.8788739495069,20.16718221704172,47267400
2008-08-18,19.958160400390625,20.217637168895124,19.857251469807778,20.023029936207337,38078200
2008-08-19,19.770008087158203,20.081176081512766,19.733826340010307,19.92921108719738,40332900
2008-08-20,19.748300552368164,19.95815718048368,19.661462422642447,19.92921205740527,41497200
2008-08-21,19.668697357177734,19.704879102975816,19.437130871481695,19.610805735753726,43614200
2008-08-22,20.146299362182617,20.17524447671358,19.697638354871543,19.704874978565496,47930400
2008-08-25,20.01603889465332,20.1462953346144,19.871309210197772,19.979857163661716,51381300
2008-08-26,19.733829498291016,20.059469415474336,19.661464612168476,19.958159403050022,44774400
2008-08-27,19.94368553161621,20.110125178612826,19.632517497105816,19.784483891277446,33975300
2008-08-28,20.218671798706055,20.269326803309053,19.972632021852615,19.979868648259522,48372600
2008-08-29,19.748300552368164,20.102886936611462,19.748300552368164,20.03052205854757,50735500
2008-09-02,19.610807418823242,20.088413681622477,19.581860915504382,20.02328542940029,66079200
2008-09-03,19.466073989868164,19.668695334133936,19.42265562332728,19.538438854266296,57127700
2008-09-04,19.068073272705078,19.458841413353028,19.068073272705078,19.35029478429778,66141900
2008-09-05,18.561513900756836,18.973991772735577,18.547040653960618,18.836500068905853,82305200
2008-09-08,18.90163230895996,19.05359729182314,18.57599108818875,18.966759172869125,62110800
2008-09-09,18.88715934753418,19.24898231825229,18.85097622231531,18.959524217726823,85735700
2008-09-10,19.133193969726562,19.437125239193854,18.99570089109393,19.191085574375343,75064900
2008-09-11,19.784482955932617,19.871319708286457,18.836507024638973,18.887162026886262,72913300
2008-09-12,19.987106323242188,20.073943084190052,19.495026743719528,19.639755138714445,75628500
2008-09-15,19.40818214416504,19.89302493556249,19.343053905003817,19.48054700770473,82349400
2008-09-16,18.807558059692383,19.169381034400384,18.467444960355106,18.879922930683005,111729700
2008-09-17,17.779977798461914,18.720718204349645,17.7293228112689,18.61940684971873,106972100
2008-09-18,18.279296875,18.344425120963685,17.374739436887836,17.946419020047266,132291300
2008-09-19,18.206933975219727,19.104254885353125,17.005681677763302,19.082546387844864,134926100
2008-09-22,18.3806095123291,19.046363937826627,18.32271788316607,18.97399905631151,105207700
2008-09-23,18.409547805786133,18.93780885880814,18.33718295654805,18.568749369914155,92181300
2008-09-24,18.6121768951416,18.87992655513429,18.42402874654451,18.51086688445293,80250300
2008-09-25,19.256223678588867,19.45160708183705,18.626650947413456,18.684542581754666,96203500
2008-09-26,19.827898025512695,19.943681262839434,18.916103996380816,18.937813870971475,100744300
2008-09-29,18.0983943939209,20.016056840981385,18.0983943939209,19.495031994232534,134383100
2008-09-30,19.31410789489746,19.31410789489746,18.48191545327341,18.648353665549237,107192700
2008-10-01,19.162147521972656,19.531207181754212,19.01741913672687,19.089782639227096,88957000
2008-10-02,18.995716094970703,19.198337563538892,18.597711166983938,18.945061072890116,93819800
2008-10-03,19.046367645263672,19.87856049406328,18.988476004831846,19.082550783187052,114289400
2008-10-06,18.026016235351562,18.807553621066415,17.46880865454469,18.54704069907987,146374600
2008-10-07,16.81029510498047,18.243113756233644,16.745166858992132,18.076675518816835,145941200
2008-10-08,16.65109634399414,17.58459906260252,16.282036680278388,16.571494834100935,171598600
2008-10-09,16.137306213378906,17.30237678476224,15.970867954679942,17.201066780379445,131948700
2008-10-10,15.558392524719238,16.173492040117708,14.943293009320769,15.768250574779813,228467500
2008-10-13,18.452970504760742,18.452970504760742,16.376106158289662,16.5425457647698,144935400
2008-10-14,17.439870834350586,18.619413339492066,17.078047793721925,18.554285081759275,165674900
2008-10-15,16.39781951904297,17.54841685853786,16.267563008119726,17.20830370909575,113280200
2008-10-16,17.50499725341797,17.50499725341797,15.420895985366384,16.60043974685796,161147800
2008-10-17,17.316850662231445,18.170753244994764,16.86818949187865,17.056337635559156,133673100
2008-10-20,17.888530731201172,17.910240610647865,16.65109658789237,17.51223581584273,93484300
2008-10-21,16.904375076293945,18.098390988049434,16.83924681017587,17.58460148647856,100385600
2008-10-22,15.580101013183594,16.68727866163944,15.124203197734976,16.67280678864146,150054800
2008-10-23,16.151777267456055,16.347162003815225,15.11696334552982,15.594569558688836,154774100
2008-10-24,15.891263961791992,16.542546403049922,15.160382787038227,15.239982900779136,153919700
2008-10-27,15.326823234558105,15.891266258221938,15.211039979434998,15.681409625903283,117683900
2008-10-28,16.716222763061523,16.795822883956752,15.442605646040672,15.659698892475221,134088800
2008-10-29,16.643856048583984,17.34579208939692,16.426762826135256,16.737929410246423,111701800
2008-10-30,16.37611198425293,17.280669683742598,16.202437071580373,17.143177907196936,95323000
2008-10-31,16.159015655517578,16.578730294092896,16.007050653044136,16.303745412369175,93055200
2008-11-03,16.368871688842773,16.578728292673468,16.072175585090267,16.26756031917908,61923500
2008-11-04,17.027395248413086,17.121468645257107,16.549788876214528,16.737935669902573,72123000
2008-11-05,15.978103637695312,16.88989776406117,15.956393760789503,16.882661138425902,81179700
2008-11-06,15.10972785949707,15.978103610836818,15.095255988496067,15.826138613487226,95509700
2008-11-07,15.558392524719238,15.587339033794706,15.196569442749023,15.428135994370678,71256300
2008-11-10,15.413667678833008,15.898510819241158,15.334067513860242,15.811674024680693,67106800
2008-11-11,15.341296195983887,15.413659693881488,15.044601437818923,15.406424448287927,78014500
2008-11-12,14.690013885498047,15.19656665958223,14.675542013856278,15.116965154448788,90162300
2008-11-13,15.377479553222656,15.377479553222656,13.56112768507138,14.581468570889111,148413700
2008-11-14,14.516337394714355,15.442604709145678,14.219642665139697,14.878160370317122,96624500
2008-11-17,13.980840682983398,14.646595066946666,13.857820806156102,14.28477206218935,97289000
2008-11-18,14.294116973876953,14.323258180670495,13.660279398370548,14.206690574305371,108966500
2008-11-19,13.325150489807129,14.534540685137552,13.296007887704828,14.301404037106407,103010500
2008-11-20,12.771451950073242,13.725849815365413,12.749595001245272,13.2012955498543,139532800
2008-11-21,14.337827682495117,14.352398978864006,13.099295283045624,13.128437875783403,157231900
2008-11-24,15.073660850524902,15.255797878816809,14.476251620062687,14.49082152623365,125289900
2008-11-25,14.563680648803711,15.248516453929602,14.243119001145434,15.197518294219437,92948100
2008-11-26,14.92795181274414,15.066376353910107,14.374255037675635,14.374255037675635,79678300
2008-11-28,14.731244087219238,14.796813536313312,14.585535281139952,14.738529735962516,28650800
2008-12-01,13.558280944824219,14.534535535852452,13.550995296879798,14.483536000241505,79639900
2008-12-02,13.951696395874023,14.068263985375168,13.521852888490322,13.835128806372879,79689800
2008-12-03,14.476259231567383,14.49811479711294,13.55100230784873,13.587429176821976,80961500
2008-12-04,13.922551155090332,14.512674579475256,13.68941604370838,14.133829328682147,78719200
2008-12-05,14.476259231567383,14.556398621227723,13.456290225164722,13.776851952594015,91996200
2008-12-08,15.306802749633789,15.481654206865711,14.672965001271699,14.825960894847041,107225000
2008-12-09,15.00809383392334,15.48164990607234,14.906096136676059,15.022665132043732,80484900
2008-12-10,15.015375137329102,15.270365832660834,14.789524250613752,15.168369554528141,61499000
2008-12-11,14.170263290405273,14.658390648413768,14.068265595719996,14.651104999536575,83564300
2008-12-12,14.104696273803711,14.461684792810248,13.623854481705465,13.95170040017481,78112600
2008-12-15,13.871560096740723,14.162979134572337,13.76227674165773,14.090124027715538,59925900
2008-12-16,14.651111602783203,14.702109778312968,13.842422277679601,13.995416804268897,97688700
2008-12-17,14.323258399963379,14.60739177112909,14.206690791813575,14.432540358904383,78922700
2008-12-18,14.06098461151123,14.585540387924715,13.835134979775368,14.468972746409696,80759200
2008-12-19,13.929842948913574,14.425254584451181,13.92255729976803,14.148406864897947,113530400
2008-12-22,13.973546028137207,14.053686725082656,13.76226651422449,14.01725850392811,58575400
2008-12-23,14.046412467956543,14.257690763553182,13.849704083038665,14.046412467956543,47511400
2008-12-24,13.966275215148926,14.170269301458697,13.91527704097049,14.031844693262924,16880400
2008-12-26,13.937127113342285,14.082837316067714,13.907985906554487,13.98812665701302,23101000
2008-12-29,13.813273429870605,13.995410482835748,13.580138224410492,13.951697979210836,58512800
2008-12-30,14.090128898620605,14.199410901886395,13.842422283433583,13.849707935597444,43224100
2008-12-31,14.162978172302246,14.337829583121348,14.039124915939277,14.068266122944717,46419000
2009-01-02,14.81139087677002,14.862389049184529,14.111984987206503,14.22855263546709,50084000
2009-01-05,14.949810981750488,15.059092945412132,14.614678051646475,14.716675755380162,61475200
2009-01-06,15.124662399291992,15.299513819043884,15.015380435646506,15.117376749769553,58083400
2009-01-07,14.21397590637207,14.782244016923924,14.192118959567805,14.709388917171824,72709900
2009-01-08,14.658387184143066,14.709385324635408,14.243113633858766,14.301397421506458,70255400
2009-01-09,14.221259117126465,14.789525740655737,14.14111838217943,14.694815099932596,49815300
2009-01-12,14.18484115600586,14.417977882075277,14.060987834804944,14.35969265836076,52163500
2009-01-13,14.439824104309082,14.56367734533838,14.221260215243408,14.221260215243408,65843500
2009-01-14,13.907986640930176,14.337830233111957,13.849702834681572,14.22854827009527,80257500
2009-01-15,14.017263412475586,14.060975903573675,13.492709350513405,13.89341019636847,96169800
2009-01-16,14.3596773147583,14.505387439157978,13.951690911871832,14.301393542917378,79634100
2009-01-20,13.463576316833496,14.294122574604229,13.383436924554408,14.17755353296951,89873000
2009-01-21,14.1192626953125,14.170262233649536,13.448998334145834,13.747704357452855,68340900
2009-01-22,12.465460777282715,13.245007168383733,12.43631818080263,13.150295119418937,222436600
2009-01-23,12.531031608581543,12.7423098979276,12.203184310084307,12.363464439574269,117020600
2009-01-26,12.844305038452148,12.97544394581167,12.552886016317384,12.59659991183423,92476500
2009-01-27,12.866161346435547,13.092010903660091,12.69859559073977,12.953587743526418,61695000
2009-01-28,13.143010139465332,13.339717096541564,12.939016144073033,12.968157349360272,64145500
2009-01-29,12.815162658691406,13.084724708407919,12.79330571293248,12.953587202640508,49192800
2009-01-30,12.458173751831055,12.960872368812442,12.458173751831055,12.924444127236788,62370900
2009-02-02,12.99001693725586,13.208580884942648,12.385321866420341,12.407178817027296,88871700
2009-02-03,13.478144645690918,13.558285409876467,12.82245140030618,13.004588490112814,86865100
2009-02-04,13.572851181030273,13.842414603145027,13.478140534641211,13.507283127127256,75618000
2009-02-05,13.871560096740723,13.944413814001939,13.296006281127147,13.485429003116591,75195200
2009-02-06,14.323258399963379,14.519966759814487,13.88612917460386,13.958984277096365,86746000
2009-02-09,14.162978172302246,14.403399035877948,14.031839266789046,14.30868698652042,52196400
2009-02-10,13.69670581817627,14.425254029560017,13.623852108714244,14.02455306913713,83953200
2009-02-11,13.99541187286377,14.199405892699827,13.784133593029617,13.798704892216957,58599000
2009-02-12,14.031840324401855,14.075552833002474,13.507286052407657,13.820560651906947,75323200
2009-02-13,13.907986640930176,14.184834373212153,13.87155978312313,14.039125552388422,47416000
2009-02-17,13.269801139831543,13.570553842796095,13.123091889989913,13.563218240391704,75853300
2009-02-18,13.2918119430542,13.533881298681706,13.203786086860779,13.36516519090461,54946900
2009-02-19,13.137765884399414,13.482530875872712,13.06441124390288,13.423847443300163,49195600
2009-02-20,13.203787803649902,13.343161511109733,12.954382810984397,13.03507307305962,69413800
2009-02-23,12.624281883239746,13.313813105995349,12.587605271027211,13.218453074768917,70803400
2009-02-24,12.594941139221191,12.726979184571052,12.000771334269919,12.492245503559344,122674500
2009-02-25,12.440896034240723,12.646288700521112,12.074124315319148,12.477574045606724,105894600
2009-02-26,12.044781684875488,12.528920176787373,12.044781684875488,12.506913372928512,83219500
2009-02-27,11.846723556518555,12.118135182624638,11.810046952587648,11.949420565946054,93428000
2009-03-02,11.582653045654297,11.920083118847208,11.53130521915592,11.707355509631785,80602100
2009-03-03,11.648672103881836,11.91274754014898,11.472621813037074,11.758704060331066,80476600
2009-03-04,11.824719429016113,12.030110671775503,11.656004094581474,11.824719429016113,69285100
2009-03-05,11.201211929321289,11.648673306297288,11.201211929321289,11.634002097431644,89708500
2009-03-06,11.20854663848877,11.45795158835611,10.907793857611704,11.259895169060224,92821400
2009-03-09,11.113182067871094,11.545972779480172,11.076505458055944,11.149859377247735,66479100
2009-03-10,12.088798522949219,12.191495581162819,11.186540206053841,11.274565356514728,95184200
2009-03-11,12.550931930541992,12.616950969032594,12.052122039334535,12.198829925550974,84522200
2009-03-12,12.477575302124023,12.499582111159755,12.088796737232054,12.477575302124023,93694100
2009-03-13,12.2135009765625,12.50691814433871,11.868735979315883,12.4555703148683,82965800
2009-03-16,11.92008113861084,12.440896319857208,11.912745536169231,12.338200683920878,67028900
2009-03-17,12.396885871887207,12.396885871887207,11.927418441672014,11.971430663473862,62481000
2009-03-18,12.440896034240723,12.63161749597471,12.176821348020878,12.492245250153125,70710700
2009-03-19,12.57293701171875,12.80033653789891,12.411557921408052,12.741653105138345,58994600
2009-03-20,12.514251708984375,12.947042485593943,12.382213655222378,12.704973186738014,81725500
2009-03-23,13.445853233337402,13.636574724484712,12.697638475557175,12.741652095984216,71600000
2009-03-24,13.152436256408691,13.357827557797089,13.086417224070049,13.23312649573888,50044100
2009-03-25,13.115757942199707,13.431181889765247,12.85168321794285,13.189112576374551,73927100
2009-03-26,13.812627792358398,13.849304417648755,13.291812437792753,13.328489063083111,63775100
2009-03-27,13.299139976501465,13.65857743994893,13.24045656598159,13.599894029429054,47670400
2009-03-30,12.82233715057373,13.027729787906805,12.668293721916083,13.013058585428112,49633000
2009-03-31,13.475193977355957,13.783282286556132,13.042403223976589,13.07907983733154,92423300
2009-04-01,14.164728164672852,14.20140618839459,13.335824416291198,13.372501040889391,96438900
2009-04-02,14.150054931640625,14.590179916854082,13.937326642880677,14.304098396640695,99082300
2009-04-03,13.753945350646973,14.04736257163604,13.519211573855717,14.032691360805668,81858400
2009-04-06,13.761273384094238,13.761273384094238,13.401837311267359,13.599894351127958,47476100
2009-04-07,13.761273384094238,14.040019240876527,13.66591196529192,13.761273384094238,65815200
2009-04-08,14.076703071594238,14.392127065768276,13.907986968324847,13.915322572738601,56408900
2009-04-09,14.42879581451416,14.450802615745694,14.098700791654744,14.267416802851066,55759600
2009-04-13,14.370119094848633,14.560840596870996,14.208740008117418,14.443473733953137,44444700
2009-04-14,14.194067001342773,14.34077486183287,13.937326496581115,14.260086028256433,63796300
2009-04-15,13.812627792358398,14.120716201817542,13.57789403260354,14.091373782286398,72725500
2009-04-16,14.494823455810547,14.509494665373392,13.929994479752922,14.054696962790015,67688700
2009-04-17,14.084040641784668,14.443476913485986,13.937331331279623,14.443476913485986,61398500
2009-04-20,13.651243209838867,13.900648079378628,13.621900802070419,13.856634467725957,62937200
2009-04-21,13.915323257446289,13.996013510844495,13.621906062075833,13.636577271625242,60928300
2009-04-22,13.775952339172363,14.076705169337783,13.717268894240664,13.761281128158517,59401000
2009-04-23,13.878645896911621,13.893317105683229,13.548550695167833,13.878645896911621,86116300
2009-04-24,15.338400840759277,15.55112921565193,14.304104188304112,14.538837981893403,168478500
2009-04-27,14.964285850524902,15.272374150349961,14.876261421502354,15.074317086364621,68219600
2009-04-28,14.619524002075195,14.86892893510859,14.516828346987339,14.854257727489362,76685200
2009-04-29,14.854257583618164,15.323725029899462,14.714883910832146,14.751561929524968,79301600
2009-04-30,14.861594200134277,15.477770964930944,14.678208291542973,15.11099914774833,87439900
2009-05-01,14.846924781799316,14.927615039028082,14.568178782745537,14.810248155308214,63224500
2009-05-04,14.810242652893066,14.964286105872628,14.656197800790407,14.942280697803032,54313400
2009-05-05,14.516826629638672,14.84692036728081,14.406793984634758,14.773565736985933,66835500
2009-05-06,14.516826629638672,14.722217915516481,14.384788574932536,14.714882312574673,59639100
2009-05-07,14.172060012817383,14.663534207424838,14.040021960665653,14.641527399025158,68727200
2009-05-08,14.245420455932617,14.406799586027311,14.040027691074489,14.274761479984496,67597600
2009-05-11,14.172060012817383,14.472812731997136,13.944661922513388,14.084035577465011,63762600
2009-05-12,14.59018325805664,14.714885738857276,14.282094858379986,14.311437276979442,71966800
2009-05-13,14.487480163574219,14.67086598842959,14.428796755585413,14.612182580440782,49281700
2009-05-14,14.714879989624023,14.83958242170232,14.52415854061469,14.54616534596603,54539500
2009-05-15,14.832252502441406,15.037645233708227,14.656202189551351,14.766233460217196,61289900
2009-05-18,15.110994338989258,15.11099433898926,14.846918266934981,14.934944090660741,46073800
2009-05-19,14.99288272857666,15.310309824503642,14.948591001333641,15.140523696731552,51368300
2009-05-20,15.04455852508545,15.273402195124056,14.926446299004981,15.066705095478838,47450700
2009-05-21,14.6311674118042,14.933830201847897,14.402325123529224,14.867391891056943,58232800
2009-05-22,14.579495429992676,14.889540452419217,14.372798279038602,14.712372069319644,37318700
2009-05-26,15.015030860900879,15.096233542648966,14.358031440964591,14.424469742756887,44991700
2009-05-27,14.860008239746094,15.206964141560109,14.815716506241111,14.948593114764877,42892900
2009-05-28,15.096237182617188,15.229112410231563,14.800955144338731,15.000270097773956,45480800
2009-05-29,15.421035766601562,15.457946702878903,14.98549657458671,15.177429219204125,46134900
2009-06-01,15.79753303527832,15.871353566024524,15.398904422064048,15.502252320303024,57317100
2009-06-02,15.79753303527832,16.22569042399488,15.649893381795428,15.768005667785548,48935700
2009-06-03,16.04113006591797,16.06327663410413,15.716322180572854,15.731085151354971,56039600
2009-06-04,16.114957809448242,16.166631750479343,15.930407215474713,16.0706660611372,42330000
2009-06-05,16.34379005432129,16.46928443701156,16.100183477099996,16.21091348347178,59579200
2009-06-08,16.277355194091797,16.4766700923073,15.967310266203919,16.225681274111935,49000600
2009-06-09,16.29950714111328,16.476675528646023,16.15186611416474,16.28474275681659,50887700
2009-06-10,16.646459579467773,16.69813491784886,16.329033806037966,16.365943354015453,61297200
2009-06-11,16.853151321411133,17.17057840137601,16.661218635664728,16.6759830133395,65124600
2009-06-12,17.222251892089844,17.259161427361384,16.786712617444792,16.904824819923938,50963500
2009-06-15,17.2886962890625,17.377281176217938,16.993415678559398,17.148437471070146,69089600
2009-06-16,17.31083869934082,17.7980519414912,17.30345650985264,17.3256016703085,105295600
2009-06-17,17.480628967285156,17.58397682854155,17.10414566241099,17.347752341093212,86483100
2009-06-18,17.347749710083008,17.48800850623678,17.200108723814953,17.4363345834456,58852200
2009-06-19,17.768522262573242,17.96783714439729,17.532297843230044,17.746377103265193,115459000
2009-06-22,17.18534278869629,17.679938177010396,17.1631962221717,17.679938177010396,71291600
2009-06-23,17.229637145996094,17.46586159298006,17.133670084403377,17.259164497864706,56752700
2009-06-24,17.325599670410156,17.532296728194037,17.244398411430627,17.31083670114657,54287700
2009-06-25,17.56182861328125,17.657794266639563,17.126289262175316,17.296075407044743,57724300
2009-06-26,17.237018585205078,17.488007401195887,17.214872016261637,17.39942253343084,65126400
2009-06-29,17.613502502441406,17.73899691537615,17.384658838378268,17.42156978807011,62854900
2009-06-30,17.547073364257812,17.89402802449167,17.4437240591594,17.694713016097765,66452400
2009-07-01,17.74637222290039,17.93830345482798,17.687314726297174,17.753753001967574,54908400
2009-07-02,17.251779556274414,17.746374900896978,17.1336659532524,17.539677855618983,65422200
2009-07-06,17.12628746032715,17.185343565721023,16.88268084957634,17.133668241493844,49207700
2009-07-07,16.63168716430664,17.08198930766126,16.580011855258416,17.037697593628128,52842500
2009-07-08,16.653841018676758,16.74980809189933,16.240448186357433,16.469290471104514,73023400
2009-07-09,16.565250396728516,16.83838430079821,16.51357649098605,16.72027211395591,46981200
2009-07-10,16.528343200683594,16.639074632927358,16.35117488030568,16.380703637706322,43229200
2009-07-13,17.1484375,17.19273064765695,16.343796955015968,16.550494086721347,67584000
2009-07-14,17.059852600097656,17.141053881355578,16.875302057588623,17.126290908041618,45448700
2009-07-15,17.80543327331543,17.80543327331543,17.392039129942127,17.53229790744409,67238700
2009-07-16,18.041656494140625,18.041656494140625,17.613499408974018,17.665173321458322,64555100
2009-07-17,17.930927276611328,18.049039484107436,17.790668502206483,18.012128539259542,52860100
2009-07-20,18.10810089111328,18.10810089111328,17.827583260149346,18.041662578938087,47798000
2009-07-21,18.329559326171875,18.329559326171875,17.989987013053327,18.22621147574603,52028400
2009-07-22,18.307415008544922,18.38123551422636,18.093337090878688,18.23359591087252,66192500
2009-07-23,18.868450164794922,18.986562418720936,18.336945022127857,18.40338334096238,106060500
2009-07-24,17.31083869934082,17.635646588768623,16.838388428158122,17.428950915134326,215135700
2009-07-27,17.059852600097656,17.310841450550647,16.904829412225443,17.30345925988922,80950000
2009-07-28,17.325599670410156,17.38465577149005,16.904824774214863,16.971263063930806,70288400
2009-07-29,17.56922149658203,17.65042423397609,17.22964897295185,17.517547539334807,73626900
2009-07-30,17.576595306396484,18.034281324257144,17.502774799256496,17.86449514344152,67820000
2009-07-31,17.362516403198242,17.76852705750748,17.34775202100289,17.547066956613165,54258200
2009-08-03,17.591358184814453,17.61350475746494,17.34775151769484,17.583975993930956,46902900
2009-08-04,17.547073364257812,17.561837751844656,17.369904937244172,17.48063502812651,49218300
2009-08-05,17.576595306396484,17.90140469300698,17.561832331375737,17.598741880941198,53310300
2009-08-06,17.31822395324707,17.702089457713463,17.177966540776264,17.665179908749366,59686000
2009-08-07,17.392044067382812,17.58397681529222,17.347752328021876,17.532302884702958,46169700
2009-08-10,17.2886962890625,17.384661959472627,17.200111401907062,17.3182236461083,35261900
2009-08-11,17.074615478515625,17.273930401239777,17.01555936156131,17.21487428428546,33615800
2009-08-12,17.369897842407227,17.643031861153165,17.000796751554613,17.074615843317996,61972300
2009-08-13,17.436344146728516,17.606130388453003,17.273938691157646,17.44372493288213,38954500
2009-08-14,17.488008499145508,17.569209774352096,17.3551318931599,17.43633457637528,46330200
2009-08-17,17.163198471069336,17.421569482343095,17.148434091451694,17.21487239172234,42474400
2009-08-18,17.504684448242188,17.556648933964652,17.274555404645813,17.289402805116815,38878900
2009-08-19,17.55664825439453,17.608612738105595,17.259707336098465,17.259707336098465,41821300
2009-08-20,17.57149314880371,17.719964294744507,17.47498789509024,17.519528672502165,39505900
2009-08-21,18.120830535888672,18.128254233308606,17.645725228416865,17.764501555284816,69011400
2009-08-24,18.291574478149414,18.358386350506755,18.024328404645786,18.120833655869866,54180900
2009-08-25,18.291574478149414,18.4251982228641,18.157950733434728,18.261881099282675,43980300
2009-08-26,18.224760055541992,18.373231176876875,18.128254817822206,18.25445484617919,41079000
2009-08-27,18.32869529724121,18.39550717807585,18.03917667498246,18.120835955097228,45495600
2009-08-28,18.32127571105957,18.92258135764942,18.269311217838087,18.610792982394265,55808000
2009-08-31,18.299001693725586,18.447472864371132,18.03175556886003,18.23961350865257,49592800
2009-09-01,17.816471099853516,18.36581212218789,17.742235520418944,18.07629491991156,62608500
2009-09-02,17.71254539489746,17.92040335642074,17.653157203615645,17.68285059129347,40771300
2009-09-03,17.898130416870117,17.92040009959969,17.638306596259763,17.74965925768537,34120000
2009-09-04,18.276731491088867,18.410353841770128,17.875860191267144,17.883283891181545,44999700
2009-09-08,18.425199508666992,18.440046907099358,18.12083492043267,18.276729772120845,53737100
2009-09-09,18.39550018310547,18.521700197146572,18.313840934041995,18.36580539583679,49900300
2009-09-10,18.55881690979004,18.595933977239472,18.298993189867904,18.41034580814157,46256000
2009-09-11,18.454893112182617,18.685022109300107,18.417774618501888,18.50685758740988,54303500
2009-09-14,18.55881690979004,18.62562876393931,18.291569493192945,18.298993189867904,42806800
2009-09-15,18.707298278808594,18.759262768128295,18.454898117033352,18.53655599342454,44716600
2009-09-16,18.707298278808594,18.818650958197402,18.521710007851865,18.744415366629482,50055800
2009-09-17,18.78153419494629,18.840922390518934,18.60336960822835,18.60336960822835,42428800
2009-09-18,18.75183868408203,18.91515584945226,18.633062306371666,18.900308448256936,68016500
2009-09-21,18.78153419494629,18.83350010500784,18.633064413977806,18.640488115415174,28878700
2009-09-22,19.13043785095215,19.167554935942096,18.774108737714933,18.855766607878024,61376700
2009-09-23,19.085887908935547,19.486759060685294,19.033923444655127,19.241782717702268,60599900
2009-09-24,19.256633758544922,19.382833802520214,19.04877444613687,19.241786361388833,56302900
2009-09-25,18.967121124267578,19.16755680093809,18.94485143747719,19.071051521018678,50158900
2009-09-28,19.17497444152832,19.419950830280165,19.0042336224431,19.0042336224431,44358000
2009-09-29,19.115585327148438,19.271478741434265,19.071044553913293,19.234361666392587,39050300
2009-09-30,19.09331512451172,19.293750737321687,18.84091503784562,19.123009918672775,63533400
2009-10-01,18.469741821289062,18.907730199922263,18.410353638555375,18.863189416853487,75958100
2009-10-02,18.529132843017578,18.625639539700103,18.135686603096115,18.157956290079635,51219700
2009-10-05,18.291574478149414,18.603362743841767,18.202492925623453,18.543974570182545,60804900
2009-10-06,18.640485763549805,18.714719936704803,18.306426320647944,18.32127372164938,48795300
2009-10-07,18.633056640625,18.692444811422043,18.469738108988867,18.551397374806935,38472700
2009-10-08,19.056198120117188,19.226938939414627,18.72213876416505,18.88545730081975,60521300
2009-10-09,18.967121124267578,19.1452871141477,18.900309232044076,18.981968526078617,39520000
2009-10-12,19.09331512451172,19.21951516784477,18.96711508117867,19.048774349195853,29145800
2009-10-13,19.160131454467773,19.256638142024894,18.944849810401823,18.996814296351328,37749000
2009-10-14,19.2714786529541,19.449644576927977,19.167549710574047,19.405102387971684,45365500
2009-10-15,19.828250885009766,19.828250885009766,19.226945262473592,19.226945262473592,65620100
2009-10-16,19.67235565185547,19.76886092449861,19.375414717654184,19.635238566052582,56500900
2009-10-19,19.56842613220215,19.731743287468905,19.486766846605757,19.664931402149318,48143200
2009-10-20,19.575847625732422,19.679776584103024,19.256635635393167,19.612964706314532,54604700
2009-10-21,19.731739044189453,19.857939087551106,19.59069160374391,19.642656077611814,61672700
2009-10-22,19.73916244506836,19.835667692806943,19.397679396916917,19.716891349778365,61600000
2009-10-23,20.80072784423828,21.788057108831566,20.69679747917401,21.67670446105089,281761000
2009-10-26,21.290681838989258,21.54308194348473,20.86754090378385,20.88238688598737,124149700
2009-10-27,21.2238712310791,21.43915285311045,21.112518570309376,21.327800192340725,69685800
2009-10-28,20.80072784423828,21.357492499067405,20.748763369669014,20.964044966588226,73542400
2009-10-29,20.949199676513672,21.090247133050415,20.674529878754935,20.837847017532404,65225500
2009-10-30,20.58544921875,21.0828258063731,20.533484733105592,20.808155977702366,73371800
2009-11-02,20.69679832458496,20.82299837480487,20.347892969706756,20.56317599134546,62428900
2009-11-03,20.436973571777344,20.59286698377958,20.362738006855768,20.518631418858007,50294800
2009-11-04,20.830425262451172,21.075401701446363,20.503790954408256,20.55575543905481,63898400
2009-11-05,21.13477897644043,21.335214527406396,20.993732995472033,21.171897457688914,52681700
2009-11-06,21.171905517578125,21.25356337556039,20.9343528108555,21.067975146442613,38908500
2009-11-09,21.52080535888672,21.528229056058485,21.179323784538287,21.246135643158713,57518000
2009-11-10,21.535667419433594,21.73610313179544,21.387196206737464,21.45400811085808,65881100
2009-11-11,21.617321014404297,21.750943371401807,21.5430854276772,21.58762621334304,49693400
2009-11-12,21.79547882080078,21.891984062500654,21.528231357746357,21.535655055711825,55352400
2009-11-13,21.995920181274414,22.114697971563427,21.80290963487919,21.877143806911473,53037600
2009-11-16,21.92910385131836,22.122114346151253,21.80290381028104,21.98106832422919,54129500
2009-11-17,22.36902618408203,22.36902618408203,21.973839542843535,21.996209081013998,75648900
2009-11-18,22.451053619384766,22.473421742561708,22.227362432321428,22.369033375243056,59431200
2009-11-19,22.204984664916992,22.369023659768978,22.14533399204498,22.361567147886948,51967700
2009-11-20,22.085693359375,22.197538244081915,21.944022413580974,22.115517998277237,42647100
2009-11-23,22.324291229248047,22.376485402439084,22.14533916879968,22.249727515181757,41832700
2009-11-24,22.301918029785156,22.361568706815696,22.182616675724077,22.33174407939259,37341400
2009-11-25,22.212451934814453,22.264646121083317,22.055867953822954,22.227363543616335,32033500
2009-11-27,21.787433624267578,21.914191511516464,21.43698601701927,21.70541481876622,29357900
2009-11-30,21.929109573364258,21.95893563471023,21.62339955549243,21.73524444117007,44172000
2009-12-01,22.376489639282227,22.40631427724511,21.929108692360355,22.01112893558173,49904200
2009-12-02,22.204984664916992,22.361567147886948,22.10805143263483,22.294459963132905,36308600
2009-12-03,22.242271423339844,22.518156743961402,22.19007724915904,22.249727937106325,43095200
2009-12-04,22.354114532470703,22.644912857820987,22.242269679113427,22.40630870255847,58810700
2009-12-07,22.212451934814453,22.428685195383302,22.130431686572006,22.204995419321058,38082700
2009-12-08,22.04840087890625,22.175158737217274,21.90672999675058,22.01111974147887,37402200
2009-12-09,22.15279197692871,22.22735568330964,21.809800918634597,21.97383993492512,44713300
2009-12-10,22.2720947265625,22.339200497800388,22.11551080118234,22.15279194322388,45940200
2009-12-11,22.257184982299805,22.369029847098375,22.2124473208173,22.346660305264813,43744200
2009-12-14,22.451053619384766,22.4883347728029,22.294469646221945,22.30192616134254,34651200
2009-12-15,22.38394546508789,22.525614979872845,22.27955567997003,22.287012194777365,49473200
2009-12-16,22.44359588623047,22.674742153685045,22.398858220119692,22.421226342082697,55737800
2009-12-17,22.070775985717773,22.339203371755936,22.048406444304344,22.33174828013605,43691200
2009-12-18,22.63745880126953,22.704566005003304,22.219902550885024,22.249728606848755,94118000
2009-12-21,22.75675392150879,22.995356614852465,22.64490908677697,22.667277200412794,40129100
2009-12-22,22.98044776916504,23.062467993233533,22.771671085622685,22.81640874321255,36321000
2009-12-23,23.055011749267578,23.077381289416078,22.88351620801594,22.8984278125971,28362700
2009-12-24,23.114665985107422,23.114665985107422,22.93571390298166,23.02518923295218,11083900
2009-12-28,23.24142837524414,23.2488848912122,23.03265019469354,23.11467044815717,25384000
2009-12-29,23.40546226501465,23.487482500273433,23.286160880375334,23.375637629947164,29716200
2009-12-30,23.084836959838867,23.330897641092776,22.965535587089146,23.226507873298363,42006200
2009-12-31,22.72693634033203,23.10721005783294,22.72693634033203,23.099753543115106,31929700
2010-01-04,23.07737922668457,23.189224073060995,22.80895045763365,22.831319995782685,38409100
2010-01-05,23.084836959838867,23.18922672763328,22.84623421433943,23.002818154938776,49749600
2010-01-06,22.943166732788086,23.174312957304856,22.75675816607161,23.025185535057876,58182400
2010-01-07,22.70456886291504,22.89097746959846,22.5107037413021,22.838781865091867,50559700
2010-01-08,22.861148834228516,23.025187877641937,22.54798235339588,22.57780840975358,51197400
2010-01-11,22.570348739624023,22.93570934580916,22.45850388829134,22.898426780575303,68754700
2010-01-12,22.421220779418945,22.667280015258527,22.301919417932144,22.480871460162348,65912100
2010-01-13,22.630001068115234,22.756758954762923,22.376485294819854,22.562893867996777,51863500
2010-01-14,23.084836959838867,23.18922672763328,22.56289380960498,22.600174955270063,63228100
2010-01-15,23.010278701782227,23.29361915618098,22.898432400813313,23.174317762519948,79913200
2010-01-19,23.189231872558594,23.293620241328796,22.87606534406313,22.92825952844823,46575700
2010-01-20,22.808956146240234,23.06992846766191,22.600178004665946,22.972995200358415,54849500
2010-01-21,22.376489639282227,22.905889407240647,22.3690331242453,22.823870586204094,73086700
2010-01-22,21.593570709228516,22.518158581121483,21.50409538109997,22.36903113799431,102004600
2010-01-25,21.86199951171875,22.115515311419557,21.697960462223694,21.802348818976483,63373000
2010-01-26,21.9962100982666,22.257182366920212,21.69050017338748,21.77252039495462,66639900
2010-01-27,22.122962951660156,22.234807777914803,21.63830108976728,21.884360276401146,63949500
2010-01-28,21.74268913269043,22.272090056210743,21.541367594639713,22.24972052236596,117513700
2010-01-29,21.011974334716797,22.309377817229638,20.624244166006882,22.29446479023667,193888500
2010-02-01,21.1834659576416,21.235660120271604,20.818105397047326,21.168552933408954,85931100
2010-02-02,21.220748901367188,21.2505749523699,20.982146182083063,21.15364313097987,54413700
2010-02-03,21.347509384155273,21.466812180570194,20.967237142661364,21.071625489566784,61397900
2010-02-04,20.758451461791992,21.250569806698714,20.73608192895658,21.161093097541105,77850000
2010-02-05,20.892675399780273,21.086540506745024,20.557139364228835,20.877762371048053,80960100
2010-02-08,20.66897964477539,20.937408413598572,20.55713479849386,20.885214246812815,52820600
2010-02-09,20.885215759277344,21.131275007789572,20.691350681330665,20.85538970627732,59195800
2010-02-10,20.87030792236328,21.056716533412096,20.75846304017096,20.900133982779813,48591300
2010-02-11,20.96723175048828,21.176008390607738,20.654065368124904,20.825560871704226,65993700
2010-02-12,20.8255672454834,20.922499083464782,20.56459494327788,20.736090499344357,81117200
2010-02-16,21.237586975097656,21.25256974249033,20.99037702845992,21.07277939144894,51935600
2010-02-17,21.417369842529297,21.46231670316532,21.245072352728762,21.372422981893276,45882900
2010-02-18,21.70203399658203,21.74698228356397,21.357439036062985,21.417368656537377,42856500
2010-02-19,21.55221939086914,21.66458729617582,21.49228974611655,21.56720215926615,44451800
2010-02-22,21.52225112915039,21.679567319730342,21.462321491985467,21.60465491606538,36707100
2010-02-23,21.222599029541016,21.59715954995567,21.04281015120218,21.484791679598274,52266200
2010-02-24,21.44733428955078,21.567194967925193,21.260054033541017,21.364931948514258,43165900
2010-02-25,21.42486000061035,21.462315477528932,20.990369895714476,21.177650137977093,48735300
2010-02-26,21.477298736572266,21.612140742733647,21.35743949305879,21.462315973924362,40370600
2010-03-01,21.739492416381836,21.76196513260299,21.372423286808395,21.55221216075243,43805400
2010-03-02,21.319984436035156,21.949246233489387,21.155178319115244,21.784440116569474,93123900
2010-03-03,21.319984436035156,21.432353736808064,21.237582091992707,21.357441345904466,48442100
2010-03-04,21.44733428955078,21.462317052951953,21.177651692504494,21.319983658310743,42890600
2010-03-05,21.417369842529297,21.4847908479008,21.290019213364783,21.469808084743814,56001800
2010-03-08,21.44733428955078,21.672071454063474,21.349949185113086,21.364931948514258,39414500
2010-03-09,21.574691772460938,21.806920392425162,21.387411456974867,21.394902841054563,50271600
2010-03-10,21.70203399658203,21.806911904038362,21.574683374469586,21.619631661451525,44891400
2010-03-11,21.859352111816406,21.866843493654674,21.612142226493557,21.642106325011635,35349700
2010-03-12,21.926774978637695,22.009177328175326,21.754477468253885,21.96423046216979,31700200
2010-03-15,21.94175148010254,22.001681093947475,21.73199711722791,21.859347725252736,37512000
2010-03-16,22.00168800354004,22.091581738121068,21.874337355520954,22.03914348814294,36723500
2010-03-17,22.196456909179688,22.376247225248033,22.024159404185507,22.099071797741473,50385700
2010-03-18,22.181474685668945,22.263877029330597,22.099070913172287,22.196456020712425,43845200
2010-03-19,22.16649055480957,22.398717665264883,21.98670168586014,22.293841182253114,81332100
2010-03-22,22.173982620239258,22.248895008487573,22.016666462034294,22.09907023199094,37718200
2010-03-23,22.383729934692383,22.398712694321777,22.031643656409237,22.16648563540458,42026600
2010-03-24,22.211437225341797,22.36126199593889,22.173981747109977,22.263875466400307,33987700
2010-03-25,22.48112678527832,22.900634246042106,22.323810594469865,22.346284744252575,73168700
2010-03-26,22.218929290771484,22.62345532653614,22.166491048098646,22.541051557287425,55595500
2010-03-29,22.16649055480957,22.33878804228174,22.13652502890054,22.256384274866825,33336000
2010-03-30,22.301334381103516,22.36875539105817,22.09907135123956,22.19645646071015,34954800
2010-03-31,21.94175148010254,22.26387226149739,21.85185634491778,22.203942647652454,63760000
2010-04-01,21.844369888305664,22.129036689859063,21.439845260881125,21.986703289082364,74768100
2010-04-05,21.926774978637695,22.046634240542527,21.746986085780446,21.821897052844633,34331200
2010-04-06,21.964235305786133,22.15900700654188,21.709533960862114,21.83688463332412,47366800
2010-04-07,21.986705780029297,22.144020533840713,21.8293895973827,21.844372363127174,58318800
2010-04-08,22.4137020111084,22.45864887431124,21.949246328562296,21.964229092574918,63713800
2010-04-09,22.728330612182617,22.780768852087537,22.398716981421135,22.436173887663845,54752500
2010-04-12,22.713350296020508,22.84070093329224,22.630946522246145,22.66091205046774,37068800
2010-04-13,22.810739517211914,22.8481950030599,22.57101954974513,22.586002315618405,41374600
2010-04-14,23.087907791137695,23.22274979274138,22.968048551675494,23.065435076760306,68941200
2010-04-15,23.1253604888916,23.185290097718664,23.005499842402898,23.087903590353076,52745400
2010-04-16,22.975542068481445,23.207769187922217,22.92310382494659,23.06543722085189,88703100
2010-04-19,23.252717971801758,23.41003270574355,23.042963564377693,23.05045494630373,64970300
2010-04-20,23.4924373626709,23.552366991500772,23.32013842955434,23.38755944059233,52199500
2010-04-21,23.469955444335938,23.59730604203363,23.3950430758959,23.469955444335938,55343100
2010-04-22,23.51490592956543,23.619783833130757,23.147836839173795,23.252714742739123,84847600
2010-04-23,23.192785263061523,23.657240907521473,22.960558155249,23.31264593649869,126766600
2010-04-26,23.305152893066406,23.43250350997848,23.117872658127162,23.222749132466003,63649300
2010-04-27,23.110387802124023,23.4100359768608,23.035475401231025,23.185300203017018,68730900
2010-04-28,23.155324935913086,23.2227459254874,22.938080636378327,23.162816315736297,64557900
2010-04-29,23.22275161743164,23.544873884609608,22.97554173801238,23.170313374651034,52665200
2010-04-30,22.87816047668457,23.282685152388883,22.86317771084936,23.275193769471276,63214800
2010-05-03,23.117876052856445,23.26769940550767,22.90812164454272,22.975542653328024,43989500
2010-05-04,22.571016311645508,22.88564720567046,22.28635094506817,22.863174488919743,82085600
2010-05-05,22.361268997192383,22.541057920899377,22.24140971472105,22.301339355956717,66833800
2010-05-06,21.70952796936035,22.383736637390882,20.90796866401466,22.166492273050338,128613000
2010-05-07,21.132699966430664,21.687050691464947,20.465982820661623,21.672067930499757,173718100
2010-05-10,21.679561614990234,22.08408620219841,21.507262703248816,21.731999855106583,86653300
2010-05-11,21.634611129760742,22.211434570118925,21.402384049047804,21.484787805908898,63789400
2010-05-12,22.054122924804688,22.15899940893153,21.66457965685509,21.709526517361603,47146800
2010-05-13,21.904293060302734,22.271362098266792,21.859346210242848,21.91927581993423,45188800
2010-05-14,21.672073364257812,21.881826355022174,21.45482756229748,21.87433640149638,63334000
2010-05-17,21.679561614990234,21.896805956734376,21.312492505340916,21.81440362033792,46053300
2010-05-18,21.521533966064453,21.82253415004311,21.371033156434077,21.724709628480834,52690600
2010-05-19,21.250638961791992,21.589265159499593,20.91201419936688,21.46133986650811,61746700
2010-05-20,20.40030860900879,20.94963415717458,20.347633753058943,20.8066585229663,87991100
2010-05-21,20.197139739990234,20.400315483071903,19.896139436507756,20.039113683610267,117596300
2010-05-24,19.76822280883789,20.212198989666575,19.760697618535996,20.204673799364684,73711700
2010-05-25,19.617708206176758,19.813358711871075,19.09848191934501,19.3016576100986,98373600
2010-05-26,18.82005500793457,20.024057203712353,18.48142889699384,19.73810594663304,176684100
2010-05-27,19.56504249572754,19.83594354342047,19.36186670995784,19.36186670995784,136433600
2010-05-28,19.414518356323242,19.65531979675559,19.309168712889946,19.444619074607754,67496900
2010-06-01,19.482255935668945,19.79830650238432,19.2038312907543,19.21135647511445,76152400
2010-06-02,19.91118812561035,19.926238499416467,19.361862399230922,19.610187825901257,65718800
2010-06-03,20.212188720703125,20.264863590771203,19.87356250557611,19.978912245712266,67837000
2010-06-04,19.407007217407227,19.993957252382586,19.279081952169644,19.640282194505584,89832200
2010-06-07,19.03076171875,19.437111741722944,18.99313578634714,19.429586555242373,80456200
2010-06-08,18.895307540893555,19.008182445483474,18.549156206831217,19.000657260473176,87355000
2010-06-09,18.65450096130371,19.20382636104056,18.624400231590123,18.978075194034027,87794000
2010-06-10,18.812528610229492,18.925403494834462,18.646978875161004,18.910353127478594,78930900
2010-06-11,19.309185028076172,19.354334708370658,18.639459268458534,18.842634982707413,68057700
2010-06-14,19.188777923583984,19.53492773836821,19.16620237403121,19.459678777089508,50972400
2010-06-15,20.001483917236328,20.054158777065403,19.36938272872285,19.37690791373876,81641500
2010-06-16,19.805831909179688,20.001482398894343,19.73810668445992,19.91870680528525,48698000
2010-06-17,19.843463897705078,20.069213758929696,19.59513847624495,19.98643814001545,47995500
2010-06-18,19.896135330200195,19.963860563916466,19.692959629051387,19.843460467372513,52075600
2010-06-21,19.527416229248047,20.23476666851596,19.482265101844096,20.15199247217438,54625300
2010-06-22,19.391963958740234,19.903665207310777,19.384438771522113,19.6854390838334,55985400
2010-06-23,19.04581069946289,19.3994872884361,18.97808545626728,19.3994872884361,61466200
2010-06-24,18.812528610229492,19.35432891750257,18.759853759765974,19.15867844772234,85243400
2010-06-25,18.45885467529297,18.89530530732249,18.293303495200384,18.850154202597906,156256700
2010-06-28,18.29330062866211,18.519051811063754,18.150326458617815,18.443801416929873,73784800
2010-06-29,17.54080581665039,18.210532984598288,17.39030640996458,18.157856685211733,119882100
2010-06-30,17.315059661865234,17.819235723537865,17.26990997381054,17.5332843501985,81050500
2010-07-01,17.427936553955078,17.548336692457337,17.104360643499177,17.375261672770698,92239400
2010-07-02,17.510698318481445,17.668722836875087,17.34514718269946,17.578423522159213,62485100
2010-07-06,17.924577713012695,18.127753374210773,17.74397760370843,17.834278376001606,73592000
2010-07-07,18.285778045654297,18.300828413677362,17.76655326639735,17.924577824793264,79965300
2010-07-08,18.368549346923828,18.526575303715518,18.037448504112188,18.511524939205497,50758100
2010-07-09,18.263202667236328,18.3685523655558,18.172901900618214,18.308352332904388,53806100
2010-07-12,18.68460464477539,18.7297543146697,18.376079269147034,18.383604453343107,49854200
2010-07-13,18.910350799560547,19.03827603577343,18.737275902120135,18.91787598231211,61928700
2010-07-14,19.14362907409668,19.271554323106898,18.90282894308497,19.188778739840874,72808100
2010-07-15,19.19631004333496,19.25651009528031,18.797483802145486,19.188784857431486,56934700
2010-07-16,18.729755401611328,19.29413133153002,18.72223021697855,19.196306801868285,65064800
2010-07-19,18.985607147216797,19.03828200771899,18.744806964759743,18.782431455037795,38181800
2010-07-20,19.173734664916992,19.173734664916992,18.58678451178191,18.707184616798465,45530700
2010-07-21,18.902822494506836,19.30164703720776,18.79747139666758,19.26402256780328,73297300
2010-07-22,19.44462776184082,19.5575026352741,19.166201734442303,19.19630246617485,73016400
2010-07-23,19.422061920166016,19.580087970179356,19.00066151226811,19.444637480248666,108520100
2010-07-26,19.640283584594727,19.715533999227958,19.414532340695033,19.45968345064434,67249900
2010-07-27,19.685434341430664,19.745634389390176,19.53493350389071,19.670383970620197,60672100
2010-07-28,19.527416229248047,19.708016433015356,19.437115409722974,19.617715613490283,69704800
2010-07-29,19.587610244750977,19.873560120205546,19.26403444141923,19.66285922994054,69446200
2010-07-30,19.422061920166016,19.444637480248666,19.07591194392767,19.376912235283317,83534800
2010-08-02,19.813364028930664,19.85098852904156,19.376913225343934,19.557513409385063,55044600
2010-08-03,19.685434341430664,19.828409993565387,19.54245868929594,19.7155350830516,56877700
2010-08-04,19.361860275268555,19.745636153529098,19.14363562014932,19.67791091411356,78531900
2010-08-05,19.09095573425293,19.248980294492647,18.970554223945673,19.181255072880738,64922100
2010-08-06,19.226408004760742,19.23393319013704,18.827583226793383,18.947983322249456,55982100
2010-08-09,19.271554946899414,19.361854281310666,19.09095484279487,19.226403844411745,57096500
2010-08-10,18.865201950073242,19.06837758726224,18.722226342205214,19.06085240418688,87257700
2010-08-11,18.707181930541992,18.73728123483279,18.481430689590837,18.57173147302775,76746900
2010-08-12,18.428762435913086,18.571738129566373,18.330937867802593,18.376087558062608,70240500
2010-08-13,18.361024856567383,18.56420047926364,18.240624806513704,18.323400379156286,45263500
2010-08-16,18.436283111572266,18.519058719526843,18.285782267160748,18.330933381653658,40909700
2010-08-17,18.693496704101562,18.882625572947294,18.610280983007797,18.693496704101562,52912600
2010-08-18,18.77671241760254,18.875060229850497,18.46654121209187,18.670800720971183,46818900
2010-08-19,18.489238739013672,18.716192805884695,18.315239081944533,18.62541175631179,54064600
2010-08-20,18.330364227294922,18.458971877976218,18.307669693193613,18.39088538979563,49560100
2010-08-23,18.368194580078125,18.640539145083455,18.33793327122274,18.48923692962241,51643000
2010-08-24,18.186626434326172,18.421145746606783,18.15636513316054,18.224451617844952,66522500
2010-08-25,18.23202133178711,18.322802371259495,18.0580231370162,18.156369503601052,47404800
2010-08-26,18.02019500732422,18.300106315522438,17.997500470807125,18.224454493608988,49105300
2010-08-27,18.103422164916992,18.171508697989584,17.78568549155798,18.065595511577058,60939400
2010-08-30,17.8840274810791,18.020200513544403,17.853767608830662,17.959679326108596,45453100
2010-08-31,17.755416870117188,17.952111057811354,17.641939842623277,17.853764685433617,66074600
2010-09-01,18.080717086791992,18.118543721122865,17.808372534302485,17.906718897685643,65235900
2010-09-02,18.110977172851562,18.118542499207532,17.936977552541197,18.06558521471575,48837100
2010-09-03,18.375757217407227,18.49679954923306,18.30767072538789,18.337930586875142,64189100
2010-09-07,18.126108169555664,18.383323519261893,18.095848304087134,18.232021306042032,51928700
2010-09-08,18.103422164916992,18.307681764134774,17.959683768103815,18.20933390839023,65512400
2010-09-09,18.1639404296875,18.31524268975943,18.148809770798593,18.30011347380957,46028900
2010-09-10,18.042896270751953,18.17906930148757,17.997505741486382,18.141242657983835,58284300
2010-09-13,18.99610710144043,19.13228013976371,18.224460846234475,18.3076780236407,114680400
2010-09-14,18.93558120727539,19.17766590729221,18.82966806881406,18.943146534518245,87160400
2010-09-15,19.00366973876953,19.0793201333989,18.852366063633216,18.988539082668144,56201900
2010-09-16,19.162538528442383,19.192799842586656,18.9507136582491,18.95827898678517,44548300
2010-09-17,19.079320907592773,19.313841757864243,18.973409196462978,19.21549393215328,70341600
2010-09-20,19.238187789916992,19.306274294668416,18.996103080995795,19.124710762977518,49838700
2010-09-21,19.026363372802734,19.230622891615997,18.973407521911604,19.230622891615997,52675700
2010-09-22,18.617843627929688,18.890188178622093,18.42871478633898,18.829667007030608,94299400
2010-09-23,18.481670379638672,18.602712721174647,18.428714535584,18.54219155040666,46201800
2010-09-24,18.7464542388916,18.761583451959048,18.59515056470694,18.64054108978683,51948800
2010-09-27,18.708627700805664,18.905321901141857,18.602715994062635,18.799410194398824,43603300
2010-09-28,18.670806884765625,18.83723981197922,18.421156772475676,18.76158795672245,56041200
2010-09-29,18.53463363647461,18.65567602642054,18.458981782023628,18.632980037203513,44318900
2010-09-30,18.527067184448242,18.784282608237152,18.428720789676728,18.617849692878043,61262700
2010-10-01,18.4438533782959,18.776720712827643,18.38333217592097,18.738895502445548,62672300
2010-10-04,18.088285446166992,18.148806628304236,17.98993906629602,18.12611064390072,98143400
2010-10-05,18.421154022216797,18.496805866178825,18.088286774547218,18.201763819020808,78152900
2010-10-06,18.481670379638672,18.564887530546603,18.25471490705482,18.39845322873074,50489700
2010-10-07,18.557323455810547,18.723756325916344,18.368194604033615,18.625409957885335,50096100
2010-10-08,18.587587356567383,18.648108544555768,18.43628510806589,18.62541400089696,41327800
2010-10-11,18.602720260620117,18.716197321433587,18.534633735544215,18.716197321433587,27587800
2010-10-12,18.784286499023438,18.859938364561526,18.4816804798104,18.64811342964274,50141500
2010-10-13,19.17009735107422,19.321400984568747,18.829664897180727,18.928012691833686,75336500
2010-10-14,19.086883544921875,19.170100702184833,18.91288534604355,19.1322755086682,51949100
2010-10-15,19.3214054107666,19.328969295529532,19.0868845808316,19.185232398014335,68954800
2010-10-18,19.533227920532227,19.631575733213126,19.253318023077526,19.359229720175126,48330500
2010-10-19,18.988540649414062,19.19280019481992,18.875063605168222,19.117148351009725,66150900
2010-10-20,19.14740753173828,19.215494044416317,18.988539964115432,19.109582332667753,56283600
2010-10-21,19.230628967285156,19.321411485307745,18.95071752607642,19.215498307124864,50032400
2010-10-22,19.200366973876953,19.321410807976818,19.117151231790896,19.306280148346943,25837900
2010-10-25,19.056621551513672,19.17766388878199,19.041490898620513,19.094446740808092,50912400
2010-10-26,19.59375,19.646705850990852,18.958276902232328,19.003668868457673,69304200
2010-10-27,19.707231521606445,19.752623498178107,19.381931013810515,19.510538728218783,64805500
2010-10-28,19.881227493286133,19.956877887541765,19.60888145656178,19.828270197192904,80730300
2010-10-29,20.176267623901367,20.577221342087377,20.032529280711856,20.53939470285922,114193200
2010-11-01,20.388093948364258,20.592352043204606,20.19896506736993,20.335136649617212,61912100
2010-11-02,20.7209529876709,20.743648965452277,20.44104314305914,20.471303003829263,54402100
2010-11-03,20.448619842529297,20.79661637110283,20.395662531584502,20.77392038069792,110255300
2010-11-04,20.531829833984375,20.75122001759573,20.433483455670206,20.736089361566236,93599300
2010-11-05,20.312435150146484,20.56965045563481,20.070350496260613,20.554519804032356,110953700
2010-11-08,20.28217887878418,21.84060174994856,20.108180671003474,20.183832504846,71670800
2010-11-09,20.388093948364258,20.50913631676552,20.206528952823515,20.282180793809015,58538600
2010-11-10,20.380535125732422,20.48644687115737,20.28218726817556,20.433490998444896,52277300
2010-11-11,20.183834075927734,20.214093946056902,19.881228159941923,20.183834075927734,62073100
2010-11-12,19.87366485595703,20.062793753079717,19.745057148196047,20.024967107891793,64962200
2010-11-15,19.820711135864258,20.047665259742292,19.798015146300802,19.919057538094304,51794600
2010-11-16,19.645631790161133,19.820700518686753,19.52384573228508,19.820700518686753,65339200
2010-11-17,19.462963104248047,19.72175897848485,19.447739475927033,19.714147164324345,58299700
2010-11-18,19.668474197387695,19.8511533490031,19.493406858565212,19.56952208288466,59514000
2010-11-19,19.554298400878906,19.660860868150838,19.48579354283131,19.638025431533396,52423200
2010-11-22,19.584741592407227,19.592353403600388,19.36400487502364,19.523848554666454,53350500
2010-11-23,19.120426177978516,19.485784279338883,19.097590752216977,19.462948853577345,69742500
2010-11-24,19.31072235107422,19.379225743601175,19.15087723036615,19.181324473093184,56825900
2010-11-26,19.21938705444336,19.341173153297426,19.158494005016326,19.188939803827434,21356500
2010-11-29,19.265052795410156,19.348781266791665,18.975811228881046,19.17371396463445,56603600
2010-11-30,19.226999282836914,19.386842996612327,19.02909650496866,19.067154117256656,75282100
2010-12-01,19.820707321166992,19.980551032561166,19.455347570342777,19.462959383047952,74123500
2010-12-02,20.46769905090332,20.536203925559935,19.94249694760938,19.972942752009498,91759200
2010-12-03,20.566652297973633,20.597098104026127,20.383973106243186,20.406807097831265,52622000
2010-12-06,20.42963218688965,20.536194631772155,20.36873915384187,20.49813703054395,36264200
2010-12-07,20.45246696472168,20.65036822694556,20.43724334399542,20.612310626934285,57860500
2010-12-08,20.726486206054688,20.734098016905264,20.399185598502303,20.42202103105403,41666800
2010-12-09,20.612319946289062,20.810222749794217,20.55903870146172,20.7645533187715,47148300
2010-12-10,20.810211181640625,20.85588058727625,20.635143916867197,20.696036941649442,37625800
2010-12-13,20.74171257019043,20.893945903721033,20.68081952713912,20.756936193904423,47943900
2010-12-14,21.02334213256836,21.12229277524397,20.74932273469044,20.78738033914924,64070500
2010-12-15,21.198406219482422,21.304968657241734,20.95483410357295,20.95483410357295,69634200
2010-12-16,21.304975509643555,21.304975509643555,21.053791502847087,21.12990817650158,57680200
2010-12-17,21.236473083496094,21.38109463484137,21.122298785825596,21.251696710333484,87456500
2010-12-20,21.167959213256836,21.30496889292263,21.06900858450062,21.27452310399931,52811000
2010-12-21,21.365869522094727,21.419150760515134,21.129909129745123,21.19841399394418,38153000
2010-12-22,21.457212448120117,21.61705618292234,21.29736726151285,21.32020270297247,42252300
2010-12-23,21.540931701660156,21.556155323791035,21.282135932653258,21.289747743718696,24902500
2010-12-27,21.365869522094727,21.46482163785108,21.221247980807288,21.403928586541348,21652800
2010-12-28,21.320199966430664,21.44198606830678,21.282140902216344,21.28975271505921,23042200
2010-12-29,21.289749145507812,21.403924867202612,21.221244293212777,21.266915162612538,19502500
2010-12-30,21.198406219482422,21.312580467339444,21.145125000602764,21.251687438362076,20786100
2010-12-31,21.24408531188965,21.251697125457028,21.03095888741794,21.160356814453444,24752000
2011-01-03,21.297365188598633,21.449598546568854,21.251695761929525,21.350646428346742,53443800
2011-01-04,21.381101608276367,21.44199468368121,21.198422382061846,21.266927273367973,54405600
2011-01-05,21.312583923339844,21.32019573467187,21.137516618116933,21.236467261824146,58998700
2011-01-06,21.936738967895508,21.959574402967295,21.20602246725386,21.343032174075326,88026300
2011-01-07,21.769285202026367,21.875847670582875,21.502877578830354,21.799730999411906,73762000
2011-01-10,21.48004722595215,21.617056976127156,21.343038927582235,21.510494482348857,57573600
2011-01-11,21.396320343017578,21.502882837635305,21.350649458062747,21.46482521864472,50298900
2011-01-12,21.731224060058594,21.761671306333955,21.365865815581905,21.403924873426107,52631100
2011-01-13,21.457212448120117,21.60944436910247,21.32020270297247,21.563774937988267,67077600
2011-01-14,21.540931701660156,21.60182473837916,21.24407832913057,21.37347621363402,62688400
2011-01-18,21.814950942993164,21.87584397929401,21.419145481135395,21.434369103161735,53322700
2011-01-19,21.670337677001953,21.830182865446968,21.518105754269378,21.662725863094565,50005900
2011-01-20,21.578996658325195,21.731228565852227,21.411539672699078,21.693170951921697,58613600
2011-01-21,21.32780647277832,21.63988346266471,21.32780647277832,21.61704802981772,58080300
2011-01-24,21.601821899414062,21.7388315769768,21.304968565897678,21.32780399609291,52047800
2011-01-25,21.655107498168945,21.655107498168945,21.403923539272494,21.419145709656735,42436600
2011-01-26,21.90629768371582,22.066141406718245,21.693171267907655,21.700783081165618,74628800
2011-01-27,21.97480583190918,22.423891266734685,21.685562692144448,21.88346551098212,146938600
2011-01-28,21.122291564941406,22.020464916027628,20.893943047663825,21.997629483578084,141249400
2011-01-31,21.107074737548828,21.236472659473062,20.8711143335005,21.137521990615674,65029000
2011-02-01,21.304975509643555,21.358256745660263,21.01573389192224,21.160353974880497,62810700
2011-02-02,21.266918182373047,21.39631609377013,21.221247306488323,21.259306369725593,45824000
2011-02-03,21.046178817749023,21.28975100190132,20.96245178682463,21.28975100190132,60340100
2011-02-04,21.137516021728516,21.190797247744822,20.93961328809329,21.08423479571221,40412200
2011-02-07,21.46482276916504,21.57138525162228,21.15274568327888,21.16035604476445,68980900
2011-02-08,21.525712966918945,21.57138238879608,21.350644188081215,21.388703249482784,34904200
2011-02-09,21.289749145507812,21.510487325526174,21.244079727912656,21.457206096364395,52905100
2011-02-10,20.932003021240234,21.266915476085376,20.772159331398804,21.25930366440655,76672400
2011-02-11,20.74171257019043,21.16796387154959,20.60470286037382,21.12990626406927,83939700
2011-02-14,20.726486206054688,20.75693344945699,20.513361309456464,20.711262584353538,56766200
2011-02-15,20.642269134521484,20.92556502335011,20.634613791383853,20.703523562710114,44116500
2011-02-16,20.68821144104004,20.726494001020605,20.3666329718907,20.71118039287396,70817900
2011-02-17,20.83368492126465,20.95619231772527,20.603986656221124,20.649926017152637,57207300
2011-02-18,20.718839645385742,20.83368879928574,20.66524347092483,20.77243581984666,68667800
2011-02-22,20.35896873474121,20.749456837596888,20.305372586181996,20.504445038248743,60889000
2011-02-23,20.35896873474121,20.565697988085777,20.23646283506714,20.313029387459814,60234100
2011-02-24,20.496789932250977,20.718831346130607,20.290060661807928,20.397252967792188,64494200
2011-02-25,20.32834243774414,20.634608660996463,20.290059890030392,20.603981454516997,53006300
2011-02-28,20.3513126373291,20.565698699366195,20.29771648691622,20.435535993912524,51379900
2011-03-01,20.02973747253418,20.5044490212739,20.02208066976901,20.3666294922725,60055000
2011-03-02,19.968481063842773,20.1905239245462,19.93785531845452,19.991451468173125,48658200
2011-03-03,20.060367584228516,20.213499280516555,20.045053976483906,20.106306947076327,68271500
2011-03-04,19.86894989013672,20.0909913387798,19.754099303874366,20.075677732560038,70437200
2011-03-07,19.692852020263672,20.113967550472953,19.56268925061881,20.00677373639782,64980400
2011-03-08,19.838319778442383,19.922543139956453,19.639247307836357,19.731127471341313,50549800
2011-03-09,19.82300567626953,19.891915432069997,19.646903616061948,19.76175272226752,39789100
2011-03-10,19.45549201965332,19.685190280085543,19.409552659644064,19.616281970264616,66549500
2011-03-11,19.662216186523438,19.79237888948662,19.41720438338934,19.455486929984463,49905800
2011-03-14,19.669876098632812,19.723472256496223,19.409550651537003,19.51674296726383,54473400
2011-03-15,19.44017219543457,19.501425142652103,19.14156426029728,19.202817207514812,76067300
2011-03-16,18.980783462524414,19.355958097812746,18.89656007855024,19.310017273616264,100725400
2011-03-17,18.973121643066406,19.31001216913611,18.950151237040245,19.187506257767918,62497000
2011-03-18,18.988439559936523,19.279392283186393,18.988439559936523,19.1875120915322,85486700
2011-03-21,19.39423370361328,19.585649354640015,19.25641420121235,19.279384605074345,46878100
2011-03-22,19.37127113342285,19.49377708279008,19.317674963122954,19.37127113342285,30895600
2011-03-23,19.555025100708008,19.608621253419862,19.279386074892034,19.317668623861753,43969000
2011-03-24,19.761751174926758,19.807691982120325,19.52439617930201,19.600962730905785,38696700
2011-03-25,19.616275787353516,19.86894437834398,19.593305384396032,19.853630776372324,57029800
2011-03-28,19.45549201965332,19.69284708348474,19.43252160945573,19.64690772347548,48973200
2011-03-29,19.516748428344727,19.539718842593274,19.371272058876286,19.40189927787435,40763500
2011-03-30,19.60862159729004,19.692843498577513,19.52439823561691,19.600964795284696,41999300
2011-03-31,19.44017219543457,19.662215041839037,19.401889651068156,19.600962094621504,63233700
2011-04-01,19.50908851623535,19.547372533885145,19.378925776997946,19.547372533885145,63114200
2011-04-04,19.562681198120117,19.646904561570746,19.455488888554363,19.486116097222116,35433700
2011-04-05,19.738780975341797,20.04504570187764,19.708153772495507,19.769406717802678,73651100
2011-04-06,20.022071838378906,20.144577707814747,19.800030497670882,19.891909169555184,65581400
2011-04-07,20.060367584228516,20.106306947076327,19.884264015937546,20.05271078035621,46134700
2011-04-08,19.960824966430664,20.1216148816432,19.876601607967643,20.037391523180176,39887600
2011-04-11,19.891918182373047,20.09864747835732,19.754098651716866,20.052708121600535,34286300
2011-04-12,19.631591796875,19.792381728486266,19.562682034810994,19.77706812349743,36920400
2011-04-13,19.623937606811523,19.807697970369084,19.57034144260138,19.63925121383898,38144700
2011-04-14,19.463144302368164,19.478457905609684,19.21047569042543,19.463144302368164,55239900
2011-04-15,19.42486000061035,19.570334837111847,19.279383703723404,19.493768288203693,65080400
2011-04-18,19.20281219482422,19.355945253087018,18.92717327410521,19.218125792727513,58045100
2011-04-19,19.256420135498047,19.271733742791934,19.04203547492753,19.141571001565847,38892400
2011-04-20,19.723472595214844,19.90723147978192,19.532056907909247,19.555027316124807,61608600
2011-04-21,19.539709091186523,19.823003423608004,19.417203197103916,19.746438335095466,46892300
2011-04-25,19.60862159729004,19.616278399295386,19.401892324302715,19.570337587263317,33525100
2011-04-26,20.052711486816406,20.244127209209573,19.65456643374596,19.708162602354275,69200000
2011-04-27,20.198177337646484,20.205834138359076,20.006761700987877,20.136924392331146,52689000
2011-04-28,20.450851440429688,20.573358824517253,20.213496395805755,20.259435752097463,80200000
2011-04-29,19.845975875854492,20.39725245615565,19.417205202286926,20.328342701069804,319317900
2011-05-02,19.646907806396484,19.907233281524213,19.509088265401104,19.861293921321064,89825600
2011-05-03,19.761751174926758,19.792378379722468,19.51673937810308,19.600962730905785,71892900
2011-05-04,19.953170776367188,20.098647107193948,19.746442944586395,19.79238230049482,73292300
2011-05-05,19.746442794799805,19.968484230327704,19.662219425951747,19.94551382235484,55600000
2011-05-06,19.807693481445312,20.075674241764826,19.7158133204889,19.960825135858517,55993000
2011-05-09,19.777074813842773,19.876610359170368,19.65456885326131,19.754104398588908,38696400
2011-05-10,19.65456199645996,19.792381519130174,19.332983597024715,19.43251910762779,120798700
2011-05-11,19.417200088500977,19.6468982380359,19.302349553348296,19.63924143833337,78600000
2011-05-12,19.386579513549805,19.4401756693946,19.218134243696777,19.409549920505736,77400000
2011-05-13,19.164539337158203,19.386580777330554,19.10328637500178,19.35595502644525,66812300
2011-05-16,18.81233787536621,19.195169338716394,18.758741704158965,19.11094594945579,91350900
2011-05-17,18.897111892700195,19.035834806408378,18.704441505874033,18.804629460241944,82882100
2011-05-18,19.028120040893555,19.06665351453317,18.689019887025324,18.904811161297435,53931100
2011-05-19,19.051250457763672,19.174559408043674,18.881701018618333,19.151439898590322,37783600
2011-05-20,18.87398910522461,19.16684888826303,18.835455619541882,19.051245491298346,45451500
2011-05-23,18.627370834350586,18.689025291979405,18.519475900989708,18.658197328185885,52692500
2011-05-24,18.611957550048828,18.719853957411996,18.527183586355676,18.650492506235057,47691800
2011-05-25,18.642784118652344,18.735265066655916,18.619663146672366,18.62737013733236,34904200
2011-05-26,19.01271629333496,19.29016215668617,18.74297742285002,18.76609840144882,78016600
2011-05-27,19.08207893371582,19.18997390056753,18.997303476927378,19.020424456949318,50251000
2011-05-31,19.274742126464844,19.313275608753624,19.035831302366525,19.236207174217938,60196300
2011-06-01,18.82774543762207,19.344101996036734,18.781504968647653,19.259326577951967,74033500
2011-06-02,18.66590690612793,18.997300213046486,18.635080408020244,18.873991280698895,51487800
2011-06-03,18.426990509033203,18.604246862396565,18.373043051049397,18.53488542500082,60697700
2011-06-06,18.504058837890625,18.689022179977925,18.319095495803328,18.41157643186799,54778700
2011-06-07,18.542591094970703,18.62736650574465,18.41928220836744,18.56571206244302,41112600
2011-06-08,18.450115203857422,18.511769663997335,18.38846074371751,18.419287238808327,42205000
2011-06-09,18.465524673461914,18.52718059339973,18.357629753486805,18.50405962342305,42878700
2011-06-10,18.27285385131836,18.51176612489851,18.25744134169867,18.51176612489851,49327200
2011-06-13,18.527172088623047,18.64277394552411,18.265140429003377,18.334501837135488,47572500
2011-06-14,18.66590690612793,18.84316478259121,18.64278740003677,18.727561372301725,42894500
2011-06-15,18.295976638793945,18.504060973896497,18.242029174869167,18.49635398334179,49410200
2011-06-16,18.496355056762695,18.573423496824187,18.226616251526593,18.303684691588085,57184100
2011-06-17,18.69673728942871,18.72756379151855,18.480945894965398,18.66590931738026,83320400
2011-06-20,18.858570098876953,19.004999951385944,18.619659317383864,18.62736630645885,54338400
2011-06-21,19.08207893371582,19.15914739716362,18.804633053287223,18.897115503416316,49708700
2011-06-22,18.997289657592773,19.120598521426324,18.951049201144592,18.95875618887889,44287300
2011-06-23,18.98188591003418,18.99729989380821,18.65049407864289,18.835457474056074,59470400
2011-06-24,18.727556228637695,18.91252104631553,18.642782279656544,18.889400076616294,101387200
2011-06-27,19.42117691040039,19.621552832861852,18.673614817533917,18.673614817533917,92044200
2011-06-28,19.883575439453125,19.97605783519938,19.390339915360585,19.498234818766374,81032100
2011-06-29,19.74485206604004,19.81421201843048,19.544474787029692,19.81421201843048,66051000
2011-06-30,20.0377197265625,20.0377197265625,19.77568788946463,19.83734235290187,52535400
2011-07-01,20.053131103515625,20.168733023690358,19.91440821132268,19.983769657419153,52906200
2011-07-05,20.060834884643555,20.153315818003996,19.96064549188549,20.114782340763465,37805300
2011-07-06,20.29204559326172,20.322873561511056,20.00689276678908,20.01459975885141,48744200
2011-07-07,20.631135940551758,20.715909872420696,20.315156768234953,20.415344676791957,51946500
2011-07-08,20.746749877929688,20.792990364898042,20.430770522055205,20.453891500518672,58320700
2011-07-11,20.523244857788086,20.654260753453734,20.41534993310747,20.51553933741784,43999800
2011-07-12,20.453880310058594,20.64655061530048,20.29974347788197,20.461585828705427,47319300
2011-07-13,20.523244857788086,20.777569658791037,20.43076391376416,20.500125356761156,40861800
2011-07-14,20.399932861328125,20.81610145624969,20.31515892047801,20.515536228778256,46382300
2011-07-15,20.638853073120117,20.75445501518482,20.39994072690015,20.39994072690015,49132400
2011-07-18,20.492416381835938,20.731327179044783,20.238091605463175,20.523242870205806,44501900
2011-07-19,21.224559783935547,21.30162672372235,20.63884192781839,20.66196142177137,86730600
2011-07-20,20.854639053344727,21.07813737329385,20.79298459783431,21.024189908467005,49795400
2011-07-21,20.885465621948242,21.047308005625595,20.538658414128093,20.83922515089158,81737400
2011-07-22,21.21686363220215,21.23227614605666,20.561784019737363,20.700506934136776,76380600
2011-07-25,21.509719848632812,21.648442749319553,20.954829715844113,21.008777183898232,108482400
2011-07-26,21.640735626220703,21.69468309394588,21.40953177312474,21.44035826755702,74636500
2011-07-27,21.062732696533203,21.571382546683253,20.962544713304357,21.48660708167197,71488700
2011-07-28,21.3632869720459,21.6330257445884,20.970239298333915,21.031895218876706,83761400
2011-07-29,21.116668701171875,21.35557950814205,21.00877378253206,21.20915110997602,104394800
2011-08-01,21.016483306884766,21.340169571796764,20.615728603668348,21.20144667684045,61838400
2011-08-02,20.65425682067871,21.155200806929678,20.623430335193103,20.792979680258497,63883100
2011-08-03,20.746749877929688,20.808404350540354,20.407649543591738,20.677388412497866,64581200
2011-08-04,19.991474151611328,20.70820802513234,19.983767161901017,20.446176254813732,92949500
2011-08-05,19.79109001159668,20.114776118139893,19.44428294388699,20.014586756375994,112071700
2011-08-08,18.866283416748047,19.72944737324715,18.79692196176337,19.2824521466561,134257200
2011-08-09,19.714027404785156,19.744855362067195,18.51947198930646,19.043534033479922,126268900
2011-08-10,18.650493621826172,19.33639971342793,18.57342517480209,19.228504769569234,127819900
2011-08-11,19.413463592529297,19.559891990466742,18.80462462125102,18.881693050141156,90690100
2011-08-12,19.344104766845703,19.52906813919514,18.997297524966626,19.3672242696655,64787100
2011-08-15,19.66008186340332,19.71402932394075,19.382636100687343,19.45199754136634,56529400
2011-08-16,19.660083770751953,19.84621456105338,19.42741917344815,19.55926200148283,54251500
2011-08-17,19.58252716064453,19.931523285894933,19.334352795682424,19.58252716064453,50923700
2011-08-18,19.132713317871094,19.45844258533623,18.636364521442736,19.05515844862014,105714200
2011-08-19,18.651872634887695,19.093934906100863,18.54329671524023,18.931069547393705,77397900
2011-08-22,18.59758758544922,18.99311611365137,18.45023495122119,18.938828145331975,54721000
2011-08-23,19.171483993530273,19.194750890771186,18.636358670109942,18.636358670109942,59670600
2011-08-24,19.31108856201172,19.334355466654618,18.938826963141945,19.117202127695865,45329700
2011-08-25,19.055152893066406,19.512724861081654,19.00086494418929,19.450681279616994,48192000
2011-08-26,19.58252716064453,19.65232638569461,18.938824346810602,19.00862357186068,71957000
2011-08-29,20.040096282958984,20.05560754831968,19.6755904223967,19.79967758681091,38863200
2011-08-30,20.34256362915039,20.49767336292767,19.931525349341886,19.95479077394324,57341400
2011-08-31,20.6295108795166,20.714819879809415,20.365825287551896,20.389092185396667,59300800
2011-09-01,20.32704734802246,20.831153118886636,20.32704734802246,20.52093372782078,60510800
2011-09-02,20.009075164794922,20.164184870880625,19.9004992580764,19.99356537757498,43894400
2011-09-06,19.78416633605957,19.846209918312493,19.473948424794965,19.54374763973396,54929300
2011-09-07,20.1641902923584,20.1641902923584,19.83070537007622,19.923771514597178,41961000
2011-09-08,20.334808349609375,20.67604888233625,20.12541212836059,20.164188822863974,65811900
2011-09-09,19.962541580200195,20.30378202443249,19.77641083222868,20.16418359364493,64529200
2011-09-12,20.078876495361328,20.109899031533963,19.59803901857299,19.729881838834814,55046100
2011-09-13,20.19521141052246,20.311542973549027,20.016834769363236,20.102145272559557,48792300
2011-09-14,20.551958084106445,20.784621168835965,20.078874802022494,20.296028099209646,66739200
2011-09-15,20.931983947753906,20.963006494208678,20.404612491914225,20.73034183350718,67808300
2011-09-16,21.032798767089844,21.14913031923063,20.80788981761317,20.97850932880393,89681500
2011-09-19,21.102598190307617,21.180153057637153,20.62951631014595,20.784624565568965,52324900
2011-09-20,20.92422103881836,21.32750512714833,20.885444348463366,21.180151041174703,49211900
2011-09-21,20.156431198120117,20.986264804148117,20.140919930155725,20.97850917016592,72750700
2011-09-22,19.435169219970703,19.89274116928132,19.07841901094106,19.62129995675603,96278300
2011-09-23,19.435169219970703,19.50496843116965,19.14821822214001,19.31108206211382,64768100
2011-09-26,19.72988510131836,19.791928704687063,19.179246827089447,19.535998655886633,51057600
2011-09-27,19.908260345458984,20.102146791566206,19.737640805409658,19.900504710106354,55620700
2011-09-28,19.83846092224121,20.451142796282177,19.784172954513263,20.10990224011713,60736200
2011-09-29,19.737632751464844,20.296024955876568,19.45843590964119,20.148670902776797,63407300
2011-09-30,19.303335189819336,19.776418618359223,19.295579554029274,19.543755461602448,54060500
2011-10-03,19.02413558959961,19.652327160583965,19.01637995548425,19.171488200083523,64592500
2011-10-04,19.652324676513672,19.691101362953095,18.814735527994515,18.8457565812989,83485400
2011-10-05,20.078876495361328,20.288274176818803,19.512728523334182,19.714370570748496,94061300
2011-10-06,20.427875518798828,20.47440785039963,19.931526703760532,20.086634968841924,55111400
2011-10-07,20.358074188232422,20.559716243414663,20.319297495758757,20.427873418073812,52741600
2011-10-10,20.893199920654297,20.916465343104193,20.528692523756227,20.614003017368272,41815300
2011-10-11,20.939735412597656,20.994023378841423,20.722582068386448,20.83115948011012,38826200
2011-10-12,20.908710479736328,21.180151759130236,20.86217815388582,21.07933147324814,52489800
2011-10-13,21.079326629638672,21.09483789443665,20.645021569944657,20.753597465059254,43823500
2011-10-14,21.149120330810547,21.32749539179822,20.955234009066924,21.1801413730872,50947700
2011-10-17,20.92422103881836,21.26546153503879,20.823400756353827,21.02504280051881,39453300
2011-10-18,21.180150985717773,21.249950211562737,20.784622532341615,20.89319992767596,52487900
2011-10-19,21.04055404663086,21.304239701171298,20.947489391637777,21.22668631508907,42880000
2011-10-20,20.97075843811035,21.203421578606086,20.474408136890656,21.141377975858145,76300200
2011-10-21,21.06381607055664,21.08708296853314,20.7846192117814,21.05606043789781,76620600
2011-10-24,21.08708953857422,21.249953437445672,20.97075797091802,20.98626776183234,56897800
2011-10-25,20.792375564575195,21.11810475134924,20.72257634746392,21.001773215909022,53554600
2011-10-26,20.621767044067383,20.986273110078997,20.241749703952337,20.96300767816036,63029900
2011-10-27,21.133621215820312,21.24995277987669,20.668293480358702,21.040555077033552,74512400
2011-10-28,20.92422103881836,21.08708639262835,20.77686843208065,21.04830822303744,57712100
2011-10-31,20.652780532836914,20.939733081484043,20.645026377867726,20.753602298268056,46799000
2011-11-01,20.156431198120117,20.4123612025889,20.055610914823415,20.3115409192922,61182600
2011-11-02,20.171945571899414,20.319299681776975,19.931526798378453,20.24174480925004,53533100
2011-11-03,20.575231552124023,20.62176388807642,20.148680454978805,20.350322549754242,65836100
2011-11-04,20.358074188232422,20.474405744889406,20.16418776739211,20.458894476205543,36549200
2011-11-07,20.784626007080078,20.800137277468977,20.26501028294127,20.327053885260703,42589700
2011-11-08,21.06381607055664,21.09483860119197,20.699310211005606,20.947484539145517,47822500
2011-11-09,20.319293975830078,20.74584343609283,20.210716593087977,20.62175626658964,62950900
2011-11-10,20.3813419342041,20.551961459075216,20.257254738073097,20.52869455508713,32514400
2011-11-11,20.869932174682617,21.001774987096706,20.60624654985444,20.614002183435957,37903000
2011-11-14,20.75360679626465,20.939737619821372,20.668296280754205,20.846671468424862,34199200
2011-11-15,20.89425277709961,21.050530508297772,20.628581528287675,20.753603117096244,43874200
2011-11-16,20.370725631713867,20.714535768346693,20.347285013781512,20.683279623936894,53262800
2011-11-17,19.956592559814453,20.347285430692185,19.8784536875639,20.323843321904512,70977500
2011-11-18,19.76905632019043,19.92533404611381,19.65184877093532,19.909705975446503,47626200
2011-11-21,19.53463363647461,19.729979972839356,19.456494803853857,19.722165940539853,61882500
2011-11-22,19.37055015563965,19.503384279734398,19.261155155833993,19.448687525018965,49204500
2011-11-23,19.120500564575195,19.37054514923817,19.120500564575195,19.229895536107247,49099700
2011-11-25,18.9876708984375,19.27678424774143,18.9876708984375,19.050181691479583,26164600
2011-11-28,19.433059692382812,19.511197056724065,19.292410051969053,19.487756443571566,46766700
2011-11-29,19.40962028503418,19.56589801617451,19.33929545505852,19.393992213845166,40917100
2011-11-30,19.98784637451172,19.995660410445893,19.644036245282734,19.823756091018886,81350900
2011-12-01,19.75343132019043,20.026915126873025,19.690920522895127,19.972218365536506,48545400
2011-12-02,19.7065486907959,20.0191041928078,19.659665961644148,19.99566208304438,52293800
2011-12-05,20.08161163330078,20.159749005347802,19.925333908457066,20.1441224251633,56818400
2011-12-06,20.05035400390625,20.214445751849613,20.011285320782687,20.167561543651665,46175300
2011-12-07,20.00347137451172,20.12849294950947,19.80031094254669,20.058168127276396,62667000
2011-12-08,19.847196578979492,20.097239765742234,19.823755961704833,19.909707375670177,60522200
2011-12-09,20.08161163330078,20.214447252305487,19.925333908457066,19.940961979016404,53788500
2011-12-12,19.933141708374023,19.980024415011645,19.761237457119837,19.855002870395076,38945900
2011-12-13,20.128494262695312,20.39416549949165,20.042541365386256,20.120680227451324,54581100
2011-12-14,19.99566078186035,20.206635284877045,19.980032709701707,20.09724027014154,47926400
2011-12-15,19.972209930419922,20.222253013997268,19.95658335547709,20.097231472208595,46213900
2011-12-16,20.316028594970703,20.448864226168205,20.02691522458498,20.058171368572612,101408100
2011-12-19,19.94877815246582,20.409795850755717,19.89407989964541,20.3316569799587,52258300
2011-12-20,20.339468002319336,20.394164756660174,20.16756221396267,20.206632388759537,60767600
2011-12-21,20.128494262695312,20.464490326312728,19.87845109638696,20.32384067267057,64132500
2011-12-22,20.167558670043945,20.20662883797526,19.90970152319534,20.17537270363021,35794100
2011-12-23,20.339468002319336,20.34728203727871,20.105051424662456,20.24570107318163,23205800
2011-12-27,20.3472843170166,20.4254216946154,20.261331413207984,20.28477203033765,21287200
2011-12-28,20.175382614135742,20.43323988764841,20.12849987996305,20.40198522832503,29822500
2011-12-29,20.331661224365234,20.355101847235268,20.206639601140687,20.27696445050141,22616900
2011-12-30,20.284774780273438,20.409797880205343,20.24570608617763,20.3160309278502,27395700
2012-01-03,20.917699813842773,21.066162054058697,20.620772352660424,20.745793970934493,64731500
2012-01-04,21.409969329833984,21.464666094073014,20.92551099768111,20.956765652799817,80516100
2012-01-05,21.628755569458008,21.667824256781675,21.324015635283708,21.39433897439133,56081400
2012-01-06,21.964752197265625,22.0272629927779,21.51154855720789,21.51154855720789,99455500
2012-01-09,21.675642013549805,21.95694137977274,21.660013939787387,21.917871195366693,59706800
2012-01-10,21.753774642944336,21.996003755177902,21.683449821590283,21.824099464298392,60014400
2012-01-11,21.660011291503906,21.863171754450274,21.3865274859751,21.433410211155042,65582400
2012-01-12,21.878793716430664,21.894421783918006,21.605308496900374,21.77721425851204,49370800
2012-01-13,22.07415008544922,22.07415008544922,21.714713312712274,21.824106853914785,60196100
2012-01-17,22.081953048706055,22.386692898015728,22.01162823880775,22.191346535048098,72395300
2012-01-18,22.058521270751953,22.19135691934447,21.85536077935309,22.12103207653813,64860600
2012-01-19,21.972566604614258,22.222609790892236,21.902241772176705,22.00382125771153,74053500
2012-01-20,23.214967727661133,23.238409834485267,22.464838193787656,22.519534952669066,165902900
2012-01-23,23.2305965423584,23.40250235048732,22.93367063162427,23.089946877661987,76078100
2012-01-24,22.925853729248047,23.105572060389193,22.80083215189988,23.0274332019529,51703300
2012-01-25,23.09775733947754,23.168082160944,22.71487858392388,22.71487858392388,59231700
2012-01-26,23.05087661743164,23.207154343191284,22.97273775455182,23.13682951563693,49102800
2012-01-27,22.839906692504883,23.074323327922528,22.79302396157141,23.01181252321952,44187700
2012-01-30,23.13682746887207,23.14464150350628,22.52734618077612,22.63673968490563,51114800
2012-01-31,23.074312210083008,23.207147792369952,22.839895687613705,23.17589165989094,50572400
2012-02-01,23.355615615844727,23.48063719533814,23.25403614139687,23.27747824644243,67409900
2012-02-02,23.402502059936523,23.574406375556244,23.21496818241965,23.363431881130953,52223300
2012-02-03,23.62910270690918,23.75412429606942,23.511895153368318,23.550963841090304,41838500
2012-02-06,23.597850799560547,23.613477382241985,23.418130940160772,23.472829195858576,28039700
2012-02-07,23.715055465698242,23.824448982961712,23.48063886965166,23.558777735000522,39242400
2012-02-08,23.9572811126709,23.965095147103565,23.61347104950701,23.64472718723767,49659100
2012-02-09,24.04323387145996,24.066674484256932,23.816631345258106,23.972909052319707,50481600
2012-02-10,23.83226203918457,24.066677135223337,23.722868526416455,23.94165555195268,44605300
2012-02-13,23.894771575927734,24.043235257155263,23.77756403406379,23.933840259757464,33319800
2012-02-14,23.792530059814453,23.957700622784674,23.477918392118724,23.8554523933536,59644000
2012-02-15,23.63521385192871,23.902634035626832,23.619484400088822,23.855442679734857,43311300
2012-02-16,24.610511779785156,24.815008154588455,23.831846159554267,23.83971163553688,94705100
2012-02-17,24.579057693481445,24.634114542684983,24.34309933969867,24.539731801246525,70036500
2012-02-21,24.728496551513672,24.862206673300662,24.500402196623778,24.523998629946128,50829900
2012-02-22,24.594783782958984,24.91726083606192,24.523995990796262,24.736359367284436,49253200
2012-02-23,24.67343521118164,24.846471190121356,24.382418587315616,24.53972511375988,35034700
2012-02-24,24.759952545166016,24.775683497907792,24.57118561282335,24.759952545166016,35575400
2012-02-27,24.65770149230957,24.77568062381433,24.46106910640628,24.571182762452587,34568400
2012-02-28,25.066699981689453,25.113891339462743,24.681299142617906,24.704895571597657,45230600
2012-02-29,24.964454650878906,25.168952570536895,24.86220644114315,25.082433816016003,59323600
2012-03-01,25.39704704284668,25.475698819850656,25.050973523320536,25.113895845035607,77344100
2012-03-02,25.23187255859375,25.515020711679522,25.16894874654858,25.41277401766487,47314200
2012-03-05,25.01165199279785,25.20828448173553,24.870077860919668,25.176822563415822,45240000
2012-03-06,24.8228759765625,25.15321849812186,24.76781913966699,24.807146523296847,51932900
2012-03-07,25.043113708496094,25.10603604443958,24.799289844238444,24.909403557092837,34340400
2012-03-08,25.17681312561035,25.33411965786714,25.090295883036763,25.200411055691024,36747400
2012-03-09,25.16108512878418,25.29479523888532,25.106028289363653,25.247602376365133,34628400
2012-03-12,25.20041275024414,25.32625738443724,25.02737525308884,25.14535441012158,34073600
2012-03-13,25.6959228515625,25.711653804990583,25.286930063922643,25.35771785416273,48951700
2012-03-14,25.774580001831055,25.861098753498784,25.554352634220734,25.585811543613026,41986900
2012-03-15,25.837501525878906,25.90828932459527,25.62514113010275,25.790311660316622,49068300
2012-03-16,25.640867233276367,25.916154430791376,25.562215462770776,25.88469252244005,65626400
2012-03-19,25.32625961303711,25.648736704056805,25.28693372396115,25.59367985927586,44789200
2012-03-20,25.16108512878418,25.286931261984982,24.964452702175812,25.247602376365133,41566800
2012-03-21,25.098163604736328,25.286932060404606,25.027375808907326,25.137489491225146,37928600
2012-03-22,25.1689510345459,25.23973882934547,25.003780513471156,25.019509967726094,31749500
2012-03-23,25.17681312561035,25.255467891925022,24.948720304042904,25.24760091510728,35912200
2012-03-26,25.633007049560547,25.648738006064086,25.286935007602217,25.31839392023613,36758300
2012-03-27,25.57794761657715,25.71952321042542,25.483564887469253,25.680197323328205,36274900
2012-03-28,25.31839370727539,25.71952559380864,25.200416035050953,25.577949986840803,41344800
2012-03-29,25.263324737548828,25.318381558242496,25.01950103154008,25.21613489145237,37038500
2012-03-30,25.373445510864258,25.491426160010615,25.200411025921486,25.483562183574712,31749400
2012-04-02,25.39704704284668,25.530755663828035,25.129626800510998,25.3419901988693,35853600
2012-04-03,25.121763229370117,25.3183941869897,24.901534336560015,25.294799252172382,42752100
2012-04-04,24.547590255737305,24.92512563709634,24.421745628679723,24.901529206953185,49455900
2012-04-05,24.791412353515625,24.877929585904365,24.421742496285756,24.500395753155054,50368600
2012-04-09,24.461071014404297,24.6970292958189,24.35882132565478,24.55545372689567,31056400
2012-04-10,23.96556282043457,24.531865244930774,23.831852692449253,24.42961552931382,54131300
2012-04-11,23.871170043945312,24.012745590528716,23.776785846161065,23.934092342406167,43014000
2012-04-12,24.36669158935547,24.413884455059893,23.926235344086045,23.973426709604013,38304000
2012-04-13,24.23297691345215,24.508262577550614,24.16218912839294,24.295899222372984,39749200
2012-04-16,24.445344924926758,24.531863678742628,24.20152111893876,24.37455712638404,38124800
2012-04-17,24.728496551513672,24.862206673300662,24.53972958549436,24.594786429726682,34361500
2012-04-18,24.49253273010254,24.626242830114084,24.413880965543242,24.602647900820795,40552900
2012-04-19,24.390291213989258,24.917266281825096,24.335234363648997,24.48467395737638,54781200
2012-04-20,25.499292373657227,25.868962306401542,25.208277214035537,25.286931987158162,106045000
2012-04-23,25.263324737548828,25.562206764437093,25.192536968032442,25.41276725117881,61398200
2012-04-24,25.10603141784668,25.57794960055014,25.035243615431835,25.334124281038317,40871100
2012-04-25,25.32625961303711,25.420642346894017,25.066704844650854,25.106030733726815,62495500
2012-04-26,25.255464553833008,25.349847260563212,25.106023517959763,25.263328529238795,40308100
2012-04-27,25.15322494506836,25.341993434501774,25.07457165783555,25.26333864708229,41419100
2012-04-30,25.18468475341797,25.25547255598766,25.106031472764254,25.153222841081863,35697200
2012-05-01,25.17681312561035,25.43636935388994,25.1296232661941,25.208275032136218,43832300
2012-05-02,25.01165199279785,25.113901727150072,24.885807319892685,25.05097939069749,37385300
2012-05-03,24.980182647705078,25.090296322099984,24.862203496541067,25.074565368561768,31501300
2012-05-04,24.36669158935547,24.8307442674771,24.3195002238375,24.736361536441173,57927200
2012-05-07,24.107139587402344,24.272311635896205,24.04421725944912,24.146466979989757,48641400
2012-05-08,23.989152908325195,24.209381737386675,23.7295981991606,23.97342195620948,46328300
2012-05-09,24.193653106689453,24.24870994419107,23.6745436385509,23.74533142967764,50309300
2012-05-10,24.17792510986328,24.398153986988582,23.949832255150014,24.272309342970264,43839200
2012-05-11,24.508272171020508,24.807154380527965,24.13860364893156,24.13860364893156,43459300
2012-05-14,24.13072967529297,24.41388082669203,24.099267769499193,24.24084334519872,40528900
2012-05-15,23.916973114013672,24.384070704690576,23.869472099207727,24.257400325188026,61822800
2012-05-16,23.67154884338379,24.00405895867006,23.544878467087113,23.99614187139777,60083700
2012-05-17,23.52904510498047,23.916973334537623,23.52112801743481,23.742801938623202,48484000
2012-05-18,23.172788619995117,23.600300839873242,23.09361924297168,23.584468172492773,56205300
2012-05-21,23.552793502807617,23.584461849138332,23.0065266088417,23.038194955172415,38787900
2012-05-22,23.560712814331055,23.655714842234925,23.354873073832657,23.505294713048794,39504900
2012-05-23,23.04611587524414,23.275705384212266,22.674020294113213,23.23612145474435,65171000
2012-05-24,23.014450073242188,23.196538585014995,22.76902636128622,23.08570236220203,52575000
2012-05-25,23.006526947021484,23.244035017903453,22.966943023556098,23.11736465077836,29507200
2012-05-29,23.402379989624023,23.529050398794162,23.133204992629878,23.259875401800016,37758800
2012-05-30,23.22820281982422,23.33903902297668,23.054031427723203,23.23611990719654,41585500
2012-05-31,23.109451293945312,23.29153978732299,22.91152862461389,23.196536241630646,39134000
2012-06-01,22.52359962463379,22.927360527811434,22.515682536920295,22.76902330363179,56634300
2012-06-04,22.602767944335938,22.784857945413115,22.420679453288873,22.658187559464714,47926300
2012-06-05,22.571107864379883,22.761113500221544,22.47610429144377,22.571107864379883,45715400
2012-06-06,23.23612403869629,23.251958216256327,22.808610304756957,22.864028416186805,46860500
2012-06-07,23.141124725341797,23.51322041605975,23.0936236939846,23.465717874671995,37792800
2012-06-08,23.473623275756836,23.49737453462331,22.998608668635942,23.12527902919754,42551100
2012-06-11,22.879859924316406,23.600298308910308,22.816524731495957,23.536963116089858,46361900
2012-06-12,23.188623428344727,23.196539007235202,22.832361977060888,23.038201758910404,35337900
2012-06-13,23.061952590942383,23.307377828839172,22.998617386653297,23.1332048845214,32984600
2012-06-14,23.22820281982422,23.323204848232038,22.864024350847533,23.220285732451895,39458900
2012-06-15,23.766559600830078,23.8140606288645,23.346962908106388,23.426132294850728,62314400
2012-06-18,23.624048233032227,23.77446987371341,23.52112760676562,23.742801524083678,58679900
2012-06-19,24.304908752441406,24.629501867497474,23.790308511958486,23.90114625346255,75725800
2012-06-20,24.48699188232422,24.58199391407196,24.257400870545396,24.48699188232422,36257100
2012-06-21,23.861557006835938,24.653247699936323,23.798221811789116,24.510743133573428,48456600
2012-06-22,24.304908752441406,24.328658510596963,23.77447584319825,23.988231216750254,45098100
2012-06-25,23.64780616760254,24.004066141277445,23.449883456661887,23.988231961994885,42217200
2012-06-26,23.766559600830078,23.964482312675703,23.703224393440696,23.750725421475117,38421300
2012-06-27,23.88530731201172,24.146565169841587,23.77447110263847,23.901141487645067,33781700
2012-06-28,23.679471969604492,23.79030819962302,23.291543654509262,23.734890084613756,45328400
2012-06-29,24.21782112121582,24.296990501353346,23.861559665612123,24.10698489504148,55227200
2012-07-02,24.194068908691406,24.24157144093578,23.916976844053643,24.24157144093578,30589100
2012-07-03,24.35240936279297,24.35240936279297,23.885311666660964,23.93281269219106,20938100
2012-07-05,24.304908752441406,24.368243957573554,24.051566421882406,24.2178222791233,28801900
2012-07-06,23.901145935058594,24.304908428658646,23.71114032219334,24.23365613508038,38294800
2012-07-09,23.750717163085938,23.93280563226241,23.57654578083408,23.84572069615145,30680800
2012-07-10,23.54488182067871,23.92489300369525,23.362793317570393,23.81405678615631,37534100
2012-07-11,23.196531295776367,23.5448755423358,23.04611118637804,23.521124283469312,39184900
2012-07-12,22.66610336303711,23.101534140347454,22.59485259150791,23.077782876484303,63523600
2012-07-13,23.267784118652344,23.339036386925557,22.737351404857225,22.769019750769697,39085000
2012-07-16,23.307376861572266,23.378629152194282,22.99070085326904,23.33904370738743,27900600
2012-07-17,23.481538772583008,23.63987746758198,23.11736188812696,23.465704601077167,33771300
2012-07-18,24.106983184814453,24.106983184814453,23.32320803808985,23.43404576643133,41090400
2012-07-19,24.28114891052246,24.384068016259818,24.051557929218554,24.154478544985775,46663200
2012-07-20,23.845722198486328,24.581993208503604,23.790302586522426,24.542409281416557,64021700
2012-07-23,23.180709838867188,23.4182165022244,22.966952935827372,23.41029941210842,55151900
2012-07-24,23.07777976989746,23.244035574498945,22.87985712777136,23.14903204186525,47723300
2012-07-25,22.824445724487305,23.220291124849577,22.784861788463225,23.149038831981937,45579500
2012-07-26,23.0856990814209,23.354874021453615,23.030280977890055,23.14111718495174,45301400
2012-07-27,23.560712814331055,23.63196509027396,23.101532319382326,23.33903889917201,44242600
2012-07-30,23.465707778930664,23.608212321722537,23.32320323613879,23.55279422397679,28905000
2012-07-31,23.33112144470215,23.52112700754996,23.220285243881754,23.33903853190789,37620900
2012-08-01,23.283626556396484,23.473632169226427,23.12528779068968,23.426131143526536,31721800
2012-08-02,23.109451293945312,23.378626245038458,22.935278378514376,23.125283959868927,39520500
2012-08-03,23.552793502807617,23.703215127818783,23.339036695164886,23.378622128078277,35859400
2012-08-06,23.71113395690918,23.83780433148119,23.600296246636187,23.750717882701693,27471800
2012-08-07,23.956560134887695,24.02781241682135,23.64780125319526,23.806138483024398,28002900
2012-08-08,24.011978149414062,24.122814360875513,23.837806744256056,23.916974603854158,26257600
2012-08-09,24.14656639099121,24.265319694186772,23.988227646710346,24.059479930633717,24920800
2012-08-10,24.083227157592773,24.24156587532724,23.948639700527455,24.146562342680575,27810300
2012-08-13,24.059473037719727,24.11489112933198,23.877384590985248,24.027806203954043,23049100
2012-08-14,24.011661529541016,24.218864903832614,23.916030138350163,24.147140600422695,34551400
2012-08-15,24.067445755004883,24.131200515784982,23.923997163241314,23.995721459123097,24351000
2012-08-16,24.529664993286133,24.6571744984337,24.115258341539942,24.19495216226547,35787200
2012-08-17,24.62530517578125,24.641244249637754,24.3782556111404,24.641244249637754,32589900
2012-08-20,24.497800827026367,24.58546423181844,24.37029124916556,24.561555615956767,23737700
2012-08-21,24.54560661315918,24.6731161394587,24.39419000069941,24.51372999160103,28822700
2012-08-22,24.33841323852539,24.51373851816188,24.282626471335888,24.37825940934105,33437400
2012-08-23,24.11526107788086,24.226831527536497,23.97181248830454,24.218861992556327,28355600
2012-08-24,24.354347229003906,24.410132467991662,24.051512423055897,24.107297662043653,22943300
2012-08-27,24.45794677734375,24.673118170667212,24.378252936837413,24.649211082538816,34691100
2012-08-28,24.410127639770508,24.545606701958054,24.32246579014336,24.46591438775764,23947900
2012-08-29,24.426069259643555,24.505763102194,24.25871355831788,24.426069259643555,23346800
2012-08-30,24.1630802154541,24.394192202755292,24.0833863743146,24.33043743385041,23982100
2012-08-31,24.561546325683594,24.67311678410235,24.210894359181577,24.386221102449333,36590100
2012-09-04,24.21886444091797,24.43403734703496,24.02760014215849,24.266681655632986,48556700
2012-09-05,24.21886444091797,24.330436421886148,24.075415836839976,24.083385372625813,33650000
2012-09-06,24.98392105102539,24.99189058613977,24.2746476261795,24.306525766637023,48371700
2012-09-07,24.665149688720703,24.760781079494965,24.489822938911974,24.736873991818175,42649100
2012-09-10,24.481855392456055,24.625304010307936,24.314499684984643,24.56951877448413,40524000
2012-09-11,24.537647247314453,24.633278665732437,24.394198599653485,24.457953385276806,25191800
2012-09-12,24.529664993286133,24.84843875615505,24.48981732290677,24.6571744984337,32775800
2012-09-13,24.65718650817871,24.84845085905895,24.226840578672718,24.61733881839078,45047300
2012-09-14,24.872346878051758,24.904225015687803,24.553573101857605,24.712960749971312,51422800
2012-09-17,24.872346878051758,24.912194550096817,24.736869353198347,24.856409329267,36488500
2012-09-18,24.848451614379883,24.872358708945406,24.728911581450305,24.784696828815175,34542700
2012-09-19,24.74485206604004,24.856424094006833,24.73688404693128,24.776730222611743,48871900
2012-09-20,25.06362533569336,25.087532430974292,24.63327938022815,24.66515753398144,45543000
2012-09-21,24.85641098022461,25.191123847468344,24.77671715087451,25.047675258644833,102348900
2012-09-24,24.529664993286133,24.760775401353648,24.418093036257112,24.704990182855738,46825900
2012-09-25,24.21886444091797,24.70499548361927,24.19495735359399,24.665149324723618,54266400
2012-09-26,24.043542861938477,24.38622535255816,23.93994192106994,24.131206248850606,54672000
2012-09-27,24.035573959350586,24.22683829217958,23.820401014905293,24.04354349655602,47129900
2012-09-28,23.716794967651367,24.1152626219734,23.700855896670454,24.051507858083216,54229300
2012-10-01,23.50162124633789,23.892119351491818,23.445836019892106,23.7566402929663,54042700
2012-10-02,23.63709831237793,23.82039304668712,23.50958879981212,23.65303738145698,43338900
2012-10-03,23.79649543762207,23.90009638781779,23.645077261150888,23.708832042817612,46655900
2012-10-04,23.93196678161621,23.93196678161621,23.565375765830012,23.884149570839703,43634900
2012-10-05,23.788522720336914,24.107296586063242,23.70085933724954,24.091357512768504,41133900
2012-10-08,23.732736587524414,23.844307056306523,23.54944029162485,23.62116459870867,29752000
2012-10-09,23.334278106689453,23.700867803212347,23.254584231782754,23.65305208628202,45121100
2012-10-10,23.095195770263672,23.358184485327513,23.071288672552352,23.230674897419846,47227100
2012-10-11,23.07127571105957,23.31035567406226,23.007520952923297,23.286447069748657,41488500
2012-10-12,23.27051544189453,23.366146843417624,22.951740050060966,23.087219135580114,46464700
2012-10-15,23.517562866210938,23.684918563690697,23.310359488354862,23.40599240122443,42440200
2012-10-16,23.50162124633789,23.70085506652051,23.366142187812372,23.46974462552605,47739400
2012-10-17,23.581321716308594,23.621167883548022,23.182853963778925,23.35020969022514,44206100
2012-10-18,23.50959587097168,23.692890660411834,23.318331544594944,23.629135884952923,59238500
2012-10-19,22.824228286743164,23.17488027171666,22.71265782244715,23.150971663638842,90470800
2012-10-22,22.314186096191406,22.975642266098603,22.178707048377483,22.895948440319835,83374000
2012-10-23,22.35403823852539,22.473579769239727,22.12292775388066,22.130897290597197,64414800
2012-10-24,22.234498977661133,22.473580527118674,22.210591886739007,22.4417023791775,53320400
2012-10-25,22.21856117248535,22.473581810476478,22.202623617638405,22.465612273036083,54084300
2012-10-26,22.481544494628906,22.585146936742795,22.186679279453802,22.202618350553397,57790000
2012-10-31,22.744537353515625,23.015493994752692,22.712659207467933,22.752505369993884,69464100
2012-11-01,23.52553367614746,23.557410302140987,22.96767828094099,22.983617353954582,72047900
2012-11-02,23.50959587097168,23.724768808158164,23.374116783117273,23.581320183367176,57131600
2012-11-05,23.61319351196289,23.700856885983665,23.37411351740346,23.605225496173308,38070800
2012-11-06,23.79649543762207,24.067453639714127,23.597261554909316,23.76461728677176,43401500
2012-11-07,23.17487907409668,23.7725805648523,23.150970467254396,23.53350057656345,57871800
2012-11-08,22.95970916748047,23.40599409988218,22.95173963082683,23.206760243642243,49841800
2012-11-09,22.975650787353516,23.262548058548806,22.959711712279585,23.01549695500448,43291200
2012-11-12,22.489519119262695,23.119098889861043,22.481549581909498,23.063313648422472,61112300
2012-11-13,21.766372680664062,21.93510351527033,21.493188111043317,21.71012906912864,131689200
2012-11-14,21.565505981445312,21.92707431563513,21.533365892840095,21.88689920487861,76086100
2012-11-15,21.420881271362305,21.66996085846448,21.396776201956044,21.597647182769663,50955600
2012-11-16,21.30839729309082,21.453024666746852,21.163769919434788,21.42891959362945,64083300
2012-11-19,21.477121353149414,21.533364973282954,21.26821538370791,21.533364973282954,57179300
2012-11-20,21.4610595703125,21.533373261897342,21.26018854536001,21.501234694817576,47070400
2012-11-21,21.653894424438477,21.830660352823095,21.428918352611056,21.46105691571548,66360300
2012-11-23,22.256505966186523,22.312749597326448,21.854763992302463,21.87886752992014,57845700
2012-11-26,22.007427215576172,22.16008961124508,21.830661279686613,22.127951046776147,85198700
2012-11-27,21.758346557617188,21.999391143487735,21.72620799467903,21.983322628280703,45018600
2012-11-28,21.983320236206055,22.007423772655866,21.50926460738992,21.702100561608084,53018400
2012-11-29,21.653894424438477,21.98332274201042,21.58158074179838,21.7824517419044,69551400
2012-11-30,21.388744354248047,21.798519837962246,21.284290577988287,21.734241180465503,83690200
2012-12-03,21.236085891723633,21.54944421335302,21.211980816012,21.51730564492854,53173800
2012-12-04,21.18787384033203,21.396778332558952,21.163768768525486,21.29232608644549,49777500
2012-12-05,21.428918838500977,21.637824867250966,21.09949051345941,21.19590773748301,68283800
2012-12-06,21.477121353149414,21.67799230078274,21.380704156498698,21.54139999509113,39182300
2012-12-07,21.26018524169922,21.54943996309074,21.1878730938754,21.54943996309074,46162100
2012-12-10,21.645862579345703,21.669966122082734,21.308399188308265,21.340537756132417,47031100
2012-12-11,21.951183319091797,22.087775664650827,21.734242264523196,21.734242264523196,52282800
2012-12-12,21.88690185546875,22.192226604099247,21.758344550526633,22.11991292850381,43966300
2012-12-13,21.78245735168457,22.111885754096384,21.653900001110422,21.951188299616447,45080100
2012-12-14,21.54140281677246,21.79851741821844,21.45302063035285,21.782448905021003,42077500
2012-12-17,21.7744140625,21.870831272578833,21.436950762176238,21.525334481851772,42046100
2012-12-18,22.144018173217773,22.20026180690226,21.806554838586756,21.89493856724757,50486900
2012-12-19,21.943153381347656,22.280616811392353,21.894944757776845,22.248478239853316,53519900
2012-12-20,22.24043846130371,22.24043846130371,21.814591368607545,21.983323813835906,52607300
2012-12-21,22.055639266967773,22.087777834213906,21.694070807171855,22.055639266967773,98776500
2012-12-24,21.742273330688477,21.894935696763422,21.694064727068344,21.854762115833957,20842400
2012-12-26,21.58157730102539,21.8547619402174,21.45302000405549,21.718169620621396,31631100
2012-12-27,21.66192626953125,21.766380039861474,21.34856802358857,21.605682638979896,39394000
2012-12-28,21.332502365112305,21.613722108240243,21.332502365112305,21.46105969925234,28239900
2012-12-31,21.4610595703125,21.509269719718592,21.187876386299468,21.36464233654891,42749500
2013-01-02,22.192222595214844,22.280604768569393,21.81458423920689,21.89493292341222,52899300
2013-01-03,21.89493751525879,22.21633078695962,21.8226238375606,22.20026074024358,48294400
2013-01-04,21.485157012939453,21.967247608079408,21.47712199089268,21.91100398627577,52521100
2013-01-07,21.444982528686523,21.597643343550477,21.40480742015099,21.509261169819684,37110400
2013-01-08,21.332502365112305,21.525339898846664,21.260188673092998,21.493199799049503,44703100
2013-01-09,21.453025817871094,21.493199409364866,21.340537003144824,21.469094334954036,49047900
2013-01-10,21.26018524169922,21.677997276481623,21.12359443717996,21.412847626047416,71431300
2013-01-11,21.557477951049805,21.637826666098643,21.115562317067603,21.28429323939832,55512100
2013-01-14,21.605684280395508,21.758346669578593,21.50123203465389,21.613719304302418,48324400
2013-01-15,21.86280059814453,21.927080794347596,21.55747732880112,21.55747732880112,48244500
2013-01-16,21.72620391845703,21.878864745688578,21.702098851382875,21.814586099347974,41077400
2013-01-17,21.89493751525879,22.071703431563247,21.74227513650439,21.846728907634663,51685900
2013-01-18,21.89493751525879,21.927077608690873,21.726206622312354,21.774415229936476,52167700
2013-01-22,21.81459617614746,22.055642360663857,21.694073850151522,21.9351185021434,58650600
2013-01-23,22.184192657470703,22.208296195489506,21.85476435600541,21.85476435600541,50387700
2013-01-24,22.200258255004883,22.553791580561022,22.071700960716072,22.256503412214588,101739300
2013-01-25,22.401140213012695,22.68236000698401,22.007433114462685,22.160095551051327,81847700
2013-01-28,22.42523193359375,22.682346495196935,22.304709674407718,22.505580617225664,56056500
2013-01-29,22.505586624145508,22.60200384421939,22.176158312598936,22.352924237750436,49242600
2013-01-30,22.377029418945312,22.65021409803664,22.304715737272662,22.505586734691338,43580500
2013-01-31,22.055639266967773,22.47344983631335,22.01546414225472,22.32882398491929,50530000
2013-02-01,22.441312789916992,22.537730030713906,22.135987951503147,22.232406724824468,55565900
2013-02-04,22.047597885131836,22.513618469767273,22.031527839880024,22.393096195426427,50540000
2013-02-05,22.095808029174805,22.224365335106267,21.983320769615766,22.192226774885388,35410400
2013-02-06,21.967252731323242,22.127950144689297,21.89493904856093,21.999391294481985,41889600
2013-02-07,21.91904640197754,22.00742860925728,21.774419021397982,21.975290042753084,38028300
2013-02-08,22.135984420776367,22.264541743016746,21.943148437415793,21.975288534237972,33318500
2013-02-11,22.385068893432617,22.433277513291383,22.095814109231238,22.216336425140348,32247700
2013-02-12,22.401140213012695,22.49755899731199,22.29668793483599,22.401140213012695,35990900
2013-02-13,22.52166175842285,22.585940430498155,22.401137907322784,22.441313035197616,41715600
2013-02-14,22.52968978881836,22.545758302454797,22.39309746150295,22.43327104437997,32663200
2013-02-15,22.505586624145508,22.6261089154999,22.401132847787377,22.52969169542602,49650900
2013-02-19,22.724319458007812,22.756725647233484,22.521785410983814,22.586596244223006,38781400
2013-02-20,22.578493118286133,22.845837961560886,22.54608693354401,22.789127138262174,44110200
2013-02-21,22.27064323425293,22.473177277720357,22.06000764362135,22.473177277720357,49078500
2013-02-22,22.4893856048584,22.4893856048584,22.262546867117884,22.424574757677178,31425900
2013-02-25,22.173433303833008,22.724324741852996,22.173433303833008,22.659513893544027,48011800
2013-02-26,22.173433303833008,22.359764299569733,22.14912865626245,22.181533307810682,49923300
2013-02-27,22.52988624572754,22.683812549256885,22.141021258591184,22.213933636830763,36394700
2013-02-28,22.52178955078125,22.659512789881376,22.473181803220157,22.58660039593352,35840200
2013-03-01,22.643308639526367,22.667611737912285,22.294949807347155,22.456976129031545,34849700
2013-03-04,22.805339813232422,22.805339813232422,22.440779352970143,22.562299506390904,38157500
2013-03-05,22.967363357543945,23.121289680122796,22.813437034965094,22.918755614439362,41432200
2013-03-06,22.756736755371094,22.87015538259914,22.505594847132034,22.853952280077163,51448500
2013-03-07,22.797237396240234,22.910657540968376,22.691920346006096,22.772934293608333,29196700
2013-03-08,22.68381118774414,22.951156043505502,22.651405001488456,22.88634521620614,37667800
2013-03-11,22.578493118286133,22.659505489717564,22.4164652849994,22.635202396372907,36627500
2013-03-12,22.61089515686035,22.643301337874753,22.39215807064841,22.554185885296906,39255200
2013-03-13,22.619007110595703,22.700021055199755,22.481283868332554,22.578500910899912,29093400
2013-03-14,22.797237396240234,22.813440494803185,22.627109496966813,22.68381879672462,55914800
2013-03-15,22.716218948364258,22.813434423444882,22.667609665611828,22.70811740123885,92710300
2013-03-18,22.764827728271484,22.910652492781633,22.529887486513534,22.586596773775884,44809400
2013-03-19,22.829639434814453,22.862044080825136,22.708119308152963,22.781031693192308,51901600
2013-03-20,22.94305992126465,23.080783154988566,22.82964133297873,22.959263018223314,35447800
2013-03-21,22.772926330566406,22.97546035614537,22.724317051874824,22.772926330566406,34233200
2013-03-22,22.886356353759766,22.959268763105577,22.76483618658766,22.837748595933476,28720900
2013-03-25,22.813440322875977,22.96736666763895,22.651412428892584,22.926858921536844,44154000
2013-03-26,22.813440322875977,22.95926511841853,22.77293412198639,22.878251171426832,27824300
2013-03-27,22.983570098876953,23.048380948366255,22.7486298037204,22.79723755453424,36047400
2013-03-28,23.178003311157227,23.218509513793425,22.89445525706608,22.943063009272038,55453800
2013-04-01,23.178003311157227,23.218509513793425,22.97546920755106,23.20230641465391,29201100
2013-04-02,23.331924438476562,23.372432179938272,23.105087267140334,23.16179655997439,28456500
2013-04-03,23.137489318847656,23.453443485946543,23.121287769293282,23.291415628705465,35062800
2013-04-04,23.16989517211914,23.177996719384836,22.90255029319982,22.999765769963858,45263200
2013-04-05,23.25090980529785,23.31572064017846,22.7729293185988,22.862043250802014,50927300
2013-04-08,23.161794662475586,23.275213238852036,23.064577636144193,23.275213238852036,34759500
2013-04-09,23.988142013549805,24.158269935103593,23.234714829039646,23.275221035539293,77733800
2013-04-10,24.530927658081055,24.56333230648847,23.91522388621662,23.955730083028975,71116700
2013-04-11,23.445341110229492,23.655976699116184,23.275211711615885,23.5749627733579,130923200
2013-04-12,23.32382583618164,23.510156822459187,23.218507247268295,23.372433583642646,62886300
2013-04-15,23.242809295654297,23.477748003132714,23.096984524358323,23.210403104160854,56332900
2013-04-16,23.46964454650879,23.60736775873058,23.250908952566522,23.4129352612196,52797300
2013-04-17,23.356237411499023,23.52636689587669,23.169906369972015,23.372440513861257,52840700
2013-04-18,23.32382583618164,23.477750627343564,23.08888555723066,23.453447526219275,56906600
2013-04-19,24.117767333984375,24.49853098572493,23.988145599552997,23.99624715110658,99790700
2013-04-22,24.976497650146484,25.26004561404405,24.52282183503763,24.54712493080376,137904000
2013-04-23,24.790172576904297,25.033212863406195,24.61194159127128,24.871186520809083,59126900
2013-04-24,25.72992706298828,25.859548737243156,24.790169152034327,24.806372247619247,90946600
2013-04-25,25.87575340270996,26.604875750932536,25.551699197412407,25.689420882603073,110700200
2013-04-26,25.754228591918945,25.908153345724905,25.47878218113388,25.843342516435012,47799300
2013-04-29,26.418546676635742,26.47525597349104,25.73803202394727,25.762335125335284,59116400
2013-04-30,26.815509796142578,26.823612889630034,26.15119828970597,26.3780385509847,75165200
2013-05-01,26.507659912109375,26.799309465634238,26.410441333984664,26.677787788190667,54330900
2013-05-02,26.86412239074707,26.872222394806357,26.24031700373019,26.434751095828652,46059500
2013-05-03,27.131460189819336,27.155763284637025,26.79930450213999,26.920823066652495,46784600
2013-05-06,27.34209442138672,27.471716078730402,26.937026355884694,27.074748014751822,40978300
2013-05-07,26.985639572143555,27.374504600890432,26.928930281936168,27.26108602047566,43078300
2013-05-08,26.726404190063477,26.928938312754266,26.45095765958699,26.791213502303293,51595700
2013-05-09,26.45905113220215,26.734497594673346,26.402341839083785,26.612975914891315,46417800
2013-05-10,26.483356475830078,26.507662668100675,26.183606888175625,26.46715337779133,36394900
2013-05-13,26.758798599243164,26.79120479003759,26.369933580983414,26.418542867175052,36027600
2013-05-14,27.35435676574707,27.35435676574707,26.758810429804637,26.807760594767082,56870100
2013-05-15,27.61541175842285,27.656205109256394,27.272770018510347,27.28908673642462,46303900
2013-05-16,27.80306053161621,27.860167504850555,27.370675161574795,27.444098857461327,59382900
2013-05-17,28.447538375854492,28.447538375854496,27.819358902306295,27.84383552892423,60666700
2013-05-20,28.618858337402344,28.635171936754393,28.29253033266036,28.333320555229484,54020800
2013-05-21,28.43121910095215,28.773863833882164,28.325165139509572,28.635173335857385,48702400
2013-05-22,28.235431671142578,28.42306923961074,28.031477386447353,28.382279005090776,66047500
2013-05-23,27.860158920288086,28.186483936491292,27.656204618125205,27.92542267869046,51102700
2013-05-24,27.958045959472656,27.966202759274495,27.65619457329193,27.672508172895608,33174400
2013-05-28,28.569917678833008,28.700448301603927,28.07226870698902,28.080425509370407,48212100
2013-05-29,28.455705642700195,28.569919556117625,28.20280118292179,28.341491729282765,38412200
2013-05-30,28.57807731628418,28.757558107435294,28.3985996372289,28.431229962087055,51131000
2013-05-31,28.472021102905273,28.782029393602333,28.382280714299853,28.40675423406657,56165700
2013-06-03,29.034927368164062,29.067560795306996,28.414907812922824,28.488328355852072,51252600
2013-06-04,28.54544448852539,29.15730737333255,28.365963713111377,29.059407071054597,65529500
2013-06-05,28.374122619628906,28.46386301399048,28.0885878303837,28.22727526741829,46025100
2013-06-06,28.520967483520508,28.643341303718085,28.137535530286108,28.42307029461976,37618500
2013-06-07,29.100189208984375,29.18992957171647,28.60254348199725,28.75754758265606,40757300
2013-06-10,28.93703842163086,29.083885773407566,28.66781723934163,28.969668745951182,35994500
2013-06-11,28.423078536987305,28.700456579388817,28.292547876568733,28.594399445268596,39435900
2013-06-12,28.553600311279297,28.773871315703477,28.431226493678487,28.66781421458914,37372700
2013-06-13,28.32516860961914,28.569913099070085,28.21911152308889,28.5454395837535,45654900
2013-06-14,28.064105987548828,28.300690551873767,27.94173219296069,28.186476670042097,53192600
2013-06-17,28.553600311279297,28.68413093107561,28.251748836518214,28.300695873882173,49670100
2013-06-18,28.53728675842285,28.692290914084833,28.472022997337312,28.529129955323086,28616500
2013-06-19,28.2191162109375,28.62702479848381,28.2191162109375,28.520967694335017,30816200
2013-06-20,27.321712493896484,28.006998893227777,27.22381221392426,27.949888840529887,54493700
2013-06-21,27.142234802246094,27.517509914593187,26.96275404760392,27.460402967587985,85338500
2013-06-24,27.509353637695312,27.900945472668433,26.571162726840047,26.873014182780633,56109000
2013-06-25,27.468563079833984,28.047795645421168,27.297242218169522,27.803051112743997,44073400
2013-06-26,28.0233154296875,28.12937252138531,27.648040320104702,27.8356778748961,48665900
2013-06-27,28.24358367919922,28.374114274764345,28.14568651054909,28.162003224006593,28993100
2013-06-28,28.178329467773438,28.38228378683011,28.01516539010891,28.047798828061,65545500
2013-07-01,28.03148078918457,28.54544652039348,28.007007267920834,28.349649013996252,31055400
2013-07-02,27.688844680786133,28.09675342859316,27.43594324888771,28.072279899595706,37630000
2013-07-03,27.745948791503906,28.039643557533942,27.411463777324467,27.460413942361622,15994400
2013-07-05,27.909107208251953,27.933583841830355,27.39514458454271,27.811210010225782,26085900
2013-07-08,28.007009506225586,28.219120635686586,27.721471582913587,28.023323113641325,32396900
2013-07-09,28.0233154296875,28.22726969951665,27.851994589933852,28.21095609657408,25318500
2013-07-10,28.308855056762695,28.398595439071954,27.99884367572035,28.01516039178525,29658800
2013-07-11,29.116512298583984,29.181779162900135,28.47201912998658,28.55359959828639,53638300
2013-07-12,29.100189208984375,29.149139346500437,28.782021095366737,29.026768670852338,35501200
2013-07-15,29.508092880249023,29.548886210916987,29.026763944146648,29.092027671445845,34142600
2013-07-16,29.589685440063477,29.7202160465049,29.336781028541605,29.37757125953671,36378500
2013-07-17,29.157306671142578,29.687585957947494,28.953352381118652,29.646795722361805,37285100
2013-07-18,28.912551879882812,29.27967013351244,28.733074265293112,29.140982744416092,49547100
2013-07-19,25.61665916442871,26.652745801388466,25.306649320403668,26.432477901229305,248428500
2013-07-22,26.11430549621582,26.11430549621582,25.779822146604573,25.86140417248309,79040700
2013-07-23,25.959306716918945,26.138787522107577,25.869566314324633,26.032730399760105,65810400
2013-07-24,26.073514938354492,26.2611525063176,26.016407987761173,26.138781803087085,52803100
2013-07-25,25.608503341674805,25.820616016399878,25.494289422995127,25.796142494424483,63213000
2013-07-26,25.796133041381836,25.796133041381836,25.461646655161214,25.502438436918546,38633600
2013-07-29,25.73086929321289,25.77981787821645,25.616653853474634,25.67376079532003,28870700
2013-07-30,25.98377799987793,26.204047460168265,25.739031907486275,25.92667104513422,45799500
2013-07-31,25.975622177124023,26.14694305808075,25.869565059919225,26.08167773828086,43898400
2013-08-01,25.83692741394043,26.179570655459674,25.779820466361826,26.155097138524624,42557900
2013-08-02,26.016408920288086,26.024567278672087,25.755347676191082,25.853246420751336,29199900
2013-08-05,25.861404418945312,26.106148942865584,25.812454269323073,26.024566916209583,30984000
2013-08-06,25.76350212097168,25.836925779226515,25.6003380901726,25.73902704953756,36331500
2013-08-07,26.15509796142578,26.187728281000727,25.4942849745316,25.730872685998133,38078600
2013-08-08,26.83222770690918,26.97907505459596,26.146941121736102,26.301948384347536,59034400
2013-08-09,26.67722511291504,26.840389187875473,26.4895875159441,26.73433207233681,26800700
2013-08-12,26.815919876098633,26.897503491903933,26.481434831538717,26.481434831538717,25493700
2013-08-13,26.479068756103516,26.741969595120864,26.46263706191178,26.709106206737392,39464100
2013-08-14,26.57765007019043,27.407433211242264,26.043634226943016,26.405122019327013,48519600
2013-08-15,26.11758041381836,26.437990609701934,25.337092190958916,26.290108498674876,33338000
2013-08-16,26.125795364379883,26.281893326361185,26.01077663818977,26.11758108423426,32866300
2013-08-19,25.788959503173828,26.26546778081438,25.78074365409225,26.092939651140224,27902500
2013-08-20,25.97791290283203,26.20795033826588,25.77252144004466,25.830030798903124,22979600
2013-08-21,25.969701766967773,26.298326286622327,25.91219239767759,25.969701766967773,37409100
2013-08-22,26.610515594482422,26.692674054384565,26.372260761803393,26.446201808702927,31169900
2013-08-23,28.54941177368164,28.919117013383204,27.933237418853977,28.89446790805321,225493800
2013-08-26,28.056474685668945,28.483686164466967,27.95788452838482,28.261866145640095,72786800
2013-08-27,27.32526969909668,28.015384908810507,27.23490011824964,27.53887850406884,58522300
2013-08-28,27.128108978271484,27.604615615969788,27.111677282623198,27.43208751270103,44257400
2013-08-29,27.563539505004883,27.604617179439405,26.947364986410022,27.05416944716032,45284700
2013-08-30,27.440298080444336,27.506021712612167,27.1856115624853,27.41564897610978,42790200
2013-09-03,26.19152069091797,26.347618653592317,25.70679824253075,26.084717811411917,154507000
2013-09-04,25.63285255432129,25.854674120456956,25.55891150993862,25.788948921784844,142320600
2013-09-05,25.657499313354492,25.83002894455642,25.427461894435105,25.550696449857977,71644900
2013-09-06,25.591777801513672,25.788953432014047,25.57534610721882,25.723228221847254,75434900
2013-09-09,26.010774612426758,26.117579050153136,25.632855074656483,25.649285200680737,49628500
2013-09-10,26.610515594482422,26.618733007485034,26.117577371168725,26.20794854303629,56881200
2013-09-11,26.898069381713867,27.054165776999326,26.725538158053336,26.758401546752985,39087500
2013-09-12,26.856985092163086,26.930926140125397,26.77482976510489,26.881634197500414,32860200
2013-09-13,27.13631820678711,27.169181591965106,26.709103601547866,26.922712471179942,40899000
2013-09-16,26.947362899780273,27.522459699408827,26.889853533219963,27.423872661594782,52839700
2013-09-17,27.05415916442871,27.497805401362324,27.029513195940556,27.4567246085161,84716500
2013-09-18,27.374576568603516,27.440303347411835,26.972011017491138,27.103461441082466,64099900
2013-09-19,27.63747215270996,27.670335535855862,27.374571355592188,27.506021754151075,42026600
2013-09-20,26.939146041870117,27.50602537259929,26.85698757319733,27.448516011540903,102904900
2013-09-23,26.898069381713867,27.087029165698976,26.700892183541225,26.73375557224087,39826100
2013-09-24,26.65981101989746,27.004867153935304,26.413341905009737,27.004867153935304,40685000
2013-09-25,26.709110260009766,26.947365160908767,26.61874062927889,26.692681697350107,28907500
2013-09-26,26.92271614074707,27.11167593023842,26.774834021314653,26.815911691373582,28504000
2013-09-27,27.333494186401367,27.72784538918683,27.004866617067762,27.013084030014728,55348000
2013-09-30,27.341707229614258,27.366356333316364,26.865200723043507,27.111669821892146,39839500
2013-10-01,27.588180541992188,27.61282651263404,27.358139991244133,27.399217653655473,36718700
2013-10-02,27.867515563964844,27.957888320052557,27.349931271140388,27.407440637009774,46946800
2013-10-03,27.818218231201172,27.933236940689458,27.456727276781095,27.83464992313161,38703800
2013-10-04,27.83465576171875,27.92502851928033,27.62104685584131,27.6785562226486,33008100
2013-10-07,27.358144760131836,27.694986665060437,27.27598942098839,27.60461391158747,35069300
2013-10-08,27.119888305664062,27.382792270429853,26.947360223120203,27.36636057675542,41017600
2013-10-09,27.16918182373047,27.39921925388896,27.07880908073251,27.16918182373047,35878600
2013-10-10,27.73607063293457,27.842875105294432,27.3252875758862,27.366368388811846,42875100
2013-10-11,28.0400447845459,28.04825906449865,27.670339506168684,27.670339506168684,30033300
2013-10-14,28.302947998046875,28.344025669313258,27.752497174195973,27.851087346065807,27757900
2013-10-15,28.335813522338867,28.74659653398525,28.319381825789932,28.483692523227955,47097800
2013-10-16,28.459043502807617,28.67265240108078,28.393319857664178,28.426180113223232,35111600
2013-10-17,28.689067840576172,28.74658031305752,28.237207409543057,28.30293415865095,31359200
2013-10-18,28.721942901611328,28.746592009568047,28.204358644897788,28.606924177897206,41811700
2013-10-21,28.746591567993164,28.919119650914148,28.680864793151766,28.738374154125427,27433500
2013-10-22,28.40974998474121,28.83696148966237,28.360454903084854,28.771237848145716,40438500
2013-10-23,27.73607063293457,28.33581665416808,27.662129557304826,28.22079476561269,58600500
2013-10-24,27.703197479248047,28.015390200835093,27.57996136586794,27.785352798818415,53209700
2013-10-25,29.35455322265625,29.814631317468418,29.14094743858044,29.47778937802443,113494000
2013-10-28,29.223093032836914,29.354543425479008,28.976623938386062,29.255956414503583,38383600
2013-10-29,29.182029724121094,29.34634357923734,28.96842077226214,29.272402501136334,31702200
2013-10-30,29.19847297668457,29.403864593345503,29.108100163909384,29.190255556962818,36997700
2013-10-31,29.09164810180664,29.321685548610965,29.03413874010556,29.29703957474626,41682300
2013-11-01,29.190235137939453,29.321685555289744,29.075216414511093,29.305253861367813,40264600
2013-11-04,29.52707862854004,29.559942018164982,29.20666841476017,29.239531804385113,28060700
2013-11-05,30.1021728515625,30.15968221150399,29.38741142512894,29.403843118544376,51681900
2013-11-06,31.367382049560547,31.400245433260107,30.447229244146172,30.595111336769435,88948800
2013-11-07,30.808713912963867,31.227711043209418,30.751204564381624,31.186633384797023,60437400
2013-11-08,31.038738250732422,31.038738250732422,30.677250621130227,30.94836555982609,36737800
2013-11-11,30.882665634155273,31.038762043726535,30.685488417937147,30.96482097939793,26872500
2013-11-12,30.693696975708008,30.89087100100281,30.5622465808366,30.71012866682001,31651600
2013-11-13,31.3509578704834,31.3509578704834,30.315786108082406,30.38150975720642,44957600
2013-11-14,31.235933303833008,31.326306046782847,30.989464181076578,31.112697175442328,46183700
2013-11-15,31.088048934936523,31.235931024604685,30.989461919832653,31.178421671292032,50601300
2013-11-18,30.562244415283203,30.874440256240728,30.455439997635345,30.68547738885436,53277500
2013-11-19,30.413244247436523,30.81886275671055,30.355295588318675,30.504299208237743,44275000
2013-11-20,30.6947021484375,30.9678734084557,30.512585869896235,30.562251649284793,32229900
2013-11-21,30.9595890045166,31.0672002711833,30.84369484705623,30.851974580056996,23064700
2013-11-22,31.100324630737305,31.19138278137083,30.901655172804244,31.067212001817094,27982000
2013-11-25,31.15826416015625,31.414882248244453,31.100318649586896,31.398325936968423,30646800
2013-11-26,30.918201446533203,31.166542950355478,30.918201446533203,31.100317707257965,34465300
2013-11-27,31.125154495239258,31.257601840239662,31.034099511258933,31.10032160486224,26002100
2013-11-29,31.563888549804688,31.69633589337229,31.307270440107697,31.307270440107697,22090400
2013-12-02,31.82878875732422,32.101960069276444,31.5059484987469,31.53078139316229,42950400
2013-12-03,31.712892532348633,31.861896190119555,31.522499671373293,31.572165452101075,52109800
2013-12-04,32.234397888183594,32.26751050945923,31.555604940999896,31.63010675997339,51983600
2013-12-05,31.456254959106445,32.18471648444642,30.777462341559602,32.15988045165393,116305000
2013-12-06,31.754270553588867,31.911550733498437,31.44798676837857,31.803936316827322,36457300
2013-12-09,32.044010162353516,32.17645751078307,31.762559152216493,31.91984254945987,30286000
2013-12-10,31.54733657836914,32.20129680876052,31.472834739998046,31.96123497869874,37828600
2013-12-11,31.133441925048828,31.70462064944095,30.95132559649138,31.505951161736984,39853400
2013-12-12,30.810592651367188,31.15826573232604,30.77748002714435,31.15826573232604,36012800
2013-12-13,30.371856689453125,31.000983885671296,30.313911178984803,30.97614783990381,40066100
2013-12-16,30.53742790222168,30.62848606875431,30.24770024306754,30.404980521209122,31734200
2013-12-17,30.23112678527832,30.719526817935666,30.073846596311427,30.57879977913972,45687700
2013-12-18,30.28079605102539,30.297349201383216,29.41160724097344,30.09867981916035,63192100
2013-12-19,30.00762367248535,30.255961995457646,29.866899780658525,30.222849376983177,34160100
2013-12-20,30.462926864624023,30.570541351374587,29.95797022424992,29.966249962043282,62649100
2013-12-23,30.313901901245117,30.53740729798648,30.25595640851134,30.471185231058957,25128700
2013-12-24,30.6947021484375,30.769200817520343,30.330469591354966,30.396694840931318,14243000
2013-12-26,30.99270248413086,31.034094838919113,30.769197031006215,30.79403307543783,17612800
2013-12-27,30.868532180786133,31.141703383184332,30.769194327374933,31.10859392317364,14563000
2013-12-30,30.868532180786133,30.943033991948013,30.54569205168233,30.810586678526118,16290500
2013-12-31,30.967859268188477,31.108586280383864,30.810579108951053,30.959582694667457,17503500
2014-01-02,30.76092529296875,30.959597890703392,30.711256354086636,30.918205529404723,30632200
2014-01-03,30.553966522216797,30.810584555826434,30.29734848860716,30.794028248065217,31134800
2014-01-06,29.908292770385742,30.537416812274472,29.89173645904742,30.504304189597825,43603700
2014-01-07,30.14007568359375,30.206300930858774,29.974515723224783,30.07385359412232,35802800
2014-01-08,29.602006912231445,29.91657052445144,29.45300641991,29.80067949831608,59971700
2014-01-09,29.4116153717041,29.72617899794195,29.304004075665016,29.701346107747355,36516300
2014-01-10,29.833789825439453,29.924847955476423,29.59372805675897,29.717898808226362,40548800
2014-01-13,28.956331253051758,29.817240670078053,28.832163629580783,29.79240777694269,45901900
2014-01-14,29.618566513061523,29.70134808220285,28.666602151391096,28.749380562738448,41623300
2014-01-15,30.429807662963867,30.45464371319015,29.676512733843698,29.717905098289485,44812600
2014-01-16,30.53742790222168,30.62848606875431,30.057307330224155,30.37186788650732,38018700
2014-01-17,30.1152400970459,30.487749185058345,29.924847264904717,30.487749185058345,46267500
2014-01-21,29.941396713256836,30.47946568024042,29.85034175437934,30.47946568024042,31567300
2014-01-22,29.742727279663086,30.065567396195945,29.59372366314132,30.015898471424382,21904300
2014-01-23,29.850341796875,29.908287297058138,29.403330945925454,29.875174680441223,43954000
2014-01-24,30.47119903564453,31.08376685285831,30.239413801909574,31.00098844224908,76395500
2014-01-27,29.82550621032715,30.537411689482045,29.784117017821323,30.52085538092112,44420800
2014-01-28,30.024171829223633,30.12350649988147,29.593717379316683,29.900001122557153,36205500
2014-01-29,30.347036361694336,30.529152702995038,29.717912062883876,29.784134177487445,52745900
2014-01-30,30.512582778930664,30.529139089647575,29.991070043624784,30.454637270318166,35036300
2014-01-31,31.32382583618164,31.36521503774906,30.26424711864619,30.58708731178317,93162300
2014-02-03,30.198022842407227,31.44799761143586,30.156633639506904,31.241048439140474,64063100
2014-02-04,30.09039878845215,30.78574791182901,30.0076204090615,30.603634845611023,54697900
2014-02-05,29.65167808532715,30.189747213315382,29.635121772088173,30.040743551958453,55814400
2014-02-06,29.949676513671875,30.007622013902875,29.544054854261955,29.635112971137218,35351800
2014-02-07,30.26424217224121,30.289075057564226,29.808951556031595,30.06556961627764,33260500
2014-02-10,30.462926864624023,30.462926864624023,30.040751813209866,30.322202900084218,26767000
2014-02-11,30.769203186035156,30.843705018646617,30.512588218657648,30.52914453232619,32141400
2014-02-12,31.01752281188965,31.12513403799089,30.876795824061674,30.918185000084588,27051800
2014-02-13,31.133441925048828,31.340391150120627,30.901659803462675,30.901659803462675,37635500
2014-02-14,31.141708374023438,31.274155708671632,30.90164975095664,30.95131552782875,31407500
2014-02-18,31.20842933654785,31.508671296970896,31.200090696079613,31.383572601109893,32834000
2014-02-19,31.28347396850586,31.48363623447972,31.033273522142,31.041615339854523,29750400
2014-02-20,31.483633041381836,31.58371257348297,31.191733080473966,31.333512152494656,27526100
2014-02-21,31.675466537475586,31.984047077946215,31.575386964087972,31.642105619188957,38021300
2014-02-24,31.433605194091797,31.675467083631688,31.30850652056837,31.433605194091797,32085100
2014-02-25,31.308507919311523,31.56704709836054,31.150045138374416,31.366887939191784,30736500
2014-02-26,31.25010871887207,31.47529002083045,31.01658560120939,31.34184960279628,41041800
2014-02-27,31.57537269592285,31.60039178259615,31.04994960548769,31.23343139168079,33903400
2014-02-28,31.950698852539062,32.07579756114615,31.542035435553483,31.67547596695165,41215000
2014-03-03,31.5086612701416,31.800564497205634,31.266802595853203,31.62542128837846,29717500
2014-03-04,32.03410720825195,32.092487258693296,31.750545599762223,31.85896705692792,26802400
2014-03-05,31.783897399902344,31.917337931329815,31.633776404362287,31.900657467217226,20520100
2014-03-06,31.817249298095703,31.892309774562868,31.600406507647303,31.808907477670285,23582200
2014-03-07,31.608760833740234,31.99240200681268,31.433617531708396,31.925680142900823,26591600
2014-03-10,31.54202651977539,31.700486111809596,31.458627404277873,31.68380883388795,19006600
2014-03-11,31.708826065063477,31.8839661061785,31.458625551831705,31.583724217711524,25216400
2014-03-12,31.917333602905273,32.0507741162364,31.51701206291191,31.525350703100756,30494100
2014-03-13,31.600393295288086,32.0674364181954,31.391892412440875,32.04241414885346,32169700
2014-03-14,31.44194793701172,31.80890851084121,31.28348515850501,31.400248377947165,27195600
2014-03-17,31.733848571777344,32.034090492505605,31.51700895206942,31.608749892455553,20479600
2014-03-18,32.984867095947266,33.276770489187605,31.875643109760315,31.909000861481005,64063900
2014-03-19,32.75132369995117,32.98484370375678,32.45108187707457,32.918125066157224,35597200
2014-03-20,33.6353874206543,33.902268482425434,32.726322809785984,32.73466145107181,59269800
2014-03-21,33.49360656738281,34.14412878690647,33.36850467217902,33.960650037140496,80721800
2014-03-24,33.77716064453125,33.893920690810056,33.243398614986624,33.643720137145095,46098400
2014-03-25,33.64371871948242,34.18582254747414,33.32679633474238,33.91059972300903,43193100
2014-03-26,33.18502426147461,33.95230651466623,33.0265614446179,33.760485951368324,41977500
2014-03-27,32.82640075683594,33.33514374938682,32.809720293632445,33.14332319475622,35369200
2014-03-28,33.61036682128906,33.89392836134151,33.09328513583109,33.18502610194708,43472700
2014-03-31,34.18581771850586,34.61115826358412,33.69375534123458,33.71877443757093,46886300
2014-04-01,34.54444885253906,34.68623120619388,34.25254868541622,34.319270541600424,32605000
2014-04-02,34.48607635498047,34.74461883198089,34.33595532723492,34.56113686885324,28666700
2014-04-03,34.202491760253906,34.43601496937108,33.952291276137856,34.43601496937108,30139600
2014-04-04,33.25174331665039,34.51942995865651,33.05992275115563,34.40266989109216,51409600
2014-04-07,33.193363189697266,33.58534614239724,33.14332497886627,33.32680372103529,37559600
2014-04-08,33.21003341674805,33.30177435028987,32.69295191488863,33.15165340112548,35918600
2014-04-09,33.75214385986328,33.818862527398636,33.26008135858269,33.30178092347639,27398700
2014-04-10,32.82640075683594,33.93562451734735,32.60121927579834,33.72712349951325,45960800
2014-04-11,32.701290130615234,33.18501388977029,32.526150086013104,32.526150086013104,34330200
2014-04-14,32.67626190185547,32.86808235159723,32.44274190764312,32.61788190330238,32006600
2014-04-15,33.15165328979492,33.326793336074466,32.56784995405755,32.809711835951525,33968700
2014-04-16,33.69377517700195,33.71045246339618,33.28511166791674,33.41021358619101,30615800
2014-04-17,33.368492126464844,33.52695489167474,32.95149020786559,33.368492126464844,36688400
2014-04-21,33.310123443603516,33.48526672691317,33.18502473435176,33.46858626271828,22221200
2014-04-22,33.35181427001953,33.47691293454277,33.21837378564482,33.3267919919372,27056700
2014-04-23,33.10159683227539,33.351800420366644,32.918118230871464,33.351800420366644,24602800
2014-04-24,33.24339294433594,33.33513387404089,32.776349657416205,33.14331337623603,42381600
2014-04-25,33.285091400146484,33.927274705403505,33.15165091992892,33.6020137337152,56876800
2014-04-28,34.08574295043945,34.436026288517716,33.4352208416163,33.476920405763686,50610200
2014-04-29,33.78549575805664,34.352618650623675,33.68541618333079,34.2775581742112,29636200
2014-04-30,33.69377517700195,33.777174334868846,33.50195138725501,33.69377517700195,35458700
2014-05-01,33.360164642333984,33.66040663315071,33.31846507282571,33.560327030036206,28787400
2014-05-02,33.10159683227539,33.64370036451206,33.076577746054575,33.61868127829124,43416600
2014-05-05,32.8847770690918,33.059917140716145,32.77635566126462,32.95983755428404,22460900
2014-05-06,32.57620620727539,32.81806501485374,32.484465233395426,32.76802679744549,27112400
2014-05-07,32.876434326171875,32.95149480926018,32.117490855600145,32.70963608061795,41744500
2014-05-08,33.059913635253906,33.27675642791564,32.5011325569955,32.809713104966974,32120400
2014-05-09,32.97652053833008,33.235059754847505,32.83473819702151,32.97652053833008,29647600
2014-05-12,33.33513641357422,33.37683597166992,33.06825542399491,33.143315901156114,22782600
2014-05-13,33.94825744628906,34.015449996508075,33.469521739688616,33.528313619171676,27004800
2014-05-14,33.797080993652344,33.97345663407169,33.63750028705822,33.847472202962344,18818700
2014-05-15,33.25954818725586,33.93146084066869,33.18395817394276,33.67109452727537,37793200
2014-05-16,33.45273208618164,33.46112955432589,32.98239377216248,33.31834696453247,29867100
2014-05-19,33.385520935058594,33.444312791083796,33.141952843573705,33.2679372230082,24537400
2014-05-20,33.32674026489258,33.54510963143502,33.14196396741418,33.32674026489258,21320900
2014-05-21,33.88945388793945,33.88945388793945,33.37712528670355,33.42751647808503,22398700
2014-05-22,33.67948532104492,33.88945718265721,33.46951345943263,33.839065986376724,20201800
2014-05-23,33.696292877197266,33.906264797525616,33.595507252536486,33.906264797525616,18020000
2014-05-27,33.755088806152344,33.81388069458065,33.435933755803745,33.81388069458065,26160600
2014-05-28,33.6038932800293,33.75507326751369,33.44431582831407,33.71307953852717,25711500
2014-05-29,33.881065368652344,33.88946283479419,33.51991345013242,33.721487880622306,19888200
2014-05-30,34.385005950927734,34.4102047640112,33.805484512691976,33.97346271627151,34567600
2014-06-02,34.259033203125,34.510998969064886,34.16664500803272,34.39341515855418,18504300
2014-06-03,33.83906936645508,34.166624990662136,33.80547309630136,34.099432450354705,18068900
2014-06-04,33.8642692565918,33.90626299764482,33.47792171263664,33.7718811039249,23209000
2014-06-05,34.61175537109375,34.645351632525696,33.93144869863392,34.091026134561915,31865200
2014-06-06,34.83854293823242,34.98972298717085,34.63697167559282,34.83854293823242,24060500
2014-06-09,34.66215896606445,34.838534579536244,34.45218708224089,34.76294457320309,15019200
2014-06-10,34.52777862548828,34.5697723633389,34.31780673231836,34.46058608179383,15117700
2014-06-11,34.31781005859375,34.494185697011766,34.2422200415693,34.37660193806642,18040000
2014-06-12,34.08263397216797,34.3345995642651,33.839065844777,34.27580769957298,29818900
2014-06-13,34.628570556640625,34.91413251162191,34.317812995134275,34.51938425516964,26310000
2014-06-16,34.85533142089844,34.94771955897807,34.46898393794412,34.46898393794412,24205300
2014-06-17,35.00651550292969,35.19968926689348,33.88106598824552,34.67895985082078,22518600
2014-06-18,34.981319427490234,35.056909438795365,34.58657123468379,34.947723154928646,27097000
2014-06-19,34.86372756958008,35.08210010659716,34.712550772151296,34.91412197133397,19828200
2014-06-20,35.00651550292969,35.13249992477939,34.75454986314722,34.813341738965896,47764900
2014-06-23,35.26688766479492,35.27528513248373,35.01491877928606,35.04851505787624,18743900
2014-06-24,35.06529998779297,35.224877445106,34.905722530479935,35.13249251966136,26509100
2014-06-25,35.30046081542969,35.317258945243694,34.821725329435324,35.02329968328774,20049100
2014-06-26,35.04011917114258,35.224892303890286,34.79655094625058,35.216494835822594,23604400
2014-06-27,35.48524475097656,35.51884101790558,34.8637266284552,34.947717295777736,74640000
2014-06-30,35.023319244384766,35.45166058017276,35.023319244384766,35.418064301780674,30793100
2014-07-01,35.16609573364258,35.40126645915621,35.014915697211386,35.15769826669293,26917000
2014-07-02,35.19129180908203,35.19129180908203,34.88053108948903,35.04850925069015,20208100
2014-07-03,35.10730743408203,35.26688815765681,34.905736167558906,35.19969559953743,15969300
2014-07-07,35.26688766479492,35.376070764336795,35.03171691858115,35.06531319717133,21952400
2014-07-08,35.09049987792969,35.275276159255306,34.94772053611746,35.16608988357047,31218200
2014-07-09,34.99811935424805,35.266886369178174,34.88053558741963,35.25848569788051,18445900
2014-07-10,35.014930725097656,35.275297167122815,34.4774028999399,34.74616681251877,21854700
2014-07-11,35.350868225097656,35.350868225097656,34.83853629077616,35.0233125828703,24083000
2014-07-14,35.39287567138672,35.65324207437113,35.30888816276882,35.4600682414155,21881100
2014-07-15,35.65323257446289,35.670030712494174,35.30047808364041,35.55244695019242,28748700
2014-07-16,37.02225112915039,37.21542491450772,35.67842889495718,35.703624500550696,63318000
2014-07-17,37.40018844604492,38.391255928411056,37.16502097698058,38.1728865934108,82180300
2014-07-18,37.534576416015625,37.66056084001728,37.16502701828349,37.50098334634325,43407500
2014-07-21,37.660560607910156,37.929324387134734,37.13983118615216,37.42539310206789,37604400
2014-07-22,37.65216827392578,37.920932089785815,37.45059381007206,37.79494764938755,43095800
2014-07-23,37.68574905395508,38.17288531373397,37.47577719106756,38.17288531373397,52362900
2014-07-24,37.29100799560547,37.794939237201476,37.2238154546371,37.7361473658125,30725300
2014-07-25,37.374996185302734,37.50937806590221,37.2070180335742,37.2070180335742,26737700
2014-07-28,36.929866790771484,37.38340375796329,36.89627051055946,37.257422513044645,29684200
2014-07-29,36.86266326904297,37.03064141623628,36.6526913860305,36.879461404153965,27763100
2014-07-30,36.60230255126953,37.03904127672774,36.35873438228627,37.01384567439046,31921400
2014-07-31,36.24956130981445,36.69470086755708,36.18237194445615,36.434337671406354,31537500
2014-08-01,35.99758529663086,36.32514096845959,35.77921271280029,36.291544693421486,31170300
2014-08-04,36.425926208496094,36.50991689521249,35.95559117855268,36.08997307338181,34277400
2014-08-05,36.18236541748047,36.50152045221625,35.97239348224602,36.375539213426066,26266400
2014-08-06,35.89678955078125,36.257938191869364,35.45164704187113,35.89678955078125,24634000
2014-08-07,36.308349609375,36.493125952663505,35.82121634604765,35.98079387639463,30314900
2014-08-08,36.283145904541016,36.3839315220658,36.039577725265524,36.308341507942956,28942700
2014-08-11,36.283145904541016,36.49311781000257,36.13196587629533,36.333537111344896,20351600
2014-08-12,36.551910400390625,36.6107022787536,36.11516844403917,36.14876471850861,21431100
2014-08-13,37.02225112915039,37.10623861707365,36.551912866595174,36.68629476962276,22889500
2014-08-14,37.181827545166016,37.30780877334889,36.96345495671485,37.022250041234166,19313200
2014-08-15,37.61857223510742,37.71096039813114,37.291016532690556,37.442196580562566,41611300
2014-08-18,37.887332916259766,37.887332916259766,37.526180965564606,37.74455034779283,26891100
2014-08-19,38.30990219116211,38.31835210743258,37.88733545121421,38.00565362257108,28139500
2014-08-20,37.98874282836914,38.3690534616444,37.94648680776694,38.31834430256512,24770500
2014-08-21,38.21693801879883,38.24229099221943,37.88733646861709,37.89578638511447,22285500
2014-08-22,38.15776443481445,38.42820679498395,38.09015223280846,38.32678849197496,18294500
2014-08-25,38.17466735839844,38.40285372278996,38.0648023571165,38.369050842971866,16910000
2014-08-26,38.03945541381836,38.36906016956564,37.98029632984717,38.29299802961293,14873100
2014-08-27,37.92112731933594,38.03099554249171,37.82816214773701,37.94648350863492,21287900
2014-08-28,37.929588317871094,38.01410036924275,37.7014019104539,37.81972007194546,17657600
2014-08-29,38.39440155029297,38.40285146376856,37.91267588400165,38.1070561332133,21607600
2014-09-02,38.107051849365234,38.419750195646635,37.904218485552434,38.394397234142644,22976800
2014-09-03,37.99720764160156,38.12397897704285,37.633799918860774,37.633799918860774,33684500
2014-09-04,38.25074768066406,38.25920082258646,37.79437795865472,37.81128101857048,26475500
2014-09-05,38.80006790161133,38.816970953710495,38.12396193728216,38.12396193728216,36939400
2014-09-08,39.273353576660156,39.552245946695805,38.86768989592662,38.89304286849485,45736700
2014-09-09,39.5184440612793,39.695924560027116,39.231098520364604,39.273357777736614,40302400
2014-09-10,39.58604431152344,39.67055635282888,39.1127684980009,39.569141258476805,27302400
2014-09-11,39.72126388549805,39.72126388549805,39.27334428185032,39.501530652744705,29216400
2014-09-12,39.467735290527344,39.73817775395434,39.38322000575112,39.645212552664724,38244700
2014-09-15,39.0789680480957,39.47617853566677,38.960646669404994,39.33250741171994,37667600
2014-09-16,39.5184440612793,39.59450621104873,39.12123347819774,39.205745545084355,27910600
2014-09-17,39.315608978271484,39.45928011910357,39.07051950092796,39.09587247309167,38311900
2014-09-18,39.450828552246094,39.577599855616626,39.264898167016824,39.374766415009404,35556600
2014-09-19,40.160736083984375,40.20299210554679,39.383211746739235,39.56069219558584,202522400
2014-09-22,39.771976470947266,40.042418884076525,39.704364255701016,39.974806668830276,38686100
2014-09-23,39.34941101074219,39.70436547994606,39.273348878208786,39.59449723874716,33430300
2014-09-24,39.788883209228516,39.81423618032962,39.163483055999826,39.40857252307108,26582700
2014-09-25,38.90993881225586,39.79732815314448,38.901485673659415,39.61985092975231,33077400
2014-09-26,39.2226448059082,39.40012206354487,38.67330675254322,38.81698112105508,27078800
2014-09-29,39.247989654541016,39.349407972707354,38.67329874730928,38.85922910668653,26091000
2014-09-30,39.18037033081055,39.281785398296485,38.88457181674684,39.18882024313152,33033100
2014-10-01,38.7916259765625,39.32405771966544,38.74936672564761,39.10432444497778,38088400
2014-10-02,38.673301696777344,38.96064717230798,38.57188659480417,38.73246399885033,25119400
2014-10-03,38.95219039916992,39.12966760235824,38.5465268387706,38.859225228758696,32453200
2014-10-06,38.95219039916992,39.12966760235824,38.808516074736005,38.97754336421757,20604000
2014-10-07,38.478912353515625,38.81696691244888,38.38594718861262,38.757807848224644,25723700
2014-10-08,39.53533935546875,39.628304545144694,38.318348422079836,38.4366665820572,33031000
2014-10-09,38.74936294555664,39.55224027569383,38.656400984825886,39.2987009145789,34422800
2014-10-10,37.21122360229492,38.977552586236364,37.14361460486256,38.5380828191775,51978100
2014-10-13,36.89006805419922,37.65913919112555,36.75484686168231,37.03373916078014,37100200
2014-10-14,36.95769119262695,37.50702931107278,36.81402003102255,37.07600937840205,38115700
2014-10-15,36.52666091918945,36.670332027439535,35.58010933664655,36.34073056834574,60218700
2014-10-16,36.121009826660156,36.408355366444745,35.68153998793498,35.94352932861035,49040400
2014-10-17,36.87317657470703,37.13516590397406,36.163264285207006,36.50976890127675,40683300
2014-10-20,37.25347900390625,37.30418494075998,36.18015928015527,36.391442614186694,34527900
2014-10-21,37.929588317871094,38.01410036924275,37.34644420205113,37.49011855809667,36433800
2014-10-22,37.507015228271484,38.09015602089426,37.3802439488664,38.03099695021923,33570900
2014-10-23,38.04791259765625,38.41132028006271,37.63379574191565,37.709857889952545,45451900
2014-10-24,38.98601531982422,39.63676860288441,38.1831377251952,39.57760950659975,61076700
2014-10-27,38.80006790161133,38.960642060662146,38.63104060454715,38.63104060454715,30371300
2014-10-28,39.290252685546875,39.29870260091121,38.68175561361773,38.757817747608875,29049800
2014-10-29,39.400115966796875,39.467728182440986,39.163479659898265,39.247991705525514,30276100
2014-10-30,38.91838836669922,39.14657474777469,38.68175207103327,39.14657474777469,30073900
2014-10-31,39.67902374267578,39.69592680179342,39.28180991323348,39.67057060115252,35849700
2014-11-03,40.093135833740234,40.11003889219447,39.49309176629444,39.62831300999953,23130400
2014-11-04,40.2029914855957,40.338212686866925,39.93254908305327,39.97480510396407,21530800
2014-11-05,40.448081970214844,40.48188807739203,39.94100003434056,40.39737280944907,22449600
2014-11-06,41.157989501953125,41.29321069162327,40.38891838121777,40.44807745020299,33037800
2014-11-07,41.141082763671875,41.3439129180381,40.81148134488137,41.3439129180381,28000600
2014-11-10,41.318572998046875,41.538309495891085,41.031227502047045,41.11574277965182,36370100
2014-11-11,41.301666259765625,41.369278475820636,41.11573911347015,41.28476320575187,23445200
2014-11-12,41.22560119628906,41.34391934204145,41.00586795759572,41.03967406321859,22722100
2014-11-13,41.92707824707031,41.96088436468038,41.166456720487744,41.25097201451293,26210400
2014-11-14,41.901710510253906,42.29892096849743,41.74113312013652,42.036931709131466,29081700
2014-11-17,41.800289154052734,42.01157246343302,41.529846775960166,41.75803313696217,30318600
2014-11-18,41.451622009277344,41.95339596225802,41.417602666368765,41.783302491978226,23995500
2014-11-19,41.00936508178711,41.46010985331057,40.762729803524046,41.383567982272446,26177500
2014-11-20,41.417579650878906,41.417579650878906,40.7116932769665,40.82225445784967,21510600
2014-11-21,40.805240631103516,41.71523636764108,40.45655070630184,41.68972349937249,42884800
2014-11-24,40.47357177734375,40.82226180045214,40.30347837098949,40.813758590052274,35434200
2014-11-25,40.371517181396484,40.79674907673283,40.3545075162716,40.53310413369001,28008000
2014-11-26,40.609642028808594,40.813754746061996,40.20992304816237,40.388522892357194,27163600
2014-11-28,40.66067123413086,40.9923515626921,40.49057784289746,40.779735634715756,21534400
2014-12-01,41.349552154541016,41.48562624299491,40.57563016816032,40.720210712040064,31191600
2014-12-02,41.213470458984375,41.71524417584085,40.992351322658855,41.53664757600929,25773500
2014-12-03,40.89030075073242,41.24749398677424,40.66067513716472,41.196464991227444,23534800
2014-12-04,41.53665542602539,41.72375851507333,40.992359069808344,41.15394603672834,30320400
2014-12-05,41.179447174072266,41.64720476333144,41.14543109470354,41.51963392184961,27313400
2014-12-08,40.56713104248047,41.11993066313173,40.354515055092484,41.04338877790156,26663100
2014-12-09,40.47357177734375,40.75422314020568,40.014320553465815,40.06534954865066,24330500
2014-12-10,39.88676071166992,40.53311188877039,39.71666727213953,40.46507645951574,30431800
2014-12-11,40.116371154785156,40.60113844830072,39.6996457587479,40.03983253630862,29060400
2014-12-12,39.92927551269531,40.59263622945797,39.691143445854394,39.7846949816567,34248400
2014-12-15,39.69114685058594,40.54161071190652,39.58909209562087,40.141894903184124,29247800
2014-12-16,38.406944274902344,39.4104917974529,38.3814313995998,39.0362889012141,47801400
2014-12-17,38.90021514892578,39.078811766050734,38.18582543616409,38.31339305799824,34970900
2014-12-18,40.414031982421875,40.414031982421875,39.41048464207562,39.61459734022286,40105600
2014-12-19,40.5330924987793,40.90729529132713,40.11636393349521,40.50757963054632,64551200
2014-12-22,40.805240631103516,40.92430500870492,40.575615083903244,40.635147272703946,26566000
2014-12-23,41.204978942871094,41.50264002706303,40.93283073896347,41.13694026976294,23648100
2014-12-24,40.94132995605469,41.366561888700474,40.89030420046499,41.366561888700474,11437800
2014-12-26,40.72020721435547,41.17095198534287,40.6691782189701,41.17095198534287,13197800
2014-12-29,40.35451126098633,40.6351626509353,40.19292104943607,40.567127228384294,14439500
2014-12-30,39.988807678222656,40.49908465302634,39.83572393692917,40.34600091173286,16384700
2014-12-31,39.50403594970703,40.34599311995724,39.50403594970703,39.7421647260588,21552500
2015-01-02,39.767704010009766,40.329010244412466,39.580604094717806,39.682658888901,27913900
2015-01-05,39.40199279785156,39.742176400533225,39.3339541307579,39.43600888713618,39673900
2015-01-06,38.82366943359375,39.75917821145271,38.73011790695554,39.44450754897456,36447900
2015-01-07,39.316932678222656,39.512538921088094,38.687591417570594,39.10431677368267,29114100
2015-01-08,40.47357177734375,40.60964585357478,39.733669190603884,39.759182066065364,29645200
2015-01-09,40.13338851928711,40.669181661267075,39.88675646470398,40.490585028694476,23944200
2015-01-12,39.63161849975586,40.43105668358628,39.42750896994649,40.32899867441911,23651900
2015-01-13,39.42749786376953,40.74571595702822,39.17235940124552,39.9462812426499,35270600
2015-01-14,39.087303161621094,39.32543515673653,38.7981454309002,39.087303161621094,29719600
2015-01-15,38.67909240722656,39.44451110855673,38.61956020204109,39.30843703323824,32750800
2015-01-16,39.32543182373047,39.35944789649745,38.41543293667518,38.53450054627184,35695300
2015-01-20,39.45302200317383,39.67414444629811,38.755641825804936,39.37648011813273,36161900
2015-01-21,39.05329895019531,39.24040203782866,38.6790960191908,39.07030861673127,39081100
2015-01-22,40.08235549926758,40.090858708879445,39.18936925398838,39.44450771774507,35898000
2015-01-23,40.124881744384766,40.303478361095046,39.8017045968172,40.27796548563983,26211600
2015-01-26,39.98031234741211,40.08237036617829,39.32545790377448,39.97180913464632,42525500
2015-01-27,36.280784606933594,36.74003582526155,35.81303017830853,36.52741988095363,169164000
2015-01-28,35.03059768676758,36.391341516488396,35.005084814621924,36.34881898149182,84507100
2015-01-29,35.72799301147461,35.82154457526708,34.69042908533057,34.809493532243586,63585300
2015-01-30,34.35874938964844,35.362297241973955,34.31622359115401,35.33678111402471,78004900
2015-02-02,35.10715103149414,35.183692917230466,34.21416452741203,34.520332070357334,50352500
2015-02-03,35.37929153442383,35.65994613577052,34.91153710977449,35.40480765362196,52082400
2015-02-04,35.58339309692383,35.89806368465525,35.17517100477638,35.66843814952341,41614800
2015-02-05,36.10219192504883,36.2637788923907,35.600418112052054,35.90658562428903,36548200
2015-02-06,36.068172454833984,36.3913496325542,35.84705327698048,36.29779808814081,34616600
2015-02-09,36.02564239501953,36.34881950532154,35.89807154392988,35.92358766070472,31381100
2015-02-10,36.229759216308594,36.37433975983624,35.87256595158529,36.3488268821452,29670700
2015-02-11,36.042659759521484,36.27228539399115,35.89807921444257,36.27228539399115,38262500
2015-02-12,36.64649200439453,36.64649200439453,36.15322135252605,36.28079224366791,33268800
2015-02-13,37.30984878540039,37.30984878540039,36.69751700974504,36.89312330904932,40264900
2015-02-17,37.32697296142578,37.686708152737744,36.99292894004376,37.6610137154582,33695700
2015-02-18,37.284149169921875,37.42975862305899,37.16423742460308,37.369802750399586,27111700
2015-02-19,37.25845718383789,37.28415162599881,36.873024214672974,36.984372242954,27603400
2015-02-20,37.566802978515625,37.58393369547487,37.07858898090292,37.2670203327542,29721100
2015-02-23,37.81519317626953,37.849451342568656,37.38693505770408,37.4297602160906,32518800
2015-02-24,37.7637939453125,37.94366153722187,37.618184513279054,37.81518608615069,25271700
2015-02-25,37.67814636230469,37.763796669196715,37.51540620492015,37.64388493260797,29759800
2015-02-26,37.73811721801758,37.88372345103044,37.592507717653646,37.67816132591215,28957300
2015-02-27,37.558231353759766,37.85801396254465,37.39549446374495,37.79805809425763,33807700
2015-03-02,37.58393096923828,37.8494488944711,37.3012790609389,37.40406008788871,31924000
2015-03-03,37.07002258300781,37.541109138563314,36.90728567031151,37.30984935693158,31748600
2015-03-04,36.881595611572266,37.010071105070374,36.727422405494046,36.83876717972228,25748700
2015-03-05,36.92441177368164,37.03575978811319,36.67602130585351,36.89015034349504,23193500
2015-03-06,36.28202819824219,36.924415373799306,36.102160573250224,36.83019806527491,36248800
2015-03-09,36.701717376708984,36.94154413132894,36.13641682289404,36.13641682289404,32108000
2015-03-10,35.99937438964844,36.58180565974298,35.99937438964844,36.27345930882823,39159700
2015-03-11,35.95654296875,36.290583701589256,35.83663124592046,36.239194830290536,32215300
2015-03-12,35.134300231933594,35.67390643443451,34.99725774989294,35.3998214703532,59992500
2015-03-13,35.44264602661133,35.51973262564894,34.78312807203411,34.86021467107172,58007700
2015-03-16,35.5968132019043,35.665332796483234,35.356986452503286,35.519726615909306,35273500
2015-03-17,35.71672439575195,35.82807241100551,35.24564116293283,35.434072495650575,31673400
2015-03-18,36.40194320678711,36.68459515766213,35.399820691540235,35.485471015674854,44194800
2015-03-19,36.222068786621094,36.479022978285606,36.1621129174777,36.19637108030977,33879100
2015-03-20,36.7274169921875,36.81306730856211,36.39337618403632,36.45333205896858,71904500
2015-03-23,36.710269927978516,36.9415296000278,36.64174709151265,36.72740063709498,26246100
2015-03-24,36.744537353515625,36.97579379602397,36.61605864781169,36.64175308201279,25513300
2015-03-25,35.51115798950195,36.77023774700006,35.494027274808474,36.76167075597844,43469900
2015-03-26,35.297035217285156,35.63964303722164,35.04864471119872,35.30560220982624,37495600
2015-03-27,35.09148025512695,35.48547704080417,34.97156847403832,35.21995576314292,34401400
2015-03-30,35.08290481567383,35.57968580899963,35.04007965664407,35.202816567897244,35049700
2015-03-31,34.825950622558594,35.142860720457634,34.72316958733327,34.92873165778392,34887200
2015-04-01,34.87733840942383,34.91159657197853,34.526166921277266,34.77455411971035,36865300
2015-04-02,34.509029388427734,34.8944622303294,34.363419973776374,34.82593938405837,37487500
2015-04-06,35.5882568359375,35.7852552217751,34.41483024753489,34.55187274495891,39223700
2015-04-07,35.571109771728516,35.89658677882247,35.38267846644201,35.63963262263224,28809400
2015-04-08,35.476898193359375,35.70815795134323,35.15142440124866,35.511159624323625,24753400
2015-04-09,35.52829360961914,35.6482053616801,35.33129526446898,35.33129526446898,25723900
2015-04-10,35.73386001586914,35.930858366912055,35.46833879454158,35.65677342047406,28022000
2015-04-13,35.76811218261719,36.02506963572292,35.45120212909645,35.45976912011984,30276700
2015-04-14,35.67390060424805,35.999374403808346,35.45120456523315,35.802376072279756,24244400
2015-04-15,36.19636535644531,36.36766921291602,35.699587766764495,35.7681073489432,27343600
2015-04-16,36.110721588134766,36.26489476008702,35.81950595970828,35.930853976640435,22509700
2015-04-17,35.64820861816406,35.750992929905884,35.254211891871904,35.691033781047906,42387600
2015-04-20,36.75312423706055,36.97581709762259,35.699609295366464,35.74243446847248,46057700
2015-04-21,36.52184295654297,36.95866796108161,36.42762567056995,36.83018924978216,26013800
2015-04-22,36.821624755859375,36.94153647464086,36.444755619861226,36.547536626338314,25064300
2015-04-23,37.12140655517578,37.352666285850475,36.65888709382639,36.735973670717954,46309500
2015-04-24,41.00143051147461,41.232690282815234,39.09996672603518,39.10853045059591,130933700
2015-04-27,41.138465881347656,41.22411944893392,40.44468995432125,40.453253677405115,59248200
2015-04-28,42.10633850097656,42.14916365978447,40.85582556662476,40.92434516724737,60730800
2015-04-29,42.020687103271484,42.23481615915726,41.541036841841304,41.72947145657282,47804600
2015-04-30,41.66096496582031,42.43183117694953,41.62670351924759,41.71235713567938,64725500
2015-05-01,41.67807388305664,41.86650847326586,41.45538113155003,41.609554293112176,38937300
2015-05-04,41.3183479309082,41.8579508497833,41.266955776436596,41.42969269790442,34039500
2015-05-05,40.77017593383789,41.24982625409322,40.52178868173381,40.95861057167936,50369200
2015-05-06,39.63957214355469,40.91578283036274,39.41687934978934,40.74447892197,52433000
2015-05-07,39.999298095703125,40.333338814950174,39.53677866873832,39.630995952084774,32971700
2015-05-08,40.89864730834961,41.095645636286896,40.70164898041232,40.72734342008026,35364900
2015-05-11,40.57317352294922,41.03569307841189,40.57317352294922,40.72734670810344,24609400
2015-05-12,40.55603790283203,40.83868979722592,39.75947763162171,40.12777983303507,29928300
2015-05-13,40.79587936401367,41.38687453733519,40.74448720084838,41.27552648415254,34184600
2015-05-14,41.72947692871094,41.81512725535685,41.13847856586236,41.13847856586236,32980900
2015-05-15,41.3697395324707,41.892215034820794,41.15561044248136,41.85795359625835,28642700
2015-05-18,41.12134552001953,41.30121642355795,40.77874096547324,41.095651076949906,24136500
2015-05-19,41.01789855957031,41.216177196164224,40.67306414635544,41.0006565100511,28574800
2015-05-20,41.01789855957031,41.31962620469481,40.750651724899555,40.854100733430144,25047900
2015-05-21,40.879947662353516,41.03512276439754,40.526493994049574,40.75925664711561,22410700
2015-05-22,40.431678771972656,40.8196133448459,40.362710579453775,40.776509868813804,25720600
2015-05-26,40.1644287109375,40.41443345572515,39.819594353396994,40.37132998317863,29581900
2015-05-27,41.04375076293945,41.18168383950117,40.190287590812375,40.362704758660506,27335600
2015-05-28,40.90580749511719,41.39719416348087,40.8540813710746,40.94891095419445,19283700
2015-05-29,40.397193908691406,41.00927180704507,40.16443119623628,40.88858076101301,36519600
2015-06-01,40.716163635253906,41.181689060892246,40.19029268650515,40.5696111615813,28837300
2015-06-02,40.44892501831055,40.819620900251515,40.19030082566418,40.45754768826361,21498300
2015-06-03,40.38856506347656,41.15582127470728,40.36270364002047,40.83684837202409,28002200
2015-06-04,39.96615219116211,40.65581765363487,39.82821909866756,40.33684799385078,27745500
2015-06-05,39.77649688720703,40.10408924747941,39.5178727242908,39.923052662296506,25438100
2015-06-08,39.42304229736328,40.026500857647335,39.37131615039564,39.91442918350975,22121600
2015-06-09,39.35408020019531,39.60408170692957,39.190282367393586,39.44890654353048,24406100
2015-06-10,40.18167495727539,40.371334202603386,39.3885571674729,39.474767410160396,28417400
2015-06-11,40.035118103027344,40.44891739094934,39.76787457940646,40.22477734321075,27347800
2015-06-12,39.62993240356445,40.06097364079762,39.5695868934385,39.84545302218104,23931000
2015-06-15,39.20751953125,39.354075295566304,38.810962291356674,39.18165810343482,33254500
2015-06-16,39.509239196777344,39.862692860204234,39.052333274359555,39.09543673798069,27070300
2015-06-17,39.62993240356445,39.71613933557762,39.104061567966596,39.42303116271572,28704100
2015-06-18,40.276512145996094,40.34547706451684,39.80236394360602,39.84547071733975,32658300
2015-06-19,39.742008209228516,40.371331427542835,39.64718188166722,40.33684733283822,63837000
2015-06-22,39.85408401489258,40.276505997467176,39.79373848717972,39.94029426061424,20318100
2015-06-23,39.57821273803711,39.897182384903864,39.328207990332594,39.7678719657556,25896500
2015-06-24,39.345458984375,39.87133002547923,39.267871399809046,39.37132041636867,34890900
2015-06-25,39.35408020019531,39.70753400825218,39.224766467834456,39.681669288629124,20616000
2015-06-26,39.017860412597656,39.89718513548157,38.81958179203331,39.354075418164435,49835300
2015-06-29,38.25059509277344,38.99198648150427,38.24197571576689,38.82819200971297,34081700
2015-06-30,38.060935974121094,38.552322636412754,37.87989618650068,38.54369997155397,35945400
2015-07-01,38.319576263427734,38.99199970989857,38.0178453484998,38.328195643358484,28343900
2015-07-02,38.2764892578125,38.57821701399598,37.98338088526887,38.345454192689054,21752000
2015-07-06,38.267852783203125,38.34544036232128,37.888537556728096,37.897156937259126,23034000
2015-07-07,38.19025802612305,38.35405582268887,37.34541748372914,38.22474211893523,36435800
2015-07-08,38.1385383605957,38.70751278517774,37.95749850250441,38.31095226188743,39785900
2015-07-09,38.379913330078125,38.98337173835223,38.36267128543215,38.578191910631205,32424700
2015-07-10,38.45750045776367,38.91440312574288,38.42301636885633,38.802331481085886,25465800
2015-07-13,39.259246826171875,39.328211731895216,38.75061790319727,38.77647933177047,28178300
2015-07-14,39.328216552734375,39.62132483730282,39.06097298849411,39.181664054742605,22880300
2015-07-15,39.44890213012695,39.56097379972919,39.16441655477906,39.37993722554558,26629600
2015-07-16,40.22478103637695,40.25064246656387,39.629945121984875,39.66442593270585,26271700
2015-07-17,40.19028854370117,40.3282216235332,39.879938291933094,40.12994302681116,29467100
2015-07-20,40.44892501831055,40.62996491288953,40.035125652359355,40.21616554693834,30631900
2015-07-21,40.75926971435547,40.80237648097472,40.06960420004696,40.32822835683958,42781900
2015-07-22,39.259246826171875,40.45754124930242,38.96613857753254,39.173036583287065,59152400
2015-07-23,39.75062942504883,39.85407841679927,38.87992415277885,39.02647990562745,33934000
2015-07-24,39.604061126708984,39.93165333349457,39.48337012646775,39.578199709109604,32333200
2015-07-27,39.0954475402832,39.66442196761024,39.00924058922144,39.60407644415013,39701400
2015-07-28,39.08682632446289,39.345450454083405,38.61268153872791,39.29372760130984,34328900
2015-07-29,39.90580749511719,40.32822616087371,39.01786011074775,39.13855444669115,40945900
2015-07-30,40.414424896240234,40.86270815066605,39.59544593697352,39.87993142639592,39777900
2015-07-31,40.2592658996582,40.836859775358086,40.08684868844257,40.76789486402269,31201500
2015-08-03,40.354095458984375,40.51789000062831,40.043745137061315,40.50064795067872,24125900
2015-08-04,40.98340606689453,41.12995852491602,40.24201453233309,40.30236004899888,33403900
2015-08-05,41.01789855957031,41.73342552740185,40.98341446053189,41.3627296842005,26959700
2015-08-06,40.19028854370117,41.18168481589541,39.940287097407136,41.12995867773939,27368000
2015-08-07,40.29374313354492,40.32822393904468,39.87994058170565,39.99201224318646,19163000
2015-08-10,40.802371978759766,40.940305066401656,40.37995004802786,40.47477966239119,23079900
2015-08-11,40.00925827026367,40.4661610522833,39.56959753700123,40.3627120483247,29237400
2015-08-12,40.29374313354492,40.431676221296605,39.40579579809574,39.819595061350796,30181400
2015-08-13,40.28512191772461,40.60409157803744,40.07822392293198,40.56961077129489,22627200
2015-08-14,40.517879486083984,40.60408642487613,40.10408026043064,40.112699638876286,21473400
2015-08-17,40.79375076293945,40.90582242832006,40.14718877499525,40.3540900581145,21099700
2015-08-18,41.01937484741211,41.158217530995124,40.52474758025571,40.646234514607016,23574100
2015-08-19,40.446651458740234,40.85450332121672,40.177642290470715,40.59417037309159,31485500
2015-08-20,39.62228012084961,40.32517327499027,39.62228012084961,39.97806480893451,36238200
2015-08-21,37.37474822998047,39.46606789957738,37.37474822998047,39.309869475269686,70053100
2015-08-24,36.16854476928711,37.04498836913857,34.46772149396415,35.10119128598944,88753700
2015-08-25,35.11854934692383,37.522265552329095,35.0491263628123,36.94085964634034,70616600
2015-08-26,37.06235885620117,37.175169587679925,35.63054409163573,36.45492078474712,63408000
2015-08-27,38.09498596191406,38.138373665051276,37.25325061792001,37.51358014701284,50943200
2015-08-28,38.12102127075195,38.311931153650974,37.652426091056086,37.66110561860778,28246700
2015-08-31,37.765235900878906,38.12102038603464,37.400771888372915,37.79994738974039,34441700
2015-09-01,36.2900390625,36.95822048034552,36.15119638543279,36.593756384124994,49688900
2015-09-02,37.62639236450195,37.64374810852161,36.34209709947437,36.75862502513713,37671500
2015-09-03,37.74789047241211,38.164418521771765,37.55698054177076,37.669791256265256,28285200
2015-09-04,36.97557067871094,37.34871093799626,36.61978616523773,37.14912482656202,37138800
2015-09-08,38.086326599121094,38.18178158272131,37.48756803418064,37.57434348639648,32469800
2015-09-09,37.37474822998047,38.52888066400172,37.23590555395924,38.364002710415534,33469500
2015-09-10,37.56565475463867,37.99953849176242,37.09705952408018,37.41813256267609,31366600
2015-09-11,37.73054122924805,37.82599621102836,37.261945851565386,37.43550006295948,27132500
2015-09-14,37.34872055053711,37.695825625304614,37.19252210829692,37.68714940530055,23656000
2015-09-15,38.164424896240234,38.43343408796008,37.383435914596575,37.47888758558952,28882200
2015-09-16,38.442100524902344,38.51152351552415,38.04292825963812,38.15573896426336,23372200
2015-09-17,38.398719787597656,39.04954554670948,38.25120087112905,38.43343128921532,32768200
2015-09-18,37.73054122924805,38.173104633816536,37.60037805340592,37.747896981414584,63143700
2015-09-21,38.27720642089844,38.589603099279856,37.834643356435194,37.85199909526401,26177200
2015-09-22,38.09498596191406,38.225149071325696,37.58300312024803,37.643746566694034,28085900
2015-09-23,38.06896209716797,38.3292917042548,37.75656524455555,38.121029342693554,17145200
2015-09-24,38.103668212890625,38.29457810925212,37.548297580133635,37.7044959843803,27905600
2015-09-25,38.12971496582031,38.81525230476517,37.97351650099056,38.59831036030956,29384600
2015-09-28,37.56565475463867,38.25986807198262,37.496231767769174,38.03424998519717,27613800
2015-09-29,37.69582748413086,37.8086382113718,37.357398612679084,37.63508401029444,32763600
2015-09-30,38.40739059448242,38.44210209120763,37.886731384686406,38.07764130640452,34958900
2015-10-01,38.711097717285156,38.83258460316032,37.964817349458414,38.83258460316032,28657900
2015-10-02,39.54417419433594,39.54417419433594,38.11235615182482,38.416076835830474,41839000
2015-10-05,40.46400833129883,40.68962647428955,39.65698411438379,39.70037183685073,34369300
2015-10-06,40.56813049316406,40.94127078177308,40.10821477894517,40.20366973327821,27017200
2015-10-07,40.61152267456055,41.08879418847091,39.873921544905514,40.87185229030523,27711500
2015-10-08,41.175559997558594,41.23630344513924,40.35118038147454,40.40324761237351,33772700
2015-10-09,40.88052749633789,41.253667786540085,40.71564955259673,41.17556857904962,28600600
2015-10-12,40.78506851196289,40.84581196620166,40.351184804388815,40.76771276642753,19769100
2015-10-13,40.68962097167969,40.89788664573591,40.4032593939068,40.4032593939068,19987800
2015-10-14,40.50739669799805,40.871857544842,40.37723021825601,40.48136472615808,24697800
2015-10-15,40.793758392333984,40.811114143682175,40.377230290790735,40.793758392333984,27189400
2015-10-16,41.227638244628906,41.25367352426036,40.69830277609407,40.80243396380755,26450300
2015-10-19,41.32308578491211,41.548707179718946,40.80242662966124,41.149531629738426,29387600
2015-10-20,41.453250885009766,41.48796237697324,40.802425306909846,41.16688604171617,30802200
2015-10-21,40.95862579345703,41.64416289838393,40.88052658770244,41.58341612922348,25144300
2015-10-22,41.67886734008789,42.477215072825814,40.86316717231366,41.24498363824139,56637100
2015-10-23,45.87886428833008,46.92018589341885,45.340849394637765,45.38423710521018,135227100
2015-10-26,47.07638931274414,47.13713277606798,45.55779610910724,45.58382807616874,64633300
2015-10-27,46.59044647216797,47.180528771100825,46.49499480610121,46.85077942955151,50999900
2015-10-28,46.84209442138672,46.84209442138672,45.870195641021795,46.46027787095388,47000800
2015-10-29,46.304080963134766,46.71193280584984,46.182594025373874,46.46027940033327,30202100
2015-10-30,45.67928695678711,46.85077522917071,45.661931207166155,46.269369202816456,46619800
2015-11-02,46.19994354248047,46.30407471647471,45.66192530459116,45.86151143402609,30285000
2015-11-03,46.98960494995117,47.19786726739493,45.90489572497788,45.930927687090886,36596900
2015-11-04,47.20655822753906,47.623086273572156,46.911517114481796,47.015648298422406,37087800
2015-11-05,47.189205169677734,47.46689054953603,46.85945253974444,47.28466013967981,31468500
2015-11-06,47.65779495239258,47.709862200034664,46.82473885174338,46.93754956649922,32851200
2015-11-09,46.99828338623047,47.61439746064003,46.47762425776859,47.33671215075769,32513100
2015-11-10,46.434242248535156,46.97226053731469,46.22597988084749,46.92019329025745,55283700
2015-11-11,46.55572509765625,47.0329965339331,46.390847163296336,46.59911280817776,36516300
2015-11-12,46.26936340332031,46.84208982794201,46.15655270005942,46.40820607261435,35361100
2015-11-13,45.85282897949219,46.2433249667011,45.58381989713274,46.05241508178344,36848200
2015-11-16,46.65986633300781,46.7639975227824,45.86151838401376,46.0611078539654,32165200
2015-11-17,46.27547073364258,46.76469387950665,46.1706343458865,46.4501913814039,31551300
2015-11-18,47.044246673583984,47.157817750455635,46.28420126008206,46.301673989799426,29710000
2015-11-19,47.12287139892578,47.75187632651328,46.98309289641549,47.16655488868343,28149200
2015-11-20,47.341285705566406,47.43738407158248,46.53755997631032,47.39370390500693,37147600
2015-11-23,47.341285705566406,47.577162604174106,46.9568955740852,47.39370390500693,28235900
2015-11-24,47.39369583129883,47.55968176904279,46.808374367215485,47.105400782362835,24600000
2015-11-25,46.904476165771484,47.37622995082834,46.904476165771484,47.253924154535746,21005100
2015-11-27,47.1141471862793,47.245191019552685,46.99184138593513,47.000576086281235,9009100
2015-11-30,47.481056213378906,48.01396282025009,47.175291766444225,47.64704548392847,56241400
2015-12-01,48.241111755371094,48.24984645540346,47.43738271649116,47.5334810797621,39952800
2015-12-02,48.23236083984375,48.88757314250174,48.101320378861416,48.32845917744673,47274900
2015-12-03,47.35002136230469,48.721599185963505,47.1141444755338,48.476987599349066,38627800
2015-12-04,48.84389877319336,49.123455788827485,47.26265169578956,47.2801244258395,43963700
2015-12-07,48.756534576416016,48.89631307311219,48.30225362900791,48.73906184775622,30709800
2015-12-08,48.739078521728516,49.00989757714889,48.040185799151686,48.459521432697784,32878000
2015-12-09,48.03144073486328,48.80895898320601,47.620839862446516,48.37215067896107,36373200
2015-12-10,48.28478240966797,48.62549229772865,48.057640262572626,48.389615452321486,31775800
2015-12-11,47.22770690917969,48.136265492544176,47.18402342022311,47.7955556072097,39549500
2015-12-14,48.17121505737305,48.232367948026884,46.8957357200464,47.46358779906931,46768900
2015-12-15,48.2236213684082,48.83515345686884,48.12752304031816,48.62548407443768,39843000
2015-12-16,49.036102294921875,49.1409353572274,47.83924511431723,48.52066835076053,37503300
2015-12-17,48.66043472290039,49.612676743483,48.51191820019852,49.237021420426785,41280900
2015-12-18,47.28886413574219,48.922526128702515,47.20150048239136,48.72159472486955,84684200
2015-12-21,47.9004020690918,48.35467979015055,47.376230084466826,47.94408223466479,37246300
2015-12-22,48.354671478271484,48.46824255530549,47.612098793425346,48.04017234065664,28322200
2015-12-23,48.76527786254883,48.81769605775964,48.433302624712645,48.66044480471002,27279800
2015-12-24,48.63423156738281,48.88758116580938,48.42456546236836,48.800220844150466,9558500
2015-12-28,48.87886047363281,48.87886047363281,48.03145111385659,48.35468839572215,22458300
2015-12-29,49.403018951416016,49.66510326960995,48.974948675968605,49.17588009767005,27731400
2015-12-30,49.1933479309082,49.60394543324173,49.175875200424265,49.333126442197134,21704500
2015-12-31,48.46825408935547,49.08852114619336,48.41583588765442,48.95748064081558,27334100
2016-01-04,47.87419509887695,47.87419509887695,46.64239566960355,47.45485947748423,53778000
2016-01-05,48.092594146728516,48.389623930104555,47.64705113795592,47.98776108570842,34079700
2016-01-06,47.218990325927734,47.52475822459654,46.86080754883511,47.454867276586356,39518900
2016-01-07,45.576595306396484,46.72977276217595,45.48923494323306,46.0396145623985,56564900
2016-01-08,45.71635055541992,46.54628351916474,45.559099327375534,45.75129268075467,48754000
2016-01-11,45.690147399902344,46.170635862191325,44.95630932442327,45.8736060856264,36943800
2016-01-12,46.10948944091797,46.38904652486739,45.48048766832343,46.092016706598216,36095500
2016-01-13,45.11355209350586,47.23644029355409,44.81652237280744,47.00056345659515,66883600
2016-01-14,46.39777755737305,46.668596567007135,45.052407211004386,45.428062610738266,52381900
2016-01-15,44.54572296142578,45.40186704210384,43.97787069739,44.825280076235615,71820700
2016-01-19,44.17005157470703,45.14850112457394,43.73324332337221,44.973777157523514,43564500
2016-01-20,44.37098693847656,44.88642085444984,42.89457278407742,43.66335630830156,63273000
2016-01-21,44.10017013549805,45.06115049457548,43.942918864605076,44.5544512144574,40191200
2016-01-22,45.68141555786133,45.71636102378036,44.78158813965317,44.912631970557996,37555800
2016-01-25,45.24460983276367,45.99592073030083,45.122304027598695,45.375650338619046,34707700
2016-01-26,45.576595306396484,45.81247228603881,45.034953723097935,45.24462326030808,28900800
2016-01-27,44.746639251708984,45.60278304198996,44.57191528107188,45.436793770222565,36775200
2016-01-28,45.48048782348633,45.611528332456565,44.772857077747055,45.30576381227601,62513800
2016-01-29,48.127532958984375,48.127532958984375,47.17529084383333,47.81303048681229,83611700
2016-02-01,47.795570373535156,48.12754566319066,47.612111660534744,47.944086950190254,44208500
2016-02-02,46.30167770385742,47.40243310368821,45.99591324073295,47.323807479944385,56313800
2016-02-03,45.56783676147461,46.6423846625727,44.78158057404552,46.520078885102066,57559800
2016-02-04,45.42806625366211,46.135696946958674,44.877686825542554,45.515426586501306,46987100
2016-02-05,43.82061004638672,45.428064779582975,43.29644140119395,45.375646582030505,62009000
2016-02-08,43.16539001464844,43.3051685177279,42.09957684580351,43.28769578827017,59290500
2016-02-09,43.05182647705078,43.89050097494652,42.51891979932612,42.82468761949719,46740500
2016-02-10,43.42747116088867,44.02153058929934,43.261485241878866,43.58472238209045,38237000
2016-02-11,43.41000747680664,43.77692818024972,42.37913962641428,42.52765618075021,48878600
2016-02-12,44.11763381958008,44.27488505821687,43.46242143612097,43.899229691760375,34243300
2016-02-16,44.95353698730469,44.95353698730469,44.10884420549356,44.78635925648084,37291200
2016-02-17,46.123775482177734,46.431738617462045,45.27028551392714,45.30548187621847,40789000
2016-02-18,45.92141342163086,46.5901310536965,45.84222326405758,46.04460072180875,27176000
2016-02-19,45.595855712890625,46.00060391835562,45.34068705254978,45.727840428656094,33559100
2016-02-22,46.32617950439453,46.634139460111314,46.00061800090905,46.00061800090905,25008300
2016-02-23,45.03273391723633,46.07980095902849,44.85675538876833,46.053405354537226,28895300
2016-02-24,45.191104888916016,45.31428882635373,44.1704336632042,44.60157744423621,33014500
2016-02-25,45.84221649169922,45.84221649169922,44.53118373462495,45.51665849488692,26939500
2016-02-26,45.1383056640625,46.35255344097704,44.9623271902834,46.28216070886131,35975900
2016-02-29,44.76874923706055,45.446264108962666,44.57517260037141,45.18229474747389,31654000
2016-03-01,46.26456832885742,46.273365742581994,44.80394926880913,44.84794640696317,33024500
2016-03-02,46.590126037597656,46.59892345126497,45.895012880016786,46.11498514331374,29289900
2016-03-03,46.06219482421875,46.60772850400921,45.560658286338665,46.60772850400921,24427800
2016-03-04,45.7806282043457,46.15018336693163,45.49906396452334,46.106189583805104,33034200
2016-03-07,44.90074157714844,45.57825661527067,44.50479415079409,45.36708510208311,38407800
2016-03-08,45.44626998901367,45.868616322927046,44.52238381728598,44.69836229554412,33835100
2016-03-09,46.49333953857422,46.502136952588536,45.63104863521945,45.657444233772914,28251600
2016-03-10,45.79822540283203,46.58132613775923,45.015124667904836,46.57252872392753,38387800
2016-03-11,46.695716857910156,46.695716857910156,46.08859455358702,46.63412488601552,32275700
2016-03-14,46.7837028503418,47.15325802574079,46.30856527698684,46.37895466112769,24083600
2016-03-15,47.153255462646484,47.153255462646484,46.405351094686594,46.41414850853452,21104800
2016-03-16,47.821964263916016,48.04193650681629,46.986072426103014,47.030066203381054,31691700
2016-03-17,48.09474182128906,48.39390427287271,47.514015104275025,47.698791024117945,28223900
2016-03-18,47.06526184082031,48.36749709589394,47.03006547693751,48.323499962785434,67625500
2016-03-21,47.39081954956055,47.45241150775487,46.57252255468173,46.85408675114434,23925700
2016-03-22,47.57561111450195,47.73399144680949,47.03887813907209,47.1708628681654,23124100
2016-03-23,47.487606048583984,47.72517645957557,47.28523199992668,47.6107899602441,20129000
2016-03-24,47.69878387451172,47.80437297560439,47.27643753967193,47.37322587075173,19950000
2016-03-28,47.10926055908203,47.76917734681344,46.92448466407972,47.69878461166379,17025100
2016-03-29,48.138736724853516,48.27072144580848,47.030077823573095,47.21485374770135,23924300
2016-03-30,48.43790054321289,48.95703531355987,48.30591917506358,48.33231477739125,23008300
2016-03-31,48.596275329589844,48.9130359474509,48.27071729745957,48.349907451924835,26360500
2016-04-01,48.895423889160156,48.93062024927182,48.015535025426466,48.43788127723748,24399200
2016-04-04,48.77225875854492,48.974632872319724,48.39390613298435,48.77225875854492,18928800
2016-04-05,48.00674819946289,48.65786422255586,47.91875727978115,48.56107588916114,19272300
2016-04-06,48.49947738647461,48.569870112731884,47.69877858610274,47.83076326958016,21188700
2016-04-07,47.91875457763672,48.31470530260089,47.71638050854619,48.27950893671292,19225100
2016-04-08,47.88356018066406,48.64026529581925,47.79557261883639,48.103532441743575,22167200
2016-04-11,47.78678894042969,48.525896084355985,47.77798816781115,47.945169282450415,21414200
2016-04-12,48.08594512939453,48.20032830634409,47.30284093810028,47.83957387605587,24944300
2016-04-13,48.70185470581055,48.781044849905776,48.29710657221724,48.49948063901389,20818000
2016-04-14,48.71065902709961,48.90423569489343,48.455490393464196,48.587475095416416,20877100
2016-04-15,48.965843200683594,49.20341036917599,48.49070215067587,48.657879917229046,28793800
2016-04-18,49.67853546142578,49.79292197890913,48.5786741377677,48.825045356694176,23786000
2016-04-19,49.616947174072266,49.951305981074235,48.9922267014846,49.8281220407342,29596800
2016-04-20,48.913028717041016,49.71372755760217,48.82504116131302,49.52895167666731,36195700
2016-04-21,49.0802001953125,49.476150858927596,48.763439664420424,49.0977983755298,38909100
2016-04-22,45.5606575012207,46.13258677109316,44.67197096802247,45.67504402649732,126834100
2016-04-25,45.85102462768555,45.86862281365265,45.42867823400725,45.56065959399441,33226900
2016-04-26,45.26149368286133,46.062192622298355,44.95353384327421,45.983002469760166,33532600
2016-04-27,44.82155227661133,45.314291410977475,44.478396043744674,45.29669322512396,43369300
2016-04-28,43.90645980834961,44.67196225259894,43.60729743203804,44.53997756791355,43134800
2016-04-29,43.880062103271484,44.214420852526345,43.422519434951695,43.422519434951695,48411700
2016-05-02,44.53118896484375,44.65437290478076,43.80087938305918,43.99445606382341,33114500
2016-05-03,43.80087661743164,44.35520766865782,43.6424963170813,44.29361570257829,26460200
2016-05-04,43.880062103271484,44.04724315615394,43.51930775893416,43.853666508189015,24257600
2016-05-05,43.94165802001953,44.25841861557562,43.75688212478193,43.88006605494033,25390700
2016-05-06,44.33761215209961,44.33761215209961,43.69529349826106,43.92406319224728,24787300
2016-05-09,44.0560417175293,44.51358439777698,43.99444975639116,44.42559684086826,17951600
2016-05-10,44.891937255859375,44.96232663058868,44.161627773545646,44.284815053214714,22891000
2016-05-11,44.91834259033203,45.56066129785421,44.87434880202438,44.98873533683298,24039100
2016-05-12,45.32307815551758,45.58704752466487,44.80394354284317,45.05031473027998,24102800
2016-05-13,44.944740295410156,45.6662491443739,44.909543923140994,45.26149757630018,22592300
2016-05-16,45.604644775390625,45.71902791940878,44.65436312148357,44.6983568966067,20032000
2016-05-17,44.754051208496094,45.83502525165892,44.62114672482046,45.826166304742166,27803500
2016-05-18,45.01985168457031,45.31224415359361,44.567967805189454,44.72745583556079,24907500
2016-05-19,44.58570098876953,44.85151331709942,44.14267931489067,44.71860884292804,23842400
2016-05-20,44.85151672363281,45.3831448006576,44.656589470712376,44.72747118632324,23905800
2016-05-23,44.32875442504883,44.9046840416715,44.28445292684424,44.833798940554026,26118700
2016-05-24,45.71098709106445,45.81731137115948,44.65659647848466,44.92240886871618,34757900
2016-05-25,46.180572509765625,46.508410940646534,45.88817999950504,46.00336318658424,24040200
2016-05-26,45.9767951965332,46.05653924416978,45.507193238222015,46.01223774659115,24335200
2016-05-27,46.35778045654297,46.35778045654297,45.870457367253245,46.0033618207032,17721400
2016-05-31,46.96029281616211,46.96029281616211,46.14513463872806,46.30461931606301,37653100
2016-06-01,46.827388763427734,46.915995124656355,46.46411113235809,46.46411113235809,25324800
2016-06-02,46.49956512451172,46.7299383404343,45.93249779299136,46.641331957391806,22840800
2016-06-03,45.888179779052734,46.44638458141036,45.719829401845175,46.41094542093371,23368300
2016-06-06,46.18943786621094,46.38436509251499,45.976785988440135,46.06539234583919,18243300
2016-06-07,46.16285705566406,46.72106531102064,46.16285705566406,46.286905963511074,20866800
2016-06-08,46.10969161987305,46.46410689248572,45.95906250952291,46.09197034924439,21149400
2016-06-09,45.73756790161133,46.07426540287513,45.62238467169548,46.07426540287513,20305700
2016-06-10,45.61349868774414,46.11854298772608,45.22364093792942,45.232499881794794,25833200
2016-06-13,44.426212310791016,44.94011906788609,43.46928726583711,43.93003020599532,83217800
2016-06-14,44.15154266357422,44.390771398619925,43.92116949502969,44.213565428954546,42577100
2016-06-15,44.027488708496094,44.408487583601726,44.027488708496094,44.107232737703946,33757600
2016-06-16,44.647727966308594,44.718613063212764,43.868008800300004,43.87687112740675,31188600
2016-06-17,44.417354583740234,44.68316691574605,44.14267992534148,44.665445642947375,45710500
2016-06-20,44.36418533325195,45.03758009720042,44.328742791994294,44.86922971621992,35607900
2016-06-21,45.3565559387207,45.56920782086173,44.4439324086701,44.4793749523581,34097800
2016-06-22,45.17934799194336,45.595786031995765,45.14390544981516,45.25909202173839,28816800
2016-06-23,45.994503021240234,46.12741085509707,45.32111166699928,45.43629485102281,29028800
2016-06-24,44.15154266357422,45.13504796317104,43.87686800261334,44.133821390610244,133503000
2016-06-27,42.91107940673828,43.54903169581225,42.565523043485584,43.504726824636585,50216300
2016-06-28,43.80598831176758,43.83257191448475,43.12373442847906,43.34524529785893,38140700
2016-06-29,44.78062438964844,44.94011243693936,44.12495093078726,44.22241622413022,31304000
2016-06-30,45.33884048461914,45.454027076392045,44.745193011611526,44.94012364692146,28527800
2016-07-01,45.32998275756836,45.82616830626281,45.250238711885096,45.30340253566978,21400400
2016-07-05,45.33884048461914,45.436305802274106,44.9578449210394,45.03758896457642,24806400
2016-07-06,45.52491760253906,45.66668443240344,44.64773301901158,44.99328945555676,28167500
2016-07-07,45.52491760253906,45.72870720921987,45.25024289093215,45.56035677501428,19585200
2016-07-08,46.340049743652344,46.39321354219066,45.67551747186005,45.83500548748907,28391000
2016-07-11,46.597015380859375,46.80966725137661,46.49069113559416,46.51727135191376,22269200
2016-07-12,47.1463623046875,47.31471269174714,46.774225748004504,46.90713021253976,27317600
2016-07-13,47.412174224853516,47.722291399532544,47.11978170128474,47.45647909265542,25356800
2016-07-14,47.61597442626953,47.8374852791681,47.47420761561395,47.70457741543401,24545500
2016-07-15,47.580528259277344,47.84634058653846,47.14636553342738,47.80203909532613,32024400
2016-07-18,47.81089782714844,48.14759524282895,47.44762019285716,47.5805280458852,31433900
2016-07-19,47.0400505065918,47.757746972979184,46.89828367890898,47.58939654136424,53336500
2016-07-20,49.53868103027344,50.36270157403833,49.20198362809315,49.7513329105944,89893300
2016-07-21,49.44120788574219,49.82220671674232,49.40576534797789,49.600695925695106,32776700
2016-07-22,50.123470306396484,50.17663412235405,49.423495272896815,49.68931097269762,32157200
2016-07-25,50.26523971557617,50.27410204202336,49.84879825222542,50.03486992775722,25610600
2016-07-26,50.29180908203125,50.7614142627633,50.070298288474056,50.07916061300877,28079000
2016-07-27,49.786773681640625,50.32726065575491,49.71589197256947,50.15891363922222,32327500
2016-07-28,49.80449676513672,49.94626356842173,49.370337408820795,49.61842846957275,37550400
2016-07-29,50.220947265625,50.29182899002884,49.662738898498134,49.848807227544484,30558700
2016-08-01,50.13233947753906,50.282965240005,49.74247820059197,50.150057371957125,26003400
2016-08-02,50.13233947753906,50.415873108052864,49.893107343045386,50.37156823204525,35122000
2016-08-03,50.477882385253906,50.6019278929467,50.05258205317008,50.22092904504078,22075600
2016-08-04,50.85002899169922,50.96521557739212,50.21207667707667,50.32726326276958,26587700
2016-08-05,51.35507583618164,51.57658669128593,50.90319517896335,51.08040453904427,29335200
2016-08-08,51.443687438964844,51.470267662685075,51.195592957620924,51.443687438964844,19473500
2016-08-09,51.56772232055664,51.83353464272706,51.40823425125698,51.541138722348656,16920700
2016-08-10,51.408241271972656,51.67405363044451,51.23103190632891,51.532286813927016,15756900
2016-08-11,51.656314849853516,51.789222674041504,51.41708279430696,51.41708279430696,18162300
2016-08-12,51.33734130859375,51.558852106511374,51.05380775765811,51.41708533104355,21655200
2016-08-15,51.49683380126953,51.83353118958107,51.35506701355733,51.399368500969864,19283900
2016-08-16,51.21153259277344,51.37201469088638,51.059968056251904,51.36310053034821,20523500
2016-08-17,51.31852340698242,51.42551033971031,51.02430509066415,51.30069168468556,18856400
2016-08-18,51.35420227050781,51.44336091466644,51.05998724742062,51.1937201120768,14214300
2016-08-19,51.372013092041016,51.47008586017475,50.99755714213379,51.202616838662,17271000
2016-08-22,51.41661071777344,51.4879376318475,51.05106878577999,51.35420136848586,15221900
2016-08-23,51.612735748291016,51.87129060712129,51.57707230547585,51.621653309521356,18732400
2016-08-24,51.66623306274414,51.74647411189115,51.46117335960249,51.53249684714803,18151500
2016-08-25,51.86237716674805,51.96936750369473,51.514667074304775,51.60382568842701,18552600
2016-08-26,51.73756790161133,52.334918820999754,51.43443536066511,51.96045937580549,20971200
2016-08-29,51.79996109008789,52.24574389947265,51.79996109008789,51.871287972094855,16417200
2016-08-30,51.612735748291016,51.88020476729853,51.363098450691076,51.69297679409858,16930200
2016-08-31,51.22937774658203,51.532510300155764,51.08672733319757,51.398777450700784,20860300
2016-09-01,51.345272064208984,51.550331780122825,50.8281622928192,50.8281622928192,26075400
2016-09-02,51.41661071777344,51.8802254560915,51.19371921287367,51.41661071777344,18900500
2016-09-06,51.36310958862305,51.53250587714848,51.00648188524401,51.514674151874146,16278400
2016-09-07,51.40768814086914,51.568170270217486,51.18479667244688,51.238291849247624,17493400
2016-09-08,51.20262145996094,51.52358567516615,50.979730021741034,51.38093529074755,20146100
2016-09-09,50.11491394042969,51.28286638934654,50.11491394042969,50.6320237486849,35113900
2016-09-12,50.863826751708984,51.00647713957757,49.57997326089168,49.927683368755524,29303000
2016-09-13,50.400211334228516,50.50720167420774,49.972260177472016,50.373465449760445,30130200
2016-09-14,50.159481048583984,50.48936278176566,49.95442136098761,50.27538553324384,24062500
2016-09-15,50.98863983154297,51.13129020378808,49.90984617887343,50.06141411247627,26847000
2016-09-16,51.04214096069336,51.38093690975802,50.59635807020695,51.38093690975802,44607000
2016-09-19,50.75684356689453,51.487927283950306,50.68551666715554,51.059976088677686,20937100
2016-09-20,50.649845123291016,51.13128798305001,50.59634996062757,51.13128798305001,17384000
2016-09-21,51.49683380126953,51.57707485103736,50.89057224875553,51.27394237425372,33707300
2016-09-22,51.550331115722656,51.710813221944,51.38093484851276,51.639486329821885,19822200
2016-09-23,51.20262145996094,51.63057261321674,51.15804385252764,51.59490916684873,19955300
2016-09-26,50.73008728027344,50.94406113351789,50.66767795632272,50.89056937073332,21688700
2016-09-27,51.66623306274414,51.76430583404085,50.533944214137726,50.75683563942906,28065100
2016-09-28,51.73756790161133,51.76431719123134,51.4166036346031,51.603835057727224,20536400
2016-09-29,51.17587661743164,51.86237926819615,51.00647694426206,51.541418447511,25463500
2016-09-30,51.35420227050781,51.505770265050224,51.12239659780441,51.32745637778748,29910800
2016-10-03,51.193702697753906,51.309607195206176,50.87274189112613,51.18478853689759,19189500
2016-10-04,51.033226013183594,51.35418683250444,50.79250284790283,51.05997189786362,20085900
2016-10-05,51.389854431152344,51.67515522763332,51.051058459936016,51.077807747830576,16726400
2016-10-06,51.47900390625,51.585990835651934,51.06888110827845,51.47900390625,16212600
2016-10-07,51.53248977661133,51.692971852886345,51.193693904358206,51.577067375342665,20089000
2016-10-10,51.74647521972656,52.05852186139373,51.59490727873586,51.63057072379877,18196500
2016-10-11,50.98863983154297,51.72864097578856,50.721170808715016,51.61273648551029,26497400
2016-10-12,50.917320251464844,51.05997063465169,50.28430938863904,50.917320251464844,22177500
2016-10-13,50.7479133605957,51.08670924784095,50.21297535004251,50.55177123728776,25313700
2016-10-14,51.193702697753906,51.479006860956424,50.92623365837075,50.92623365837075,27402500
2016-10-17,51.015384674072266,51.22935851328862,50.70333467372354,51.140203313790614,23830000
2016-10-18,51.40768814086914,51.66624306049191,51.18479667244688,51.29178362499447,19149500
2016-10-19,51.29177474975586,51.5681613471545,51.17587365498996,51.238282983264924,22878400
2016-10-20,51.04214096069336,51.282864129682444,50.51611701387726,51.265032405936566,49455600
2016-10-21,53.19080352783203,53.89514116765932,53.03923900842894,53.74357324720337,80032200
2016-10-24,54.38551712036133,54.38551712036133,53.43154192820323,53.440456090283874,54067000
2016-10-25,54.37660598754883,54.715398582348094,54.207206289095176,54.25178390408939,35137200
2016-10-26,54.05562973022461,54.56382191077799,53.91297935324565,54.2161118294576,29911600
2016-10-27,53.583099365234375,54.23394534534485,53.57418520433918,54.037799795116854,28479900
2016-10-28,53.37803268432617,53.957551697391466,53.119481239485175,53.50285132688105,33574700
2016-10-31,53.4226188659668,53.868401747295835,53.4226188659668,53.63659614546827,26434700
2016-11-01,53.31563186645508,53.51177742235517,52.82527137775831,53.46719981448337,24533000
2016-11-02,52.985755920410156,53.43153882170854,52.86985141377756,53.33346603925432,22147000
2016-11-03,52.78961181640625,53.17298539421667,52.700456594100736,53.07491260904837,21600400
2016-11-04,52.34381103515625,52.85200311114397,52.17441481017786,52.29031928045389,28697000
2016-11-07,53.86840057373047,53.95755918868598,53.29779904222885,53.29779904222885,31664800
2016-11-08,53.91299057006836,54.18937381987533,53.62768975675242,53.98431407287036,22935400
2016-11-09,53.64550018310547,54.019959501304875,52.78068386924433,53.49393566456124,49632500
2016-11-10,52.33490753173828,53.9308109589661,51.380932500055344,53.92189339733172,57822400
2016-11-11,52.620208740234375,52.709363951029786,51.71972546635567,51.915871011369504,38767800
2016-11-14,51.81779479980469,52.67370041148071,51.06887951524633,52.620205247921874,41328400
2016-11-15,52.84104537963867,53.39755283440436,52.34737228346774,52.356350087850906,35904100
2016-11-16,53.54116439819336,53.55013877813001,52.78718979444245,52.90387385376381,27332500
2016-11-17,54.429771423339844,54.70802511824393,53.82838871297038,54.22332645900277,32132700
2016-11-18,54.16948699951172,54.87858302942482,54.12460824076414,54.555450487994555,27686300
2016-11-21,54.62725067138672,54.72598597955986,54.23230943869417,54.30411818064892,19652600
2016-11-22,54.86061477661133,54.98627663391966,54.582364499436835,54.734952919303005,23206700
2016-11-23,54.21436309814453,54.84267249815895,54.079723412981764,54.76188937186718,21848900
2016-11-25,54.3310432434082,54.3310432434082,53.97200981565754,54.12459825204501,8409600
2016-11-28,54.40284729003906,54.770858490551916,54.04381046923335,54.16049794959954,20732600
2016-11-29,54.83369827270508,55.12092640610697,54.32207294608112,54.438760445284835,22366700
2016-11-30,54.08869934082031,54.91448281364228,54.05279839124246,54.62725467284234,34655400
2016-12-01,53.13725280761719,53.98996277479923,52.90387782340523,53.95405840430059,34542100
2016-12-02,53.18213653564453,53.37960716783765,52.77822088980841,53.029548082789525,25515700
2016-12-05,54.05279541015625,54.38490228763449,53.46038697442483,53.58604885109068,23552700
2016-12-06,53.810455322265625,54.268224155393945,53.675815617447334,54.24129758404226,19907000
2016-12-07,55.085025787353516,55.0940035931507,53.6758115918063,53.864304425191165,30809000
2016-12-08,54.761898040771484,55.27352687096407,54.609309569192796,55.02219964714333,21220800
2016-12-09,55.62358474731445,55.641536936042684,54.86960994087828,54.914488700683904,27349400
2016-12-12,55.8030891418457,55.919776634305585,55.39917695661323,55.488934459102836,20198100
2016-12-13,56.530147552490234,56.92508542914219,55.865933695210586,56.09930529867996,35718900
2016-12-14,56.2608642578125,56.95200802012544,56.12622457298721,56.54809238967899,30352700
2016-12-15,56.17110824584961,56.68273358335773,55.919781055754214,56.27881794215934,27669900
2016-12-16,55.91978073120117,56.50321481221593,55.758214475659535,56.50321481221593,42453100
2016-12-19,57.10458755493164,57.2392272187439,56.02748051652021,56.15314580062513,34338200
2016-12-20,57.03279113769531,57.266162710790944,56.575018948581246,57.16742739847107,26028400
2016-12-21,57.03279113769531,57.1764052036071,56.65580207465847,56.93405582537544,17096300
2016-12-22,57.0417594909668,57.5354325763683,56.91609762457686,57.30206102793399,22176600
2016-12-23,56.76351547241211,57.03279141932273,56.36857422118239,56.95200829284659,12403800
2016-12-27,56.79942321777344,57.50851925457909,56.73659227011014,56.73659227011014,11763200
2016-12-28,56.53911590576172,56.907127150030384,56.39550184516978,56.907127150030384,14653300
2016-12-29,56.45834732055664,56.727623325500744,56.305755415869214,56.42244294015605,10250600
2016-12-30,55.77615737915039,56.539109775343505,55.677422081193605,56.51217978788234,25579900
2017-01-03,56.17110824584961,56.40447982519228,55.767192604651214,56.359601070399016,20694100
2017-01-04,55.91978073120117,56.32369637005528,55.758214475659535,56.081346986742815,21340000
2017-01-05,55.91978073120117,56.24291324228446,55.677431347888714,55.82104541681134,24876000
2017-01-06,56.40448760986328,56.68274140643196,55.68641716197798,55.919788773529454,19922900
2017-01-09,56.2249755859375,56.619916945561904,56.1352180536758,56.332685309457624,20382700
2017-01-10,56.207008361816406,56.610923997025445,55.90182804010618,56.30574367531522,18593000
2017-01-11,56.71863555908203,56.75453993317812,56.036469571404105,56.19803583080695,21517300
2017-01-12,56.198036193847656,56.90713217869322,55.605627713553424,56.60195184496409,20968200
2017-01-13,56.27881622314453,56.43140466958677,55.96465810112851,56.20700747844507,19422300
2017-01-17,56.126216888427734,56.27880873860614,55.677422565829644,56.26085655481874,20664000
2017-01-18,56.09929275512695,56.27881117674918,55.75820809644764,56.25188118788694,19670100
2017-01-19,55.91978073120117,56.53014138012971,55.830023222135594,55.86592759537362,18451700
2017-01-20,56.314720153808594,56.38652547391547,55.9826098482225,56.251885790674685,30213500
2017-01-23,56.51219177246094,56.65580584793743,56.16213267748883,56.278820183822745,23097600
2017-01-24,57.014827728271484,57.21229831403979,56.49422470180183,56.7275996529878,24672900
2017-01-25,57.15845489501953,57.53544054641093,56.952009882491446,57.40080428121237,23672700
2017-01-26,57.68804168701172,57.930394550539965,57.041779939047444,57.55340881623,43554600
2017-01-27,59.04338073730469,59.16007164542345,58.244527380750355,58.693321709064385,44818000
2017-01-30,58.45995330810547,59.05236517509764,58.16375422266814,58.96260766896334,31651400
2017-01-31,58.02910614013672,58.47790045390722,57.67904712324036,58.2175989301534,25270500
2017-02-01,57.068695068359375,58.00218820157371,56.9699597568039,57.76881320625543,39671500
2017-02-02,56.70066833496094,56.916091098377606,56.32368277901761,56.77247706410938,45827000
2017-02-03,57.15845489501953,57.17640708185191,56.61092518073527,56.99688863755763,30301800
2017-02-06,57.12255859375,57.13153640044967,56.67376413160673,56.99689669219469,19796400
2017-02-07,56.93405532836914,57.248210024799576,56.75453689153915,57.21230907665709,20277200
2017-02-08,56.8532600402832,57.27512776297839,56.745550370839474,57.05970500006228,18096400
2017-02-09,57.49953079223633,57.840618886104764,56.835317061739595,57.01483548923546,22644400
2017-02-10,57.4456901550293,57.71496956685496,57.427737965972256,57.67008738219738,18170700
2017-02-13,58.09194564819336,58.217607526760126,57.562364718754445,57.66110003020816,22920100
2017-02-14,58.30866241455078,58.4441183286824,57.811993025926185,58.16418115849798,23108400
2017-02-15,58.27254867553711,58.3086707170872,57.938431847954945,58.24545886676828,17005200
2017-02-16,58.26351547241211,58.91369843033544,58.19127828008995,58.46218325284144,20546300
2017-02-17,58.353824615478516,58.4170364653902,58.064855174514406,58.21836868293207,21248800
2017-02-21,58.236419677734375,58.65181277157991,58.20029764049901,58.344785789440486,20655900
2017-02-22,58.119041442871094,58.14613125456557,57.839104202593916,58.09195163117662,19292700
2017-02-23,58.353824615478516,58.453158506707574,57.96552128328534,58.17321440889162,20273100
2017-02-24,58.353824615478516,58.51637035661926,57.920367009244885,58.27254830012068,21796800
2017-02-27,58.00163650512695,58.28157368045469,57.83909078309733,58.28157368045469,15871500
2017-02-28,57.77588653564453,57.97455088791824,57.577218738583106,57.86619164557596,23239800
2017-03-01,58.64280319213867,58.68795058363751,57.81200989156328,57.91134379826712,26937500
2017-03-02,57.8029670715332,58.47120751404155,57.68557217684884,58.41702790479258,24539600
2017-03-03,58.01970291137695,58.04679272091016,57.45079279766651,57.78491652425146,18135900
2017-03-06,58.03777313232422,58.29965283082515,57.62238333142796,57.76686808839601,18750300
2017-03-07,58.1551628112793,58.4983119047072,57.96552724205001,57.96552724205001,18521000
2017-03-08,58.68793869018555,58.76921500173393,58.01969818107199,58.02873041337172,21510900
2017-03-09,58.453147888183594,58.87756629501992,58.227390338141994,58.8685409535113,19846800
2017-03-10,58.63376998901367,58.93177170420035,58.47122422523693,58.79631575279042,19538200
2017-03-13,58.43509292602539,58.868550523986464,58.308669228614825,58.70600478594791,20100000
2017-03-14,58.16419219970703,58.290615906342275,57.929402363280744,58.272551439922786,14280200
2017-03-15,58.471229553222656,58.624743097006885,58.019714267097385,58.29062619460315,24833800
2017-03-16,58.37187957763672,58.48024569673656,58.06485257454911,58.471213464417914,20674300
2017-03-17,58.57957077026367,58.91368753046497,58.407992829896365,58.61569280452908,49219700
2017-03-20,58.63376998901367,58.85952761150494,58.44413441287012,58.61571241062776,14598100
2017-03-21,57.98358154296875,59.14849159346697,57.91133745699012,58.86855437226884,26640500
2017-03-22,58.72407150268555,58.82340540748151,57.90231734159952,57.90231734159952,20680000
2017-03-23,58.57957077026367,58.91368753046497,58.48926223981336,58.64278260783475,19269200
2017-03-24,58.678916931152344,59.103335421115816,58.48024914587263,59.02206599417867,22617100
2017-03-27,58.787269592285156,58.89563570565668,58.10999688525521,58.36284426021451,18614700
2017-03-28,58.95885467529297,59.121400420208765,58.38091577994239,58.66085299468484,20080400
2017-03-29,59.12141036987305,59.1485001836555,58.651830632389725,58.80535105978403,13618400
2017-03-30,59.33811569213867,59.58193771283391,59.02205648899105,59.07623609822381,15122800
2017-03-31,59.47358322143555,59.77158490957055,59.10333744716323,59.28394766250653,21040300
2017-04-03,59.19364929199219,59.54583061953099,58.86855777586781,59.428432250634295,20400900
2017-04-04,59.35618209838867,59.42841928320626,58.94981434711583,59.04914822701092,12997400
2017-04-05,59.20267868041992,59.916073617895364,59.09431942735983,59.8709262256457,21448600
2017-04-06,59.35618209838867,59.654176848499795,59.13042453309514,59.238783755108585,18103500
2017-04-07,59.31104278564453,59.5638902202006,59.09431739739303,59.46455631525701,14108500
2017-04-10,59.17558288574219,59.43746253679372,59.022069366373316,59.24782697353063,17952700
2017-04-11,59.130428314208984,59.24781977542157,58.561514803962474,59.238787543151496,18791500
2017-04-12,58.9046745300293,59.157521933286944,58.79630840452958,59.076245616768404,17108500
2017-04-13,58.651817321777344,59.47357823109225,58.651817321777344,58.95885121731055,17896500
2017-04-17,59.130428314208984,59.13945365690448,58.70600296198526,58.733092769220896,16689300
2017-04-18,59.04915237426758,59.338121802555804,58.84145925777192,58.9949727594556,15155600
2017-04-19,58.73310470581055,59.3742555357978,58.597648752528514,59.28395386346843,26992800
2017-04-20,59.14849853515625,59.374256163153035,58.82340699967481,59.11237648792764,22299500
2017-04-21,59.96121597290039,60.23212094124133,59.10333301588392,59.302000793078776,32522600
2017-04-24,60.98164749145508,61.09904586372146,60.593344107693035,60.93650010099372,29770000
2017-04-25,61.33382797241211,61.44219410924226,61.04485849710746,61.31577039439495,30242700
2017-04-26,61.2525520324707,61.686002754611025,61.062916480337435,61.47830962637817,26190800
2017-04-27,61.64987564086914,61.749209525182174,61.02678941785718,61.54151641403634,34971000
2017-04-28,61.821468353271484,62.43552938027746,61.126137886750165,62.227836219576425,39548800
2017-05-01,62.679344177246094,62.80576788370628,61.85758319567962,62.02012894535346,31954400
2017-05-02,62.58001708984375,62.950256016311045,62.42649666708801,62.950256016311045,23906100
2017-05-03,62.381343841552734,62.65224883717077,62.04722010175752,62.65224883717077,28928000
2017-05-04,62.13752365112305,62.381345733105526,61.98401012666038,62.33619145434562,21749400
2017-05-05,62.309078216552734,62.336168017793455,61.84853092674123,62.21877658255929,19128800
2017-05-08,62.254920959472656,62.35425485939165,61.78534127084183,62.282010770436834,18566100
2017-05-09,62.34522247314453,62.56194784990254,62.02013096321976,62.182676718182144,22858400
2017-05-10,62.58905029296875,62.81480794878188,62.23686890106641,62.30008076911101,17977800
2017-05-11,61.821468353271484,62.06529045096967,61.51444128455654,61.731166679506856,28789400
2017-05-12,61.749202728271484,61.95690270612964,61.442175766607946,61.95690270612964,18714100
2017-05-15,61.79434585571289,61.83950011350017,61.01773947086433,61.53246631760606,31530300
2017-05-16,63.03862380981445,63.06586889932713,61.90336555300956,61.96693973822797,34956000
2017-05-17,61.28577423095703,62.75706424382281,61.2403611368782,62.566341721009294,30548800
2017-05-18,61.49465560913086,61.87610064095749,60.97697822906185,61.21311383741098,25201300
2017-05-19,61.476497650146484,61.848858696574005,61.240362029811095,61.30393620500923,26961100
2017-05-22,62.1667366027832,62.2121497026598,61.30394313765747,61.658143143683084,16237600
2017-05-23,62.375614166259766,62.439188335402314,62.10314948189757,62.41194325277905,15425800
2017-05-24,62.45735168457031,62.5572549438638,62.16672591091606,62.54817786870258,14593900
2017-05-25,63.22932815551758,63.46545681600041,62.58450248284921,62.63899264618148,21854100
2017-05-26,63.538108825683594,63.77424439233469,63.13849585582234,63.39279942786558,19827900
2017-05-30,63.94680404663086,63.94680404663086,63.36554568408893,63.383713688983434,17072800
2017-05-31,63.42916488647461,64.2465524605928,63.40191978884876,64.05582984814332,30436400
2017-06-01,63.66526794433594,64.1284551534952,63.07493239212355,63.79241628738906,21603600
2017-06-02,65.17288208007812,65.26370131876362,63.79240470742911,63.974050113863846,34770300
2017-06-05,65.64517211914062,66.19917870098328,65.2183139073209,65.3636302896708,33316800
2017-06-06,65.86311340332031,65.95393957047105,65.6360618435709,65.66331385115436,31511100
2017-06-07,65.74507904052734,66.09019507412023,65.34546589600208,65.97213070372271,22301800
2017-06-08,65.34544372558594,65.86312106487104,64.93675364212147,65.85404399035104,24588300
2017-06-09,63.86506271362305,65.46350764101605,62.293862864862604,65.42717855981806,49187400
2017-06-12,63.37466812133789,63.51998453236925,61.876125545649266,62.89331963566524,47761700
2017-06-13,64.16480255126953,64.31919602202491,63.538137732352176,63.59262791519125,25258600
2017-06-14,63.819664001464844,64.57347701568159,63.05677391170233,64.4009225024631,25510700
2017-06-15,63.48363494873047,63.765176742938834,62.48460919692973,62.911460426222355,26068700
2017-06-16,63.57447052001953,63.60171561302018,62.866070385732954,63.32925775394625,48345100
2017-06-19,64.36459350585938,64.42816768009789,63.8923222723173,64.0285546254185,23798300
2017-06-20,63.49271774291992,64.36459512399522,63.456388652575264,64.31918202879802,21512200
2017-06-21,63.819664001464844,64.13754180126453,63.5199611399526,63.76517383192904,19891100
2017-06-22,63.81060791015625,64.11031087022637,63.31109142826008,64.06490469036973,22965700
2017-06-23,64.67338562011719,64.70971471249632,63.501798374887244,63.65619182069915,27617300
2017-06-26,64.05580139160156,65.12748530622763,63.9740661350346,64.84594351707632,19607000
2017-06-27,62.85698318481445,63.737944768769516,62.82973809319803,63.6743705786422,25215100
2017-06-28,63.392818450927734,63.42914061448399,62.47552791714895,62.85697299608297,25806200
2017-06-29,62.203060150146484,63.11126663416291,61.8397761707268,63.01136336659586,28918700
2017-06-30,62.6026611328125,63.011351200081954,62.430099716867325,62.46642880070127,24161100
2017-07-03,61.91244125366211,63.21117694773531,61.77620888006101,62.965964218506436,16165500
2017-07-05,62.73891067504883,63.065865590178205,61.95785248102489,61.99418157482439,21176300
2017-07-06,62.27571105957031,62.46643356745418,61.867020961114115,62.00324637455633,21117600
2017-07-07,63.084041595458984,63.42915767459435,62.393802508120466,62.393802508120466,16878300
2017-07-10,63.55629348754883,63.80150619209611,62.847886601940296,63.08402223047648,15014500
2017-07-11,63.56538009643555,64.19204488846522,63.34741244536436,63.57446410287463,17460000
2017-07-12,64.6189193725586,64.73698376970712,64.0739966432346,64.20114504910791,17750900
2017-07-13,65.18199920654297,65.4272189236462,64.76422490862535,64.93678641850777,20269800
2017-07-14,66.09928131103516,66.54430064577471,65.35455210778917,65.6088488704975,25868100
2017-07-17,66.61695098876953,66.70777026059034,66.04478334013882,66.11744152922198,21803900
2017-07-18,66.57154083251953,66.65327609354581,65.9902892127797,66.38081136532645,26435300
2017-07-19,67.08013153076172,67.24360897521055,66.70776354599168,66.75317664186407,22416200
2017-07-20,67.40705871582031,67.47971686772792,66.55334275356282,67.37072963986651,42361000
2017-07-21,67.01657104492188,67.47067438015317,66.45348041477095,66.70777717384975,46717100
2017-07-24,66.84397888183594,66.98021120569419,66.41712083397655,66.78040472124394,21394800
2017-07-25,67.37983703613281,67.48881737277064,66.75317238420475,67.0256370839296,22018700
2017-07-26,67.25269317626953,67.55239605107815,67.03471863032522,67.51606696008743,16252200
2017-07-27,66.44438171386719,67.58871675731856,65.68148475583484,66.98930415299614,36844200
2017-07-28,66.33539581298828,66.5806084904457,65.8812926162365,65.99935695292861,18306700
2017-07-31,66.026611328125,66.69868914282706,65.76323753452101,66.57154078416794,23600100
2017-08-01,65.9176254272461,66.68051551493471,65.83588324409929,66.3898897297583,22132300
2017-08-02,65.62701416015625,65.89947199643336,64.88228498782523,65.89039491890424,26499200
2017-08-03,65.527099609375,65.79048032284254,65.25463489087323,65.56342870044627,18214400
2017-08-04,66.0084228515625,66.3353776178686,65.60880993072993,65.75412623978286,22579000
2017-08-07,65.754150390625,66.2082536296085,65.62700203803486,66.11743436762492,18705700
2017-08-08,66.10835266113281,66.41713954842591,65.16381705972006,65.47260394701314,22044600
2017-08-09,65.81774139404297,65.8540704939375,65.43629623875135,65.61793480915671,22213400
2017-08-10,64.85503387451172,65.56343388374205,64.80053676906357,65.30005314945224,24734500
2017-08-11,65.844970703125,66.02660922999011,64.73695767367708,65.03666747916361,21443700
2017-08-14,66.83493041992188,66.95300173028217,66.2536786628278,66.35358195817842,20096600
2017-08-15,66.8531723022461,67.19099457632346,66.68882388356604,67.19099457632346,19181400
2017-08-16,67.24578857421875,67.65665617793367,66.80752375973766,66.96273979083148,18150400
2017-08-17,66.10448455810547,67.44666233360775,66.10448455810547,67.1818783468911,22977500
2017-08-18,66.1866455078125,66.50620993901117,65.67534241789464,65.98577444649273,18761500
2017-08-21,65.87621307373047,66.17751966385552,65.46533855101937,66.16838726131115,17734800
2017-08-22,66.79839324951172,66.87143157472634,66.0588218666113,66.0588218666113,14343700
2017-08-23,66.39665985107422,66.78926963544377,66.22317900314853,66.61578878751808,13766500
2017-08-24,66.3692626953125,66.52447871888532,65.80317212195082,66.41491077907844,17098300
2017-08-25,66.48795318603516,66.97186604203934,66.1775211523654,66.524475831052,12794300
2017-08-28,66.49712371826172,66.73451059801552,66.24147202253532,66.70712034004288,14569700
2017-08-29,66.69795989990234,66.79839543709178,65.78491462798571,65.96752089597601,11478400
2017-08-30,67.57450103759766,67.7571073556144,66.49710704293607,66.66145551554493,16897800
2017-08-31,68.26838684082031,68.44186765870163,67.3827388443293,67.59273534030785,27652800
2017-09-01,67.51056671142578,68.24099871774185,67.23665035531832,68.21360847532756,21736200
2017-09-05,67.20923614501953,67.46488760435989,66.63402036150373,66.96271011924146,21556000
2017-09-06,67.01751708984375,67.60186544327166,66.97186204480207,67.32794910498527,16535800
2017-09-07,67.87577819824219,68.11317190552239,67.2001266870409,67.27317197635516,17471200
2017-09-08,67.54710388183594,67.96710394312969,67.41927111310986,67.86666838869164,14703800
2017-09-11,68.25927734375,68.42362579749354,67.8484027263993,67.8484027263993,17910400
2017-09-12,68.18621826171875,68.69752136295423,67.90317646867516,68.25926355217591,14394900
2017-09-13,68.67012023925781,68.68838504196907,68.06751410342929,68.41446872914987,13380800
2017-09-14,68.26838684082031,68.92578050228414,68.04012553981104,68.47839030278097,15733900
2017-09-15,68.7614517211914,68.83449703020756,67.62927729537721,68.3231937990626,38578400
2017-09-18,68.62449645996094,69.3640610140313,68.51492850284606,68.68840936011537,23307000
2017-09-19,68.88015747070312,69.12667670041047,68.48754761155098,68.67015393237237,16093300
2017-09-20,68.42362213134766,68.98058036330423,67.84839909107393,68.79796711004934,21587900
2017-09-21,67.75711059570312,68.69754641383076,67.66580743232872,68.57885299804252,19186100
2017-09-22,67.9397201538086,68.0310233121641,67.42840992824576,67.55623574314035,14111400
2017-09-25,66.88970184326172,67.79361475620253,66.57926281331275,67.64752416187761,24149200
2017-09-26,66.88970184326172,67.39187258779197,66.64317570683417,67.26404680074914,18019600
2017-09-27,67.42838287353516,67.72055704263258,66.80751189345544,67.15447350837101,19565100
2017-09-28,67.44668579101562,67.53798896433165,66.9353754816718,67.1453790496857,10883800
2017-09-29,68.01273345947266,68.05838850483302,67.45577534278924,67.51056279041806,17079100
2017-10-02,68.12232208251953,68.48754165840091,67.83928022005387,68.21362523499387,15304800
2017-10-03,67.80274200439453,68.36882559940346,67.7388291157328,68.17708693341827,12190400
2017-10-04,68.19535827636719,68.22274852185029,67.30057078334819,67.6475255027727,13317700
2017-10-05,69.3640365600586,69.50099471667231,68.44185906923956,68.67925274297124,21195300
2017-10-06,69.3914566040039,69.41884685389539,68.97145651837147,69.09014992322926,13959800
2017-10-09,69.65621948242188,69.8936131860505,69.26360976587465,69.36404529564129,11386500
2017-10-10,69.65621948242188,69.96665150825908,69.51926130855989,69.6927421265172,13944500
2017-10-11,69.7749252319336,69.81144788250941,69.34579279514685,69.72014473906152,15388900
2017-10-12,70.41405487060547,70.56927089718359,69.72927090701445,69.8388318829601,16876500
2017-10-13,70.75187683105469,71.09883849585195,70.56927056135915,70.84317996590246,15335700
2017-10-16,70.89797973632812,71.04406338426637,70.6240633182161,70.68797622031106,12380100
2017-10-17,70.84318542480469,70.87058263675455,70.53275334920504,70.73362444093809,16824000
2017-10-18,70.86144256591797,71.08057147592572,70.64231365591021,70.91622305192429,13300700
2017-10-19,71.13536834716797,71.1536261895935,70.62405820146911,70.82492929806688,15092800
2017-10-20,71.95710754394531,72.10319815526996,71.4184140881491,71.50971723723514,22866400
2017-10-23,71.97537994384766,72.44102814308862,71.91146703614884,72.12146360459448,20627200
2017-10-24,72.00275421142578,72.31318627534222,71.63753469165476,72.03927686000117,17517200
2017-10-25,71.79275512695312,72.22188756655578,71.22667145427165,71.74710703792131,20410800
2017-10-26,71.91145324707031,72.51405955182551,71.90232084315463,72.31318846157939,32120700
2017-10-27,76.52230834960938,78.7044856026536,76.33970211421759,77.03361834747282,71066700
2017-10-30,76.59538269042969,76.99712491989015,75.88320834982903,76.42190182480194,31756700
2017-10-31,75.94710540771484,77.02449909886086,75.8831925178156,77.02449909886086,27086600
2017-11-01,75.94710540771484,76.47667333315565,75.67318904187096,76.40362804013294,22307400
2017-11-02,76.741455078125,77.11580000357873,75.8923227277271,76.10231923162051,23992900
2017-11-03,76.8236312866211,77.1888508012529,76.14797971244113,76.76885079752033,17633500
2017-11-06,77.12493896484375,77.33493548659445,76.76885184884652,76.87841282854848,19860900
2017-11-07,76.94234466552734,77.51756781451644,76.63191252529835,77.39886743597093,17939700
2017-11-08,77.20709991455078,77.25275496096233,76.54058081922737,76.82362260222921,18034200
2017-11-09,76.77799987792969,76.94234836182403,75.69148036894734,76.79626469057628,21178400
2017-11-10,76.5771255493164,76.78712210501918,75.99277700981916,76.50408024038323,19397800
2017-11-13,76.63190460205078,76.64103700699113,76.20277212764583,76.38538539653301,14196900
2017-11-14,76.741455078125,76.7871031604581,75.76449695162268,76.23927741058449,18801300
2017-11-15,76.14501190185547,76.79652897284097,75.87889811213442,76.59464906333068,19383100
2017-11-16,76.34687805175781,76.54875794339661,76.10829908979127,76.25511637400398,20962800
2017-11-17,75.6127700805664,76.27346529598645,75.4659458100435,76.27346529598645,22079000
2017-11-20,75.73207092285156,75.78712653208247,75.4751354118172,75.61278143586208,16315000
2017-11-21,76.82405090332031,76.93416211756481,75.92476964817536,75.92476964817536,21237500
2017-11-22,76.2642822265625,76.98921126444672,76.20004836249508,76.92497740037932,20553100
2017-11-24,76.40192413330078,76.5579196518369,75.9614583740018,76.17251648805387,7425600
2017-11-27,76.96170043945312,77.06264039110204,76.43865114498497,76.44782241261295,18265200
2017-11-28,77.88850402832031,78.05367786136044,77.09934093723611,77.14522528012363,21926000
2017-11-29,76.47533416748047,77.9251922587293,76.32851690560143,77.73249066446957,27381100
2017-11-30,77.23697662353516,77.55814597784241,76.47534143977303,76.63134398412244,33054600
2017-12-01,77.3195571899414,77.82424982506464,76.36522051504198,76.71391762663437,29532100
2017-12-04,74.40150451660156,77.47556619610519,74.05280034336022,77.46638792813378,39094900
2017-12-05,74.86947631835938,75.86969729983372,74.30972810053872,74.64006867134741,26152300
2017-12-06,75.96145629882812,76.29180385903625,74.72265644853046,74.83277463558835,26162100
2017-12-07,75.69536590576172,75.97983622634787,75.24572875517856,75.74125024807269,23184500
2017-12-08,77.2278060913086,77.61320932014206,76.46617090030418,76.74145592048512,24489100
2017-12-11,78.20967102050781,78.338138763981,77.1911003394227,77.34709588493057,22857900
2017-12-12,78.53083801269531,78.96212556748726,78.07202265669821,78.2830737999155,23924100
2017-12-13,78.31978607177734,78.91624748200924,78.15461225049724,78.67766151772302,22062700
2017-12-14,77.7141342163086,78.79693855505167,77.56730996652927,78.39317886912407,19306000
2017-12-15,79.69622039794922,79.91644979325213,77.88848690079588,78.23719102773892,53936700
2017-12-18,79.26493835449219,80.2926872719208,79.12729934851372,79.94399012183077,22283800
2017-12-19,78.76025390625,79.23741884583514,78.24637589327277,79.23741884583514,23524800
2017-12-20,78.47579193115234,79.19154991801138,77.73251313826083,79.09978122671812,23674900
2017-12-21,78.45743560791016,79.00801270321074,78.36567392552134,78.96213536250013,17990700
2017-12-22,78.46661376953125,78.57672498786079,77.92520794252987,78.36567381875078,14145800
2017-12-26,78.36566925048828,78.48495873038058,78.02614334484022,78.28307884058808,9891200
2017-12-27,78.65011596679688,78.89788014329226,78.20047894403861,78.59506037244934,14678000
2017-12-28,78.6593246459961,78.85202630168514,78.5033290677195,78.8244984938679,10594300
2017-12-29,78.49412536621094,78.96211895038032,78.45741930069117,78.57670876290581,18717400
2018-01-02,78.87036895751953,79.20071662443635,78.4574378743574,79.03554279097794,22483800
2018-01-03,79.2374267578125,79.38425106217161,78.88872953641184,78.97131295688773,26061400
2018-01-04,79.93479919433594,80.4394988062116,79.4392778483941,79.45762737929611,21912000
2018-01-05,80.92584991455078,81.12772977932875,80.22844865467228,80.4395067862946,23407100
2018-01-08,81.00843811035156,81.2837301242538,80.38444894634434,80.93502597318206,22113000
2018-01-09,80.953369140625,81.4213626865952,80.62302157887729,81.3479505615478,19484300
2018-01-10,80.5863265991211,80.92585247343499,80.21010165820196,80.62303266669285,18652200
2018-01-11,80.82492065429688,80.87079799264367,80.0541071598178,80.87079799264367,17808900
2018-01-12,82.21973419189453,82.38490804789953,81.16445716747197,81.36633710269683,24271500
2018-01-16,81.07266998291016,83.31169110465434,80.7606789090758,82.67852368885731,36599700
2018-01-17,82.71525573730469,82.84372351405472,81.43974923888028,81.74256914163482,25621200
2018-01-18,82.67852020263672,83.2015693933374,82.27476747710904,82.40323520809052,24159700
2018-01-19,82.58677673339844,83.14653211355778,82.27478560398126,82.71524449268408,36875000
2018-01-22,84.06414031982422,84.07331858614857,82.34816856739782,82.58675448506959,23601600
2018-01-23,84.33026885986328,84.69732256673645,83.99992122377415,84.33026885986328,23412800
2018-01-24,84.2568588256836,85.73424495709853,84.03662939643829,84.92673238255419,33277500
2018-01-25,84.72483825683594,85.55987849464731,84.35778460243885,84.85330598573,26383200
2018-01-26,86.31237030029297,86.31237030029297,84.95428033012656,85.4498019141502,29172200
2018-01-29,86.18386840820312,87.58784217343296,86.00034507978118,87.3033789140891,31569900
2018-01-30,85.10108184814453,85.94530753877152,84.51379867264522,85.6149598774322,38635100
2018-01-31,87.18409729003906,87.54197271331725,85.80765120021006,86.02788061431198,48756300
2018-02-01,86.49586486816406,88.15677406285691,85.87187576171584,86.98220798035814,47227900
2018-02-02,84.22015380859375,86.22976750340277,83.96321830442898,85.92694765879396,47867800
2018-02-05,80.75149536132812,85.55987789757307,80.75149536132812,83.10062753153034,51031500
2018-02-06,83.80720520019531,83.9448511917385,78.22800941724392,79.73292305592652,67998600
2018-02-07,82.2288818359375,84.21096036880702,81.8526499147874,83.03639427511158,41107600
2018-02-08,78.00780487060547,82.47666287879102,77.77839714530747,82.32066730582073,55628700
2018-02-09,80.91667938232422,81.60490244114384,76.92498704136382,79.19153610189782,63499100
2018-02-12,81.78841400146484,82.38487529999955,80.68726006645154,81.43053862253723,35720300
2018-02-13,82.4307632446289,82.58675877541722,80.56797413907132,81.60489425668148,26407700
2018-02-14,83.72147369384766,83.8874233824261,81.50882055793865,81.60101326629272,34960900
2018-02-15,85.42708587646484,85.48240010469493,83.5463247442474,84.09026674545404,27823900
2018-02-16,84.818603515625,86.20151552946672,84.63421806065448,85.23347430623582,30596900
2018-02-20,85.48238372802734,85.79584033975138,83.905865220812,84.33917868254451,30911700
2018-02-21,84.34842681884766,86.07245997552107,84.34842681884766,85.72212473374945,26922500
2018-02-22,84.5696792602539,85.49162056806333,84.22855844417698,84.86470019739876,24392800
2018-02-23,86.71778106689453,86.72700244774025,85.15048394805056,86.2936889880762,26329200
2018-02-26,87.97162628173828,87.99928339190234,86.89295678222163,87.03124936689498,30199800
2018-02-27,86.84687042236328,88.35885363998281,86.84687042236328,88.26666091380682,25869100
2018-02-28,86.45042419433594,88.23899239313857,86.32135298760309,87.43690100799597,31167300
2018-03-01,85.60224151611328,87.1879815518945,84.67107890740857,86.65325395213509,37135600
2018-03-02,85.78663635253906,85.87882907101176,83.76758275887514,84.4313815860443,32830400
2018-03-05,86.33057403564453,86.91139446369833,85.05829770254199,85.13204765335209,23901600
2018-03-06,86.03558349609375,87.1142534005489,85.68524824607616,86.97596076395976,22175800
2018-03-07,86.53339385986328,86.60715083739522,85.21501778035308,85.88803789109012,26716100
2018-03-08,87.05892944335938,87.676628512817,86.4504447238185,86.91141543843254,25887800
2018-03-09,89.00421142578125,89.00421142578125,87.58442101992217,87.85178483341384,36937300
2018-03-12,89.21624755859375,89.62190394074366,88.54323441604853,88.9673265274538,26073700
2018-03-13,87.04048156738281,89.64957010239641,86.63482514427864,89.42830615972773,35387800
2018-03-14,86.5241928100586,87.96242607446733,86.20151474985138,87.69506224348015,32132000
2018-03-15,86.82841491699219,87.19719277156749,85.58379581242153,86.22915178253889,27611000
2018-03-16,87.21565246582031,87.93476561123468,86.58873205092108,87.28940946377422,49081300
2018-03-19,85.63911437988281,86.57027692737881,84.92000139554342,86.42276296451284,33344100
2018-03-20,85.86040496826172,86.45044693535345,85.74055511158389,85.78665499776656,23075200
2018-03-21,85.26112365722656,86.70857103247776,85.01219559898006,85.67599437583337,24457100
2018-03-22,82.78111267089844,84.58811682940414,82.66126283046661,84.1455818971447,38604700
2018-03-23,80.37484741210938,83.39881392363783,80.28265468360752,82.51375106908226,44068900
2018-03-26,86.45966339111328,86.66249162458757,83.34350399041685,83.53711084040923,56396800
2018-03-27,82.48607635498047,87.713481021518,81.60101368925872,87.5290956038541,56569000
2018-03-28,82.41234588623047,84.1087218166402,81.93293942576874,82.8087809922076,52501100
2018-03-29,84.14556884765625,85.08595279517539,81.49960214876207,83.14065633240378,45867500
2018-04-02,81.6102523803711,83.78603472032339,80.67909659940072,83.40804239120337,48515400
2018-04-03,82.70735168457031,83.02081537851065,81.02941883024158,82.58750184992319,37213800
2018-04-04,85.1228256225586,85.51926058702551,80.88189786114546,80.992526294302,35560000
2018-04-05,85.16893005371094,85.80507176637856,84.26543156861413,85.22425131167347,29771900
2018-04-06,83.18677520751953,85.24270058044334,82.4953191609223,84.34841630142752,38026000
2018-04-09,83.6845932006836,85.89725331748375,83.54630765838883,83.93352124451938,31533900
2018-04-10,85.62989807128906,85.9986759664468,84.4866929267681,85.17814884249384,26812000
2018-04-11,84.68951416015625,86.00789027913665,84.33917905716982,84.82780673870577,24872100
2018-04-12,86.27526092529297,86.80998852020936,85.21502711712517,85.21502711712517,26758900
2018-04-13,85.81429290771484,86.82842687203943,85.22425107269495,86.70857704218815,23346100
2018-04-16,86.81922912597656,87.27098552409899,86.12777300289515,86.72703638300347,20288100
2018-04-17,88.57091522216797,89.00422883105159,87.47380264085457,87.58443814754456,26771000
2018-04-18,88.91199493408203,89.17013729634004,88.06380384313907,88.70916678263593,21043300
2018-04-19,88.60777282714844,89.49283557037,87.89787413588984,88.91201512340213,23552500
2018-04-20,87.58441925048828,88.60777460654438,86.70857787152482,88.42338916903215,31154400
2018-04-23,87.90711212158203,88.77373929865207,87.24331318032453,88.26666870912071,22331800
2018-04-24,85.85118103027344,88.93968314550202,85.19660351594204,88.7276335401405,34524800
2018-04-25,85.1043930053711,86.01711989082281,83.23285342696254,86.01711989082281,33729300
2018-04-26,86.90219116210938,87.7227183776892,85.83273585011307,86.24761366618918,42529000
2018-04-27,88.34041595458984,90.258055565599,86.57951171185313,89.98147035933371,48272800
2018-04-30,86.21994018554688,88.8751354127014,85.87882643428568,88.81059980836658,41523600
2018-05-01,87.58441925048828,87.85178305857852,85.54692992040778,85.93414355949561,31408900
2018-05-02,86.21070098876953,87.74111932209856,85.91568016343795,87.57516966823384,27471000
2018-05-03,86.72701263427734,87.51988266767174,85.23346528521623,85.70365728963698,31142500
2018-05-04,87.73193359375,87.92554041410197,85.66678010895505,86.03555801937226,22531300
2018-05-07,88.7092056274414,89.16095495920908,87.67662869240321,87.74116431122717,24242000
2018-05-08,88.33119201660156,88.65387709252711,87.63973605479616,88.36807051196031,23484600
2018-05-09,89.37297821044922,89.40063531980466,87.63050998252741,88.51557265116604,27327400
2018-05-10,90.26726531982422,90.30413677764604,89.47439533344654,89.85238756387139,22388100
2018-05-11,90.07365417480469,90.23038952757534,89.46517662859767,90.16585392367682,16778300
2018-05-14,90.3779067993164,90.98639144895537,89.71410792111175,90.27649269104325,19454100
2018-05-15,89.72332000732422,90.21194773263723,88.81981450919298,89.64956302097609,24594000
2018-05-16,89.95481872558594,90.18630307276226,89.4640730398668,90.14926472949304,17384700
2018-05-17,89.05663299560547,90.31590805118437,88.73255641461229,89.5936782237311,17246700
2018-05-18,89.22331237792969,89.75109631840802,88.89923575909921,88.89923575909921,17865800
2018-05-21,90.3714599609375,90.75109756455876,89.63071451614934,89.8158991112615,19422500
2018-05-22,90.27890014648438,90.89927653410018,90.00111608952761,90.44556916779003,15441200
2018-05-23,91.35296630859375,91.4177816291444,89.18626961641154,89.54738455438522,21251200
2018-05-24,91.02888488769531,91.61222985138575,89.63997907218899,91.4177838849357,26649300
2018-05-25,91.07518005371094,91.64926363878983,90.61221147152018,91.01962608443682,18363900
2018-05-29,90.7511215209961,91.55668249315906,90.02889151932943,90.59370680282306,28671000
2018-05-30,91.62151336669922,91.89929744415662,90.65854457735671,91.0289139281765,22158500
2018-05-31,91.51966094970703,92.58449050899078,91.30669927645587,91.93633707169249,34140900
2018-06-01,93.32524108886719,93.39005643102689,91.82521980187359,91.92707349160206,28655600
2018-06-04,94.14006042480469,94.31599080384456,93.38079198564529,93.76042973739611,27281600
2018-06-05,94.62153625488281,94.75116691352652,94.01041423755586,94.44560590486304,23514400
2018-06-06,94.89930725097656,95.00116091413523,94.35300766161707,94.89005296475533,21122900
2018-06-07,93.4085693359375,95.08452095869472,92.94560060140589,95.04748261221113,28232200
2018-06-08,94.10299682617188,94.39929645305597,93.09372865046493,93.60298988124116,22165100
2018-06-11,93.56596374511719,94.06596365315312,93.21410306214432,93.52892540668107,23490900
2018-06-12,93.80670928955078,93.93633995149872,93.28818664175898,93.61226329662885,18325200
2018-06-13,93.38079833984375,94.45488926382836,93.1122756088476,94.18636653283221,29492900
2018-06-14,93.9085464477539,94.47336868877716,93.51965453029725,94.12151510598399,25691800
2018-06-15,92.71409606933594,94.0104096569519,92.65854209386436,93.99189401990827,65738600
2018-06-18,93.39004516601562,93.62152951214112,92.05669307174348,92.60299980205728,23586000
2018-06-19,93.39004516601562,93.51967583469857,92.13076975794563,92.26966177848924,28653100
2018-06-20,94.32521057128906,94.92706400706899,93.63075777830687,93.86224204263428,26180800
2018-06-21,93.64929962158203,94.87153659673513,93.40855394128701,94.51968295964326,23198200
2018-06-22,92.9733657836914,93.30669670568508,92.2511287704061,92.9733657836914,38923100
2018-06-25,91.10298156738281,92.6955950492168,90.09371317734954,92.59374136856404,35433300
2018-06-26,91.74186706542969,92.6678043420747,91.43630606869505,91.50112139548656,26897200
2018-06-27,90.31591033935547,92.61223051229025,90.18627970367397,92.20482297057978,31298400
2018-06-28,91.3251953125,91.76964833433253,90.0566657054997,90.16777366270198,26650700
2018-06-29,91.30667114257812,92.51039237162696,91.04740984754372,91.60297077466609,28053200
2018-07-02,92.60301971435547,92.64931235492985,90.74188319329328,90.83447553878516,19564500
2018-07-03,91.71410369873047,93.17707944421058,91.61225001802502,93.03819448355938,14670300
2018-07-05,92.37150573730469,92.51965202978053,91.69556840942492,92.13076006464794,18977400
2018-07-06,93.66780090332031,93.91780081328257,92.28814953097837,92.49185682430884,19234600
2018-07-09,94.30671691894531,94.67709326880646,93.75115592632424,94.12153227618539,18212000
2018-07-10,94.55670166015625,94.91781657342298,94.31595602986522,94.4455866620974,19293100
2018-07-11,94.42708587646484,94.76041679437802,93.61225655791498,93.6585562471383,19644600
2018-07-12,96.47343444824219,96.67714183711544,95.12156648903394,95.15859777397199,24335900
2018-07-13,97.62158966064453,97.77899733819176,96.38082975303477,96.64009818377082,24635200
2018-07-16,97.14009094238281,97.98269025883917,96.7789688760828,97.59379826662854,21786900
2018-07-17,98.10306549072266,98.61233389054198,96.59379005978633,96.86231275565999,25901700
2018-07-18,97.33454895019531,98.1956710759819,96.96417255099874,98.09381738959429,29493900
2018-07-19,96.66787719726562,97.51047665564468,96.19564709041788,97.15862294595291,40171600
2018-07-20,98.39936065673828,100.18642005351673,98.22343736116461,100.07531209091051,56004000
2018-07-23,99.97344970703125,100.13085734990607,98.26972143061766,98.42713613783334,29707000
2018-07-24,99.68641662597656,100.76050025841461,99.31604028004091,100.52901592524748,26316600
2018-07-25,102.62164306640625,102.9179427498951,99.6308621756524,99.96420020262006,30702100
2018-07-26,101.50125122070312,102.77904217484927,101.39013619951346,102.53829649444222,31372100
2018-07-27,99.70494842529297,102.0197921321726,98.27900385413403,102.0197921321726,37005300
2018-07-30,97.56600952148438,99.5660302864175,97.00118723993991,99.2512150157025,34668300
2018-07-31,98.22344207763672,98.8160414544634,97.57528165249755,98.60307274200609,27655200
2018-08-01,98.40861511230469,98.56602275786062,97.61230846916875,98.17713078730799,23628700
2018-08-02,99.60308074951172,100.08456506461589,97.07526866827604,97.59379838955135,26104300
2018-08-03,100.03827667236328,100.04753802429829,98.90863192390808,99.81605367631458,18659600
2018-08-06,100.12162017822266,100.39014290321373,99.59383608133469,100.11236588947102,20265900
2018-08-07,100.8160629272461,101.01977028828554,100.158648212109,100.51976323782738,16080200
2018-08-08,101.38087463378906,101.62162031368665,100.70494434992038,101.23272833685746,15487500
2018-08-09,101.54754638671875,102.00126076966394,101.48273105548961,101.58458472804129,13677200
2018-08-10,100.92716217041016,101.56606114565591,100.35307852132405,101.31605412736812,18183700
2018-08-13,100.1956787109375,101.46421540986564,100.09382503839298,101.14939304081679,18472500
2018-08-14,101.44569396972656,101.62162432710075,100.0382723037571,100.51975661822678,16788300
2018-08-15,100.0700454711914,101.30627597192837,99.28926122130389,100.84152563722998,29982800
2018-08-16,100.05146789550781,101.18546003279687,99.73544102001598,100.66494184185572,21384300
2018-08-17,99.99566650390625,100.29310638325525,99.16841161785665,99.79117525719266,18061500
2018-08-20,99.33572387695312,100.2931082851528,98.97321923873241,99.93060364693207,17914200
2018-08-21,98.50846862792969,99.78187980689859,98.38762902126463,99.38219429802247,22881900
2018-08-22,99.51235961914062,99.77261872481697,98.3225996551752,98.38766443159429,18000600
2018-08-23,99.9770736694336,100.55336654482637,99.33572313282315,99.59598214379854,18167700
2018-08-24,100.75786590576172,100.90658231335225,99.97708171844951,100.07932735121095,17234000
2018-08-27,101.8732681274414,101.91044900380632,100.86011583972417,101.56653121607623,19662300
2018-08-28,102.48674774169922,102.70982592096776,102.04988128413306,102.1893078054987,19151500
2018-08-29,104.12266540527344,104.13196239791111,102.49603917853085,102.66334958837119,20818000
2018-08-30,104.05757904052734,104.6710527797784,103.58353888731635,103.79732003291517,22798700
2018-08-31,104.41081237792969,104.8290848444807,103.65791200999955,103.81593251408819,23222700
2018-09-04,103.83450317382812,104.06687830592196,102.44954937217618,103.03513215210322,22634600
2018-09-05,100.84152221679688,103.56495936941458,100.47901753535008,103.18386779548231,32872400
2018-09-06,101.07389831542969,101.30627347705618,99.93061649148257,100.61844498426937,23477600
2018-09-07,100.58126068115234,101.05530798034968,99.6703540498615,100.59985466470427,22498600
2018-09-10,101.66879272460938,101.91046491294493,100.72070504964397,101.16686145261774,20727900
2018-09-11,103.39765930175781,103.72298313921084,101.21333400282717,101.22263099576233,24301800
2018-09-12,103.83450317382812,103.96463268047857,102.71910537638819,103.57424416052721,18891100
2018-09-13,104.94991302490234,105.71210321054599,104.21560672178413,104.21560672178413,26055600
2018-09-14,105.3774642944336,105.71208501018056,104.51302862734151,105.36816730468358,19122300
2018-09-17,104.23419952392578,105.6842182296893,103.97394048356074,105.67492832933839,20736500
2018-09-18,105.22877502441406,105.68422838883441,103.84382094560985,104.2806874160147,22170900
2018-09-19,103.8252182006836,105.33101178389668,103.21175146854074,105.08004973245804,21728400
2018-09-20,105.56340026855469,105.77718856208585,104.03901960046586,104.36434344581507,23714500
2018-09-21,106.2047348022461,107.16211923386406,105.50760938991927,105.96306267367873,71229700
2018-09-24,106.58580780029297,106.79959600982471,104.308534686083,105.06142773114769,27334500
2018-09-25,106.38133239746094,106.98550915785572,105.73068486566733,106.70666325488398,22668000
2018-09-26,105.94446563720703,106.94832074526364,105.72138042072714,106.39991887735013,19352000
2018-09-27,106.34416198730469,106.80891226517976,106.14896063005388,106.68807265435531,19091300
2018-09-28,106.30699920654297,106.49289651272038,105.66564144463385,106.13968879437223,21647800
2018-10-01,107.45956420898438,107.52462896688472,106.64160623944751,106.66019313105043,18883100
2018-10-02,107.03199005126953,107.67334061033199,106.37204550990008,107.17141655246621,20787200
2018-10-03,107.05059051513672,107.98938817793095,106.8275123398535,107.2829656827522,16648000
2018-10-04,104.8383560180664,106.66947302893317,103.76013209818575,106.53004654391059,34821700
2018-10-05,104.22489929199219,105.19158076295881,102.83994538937422,104.68964959006114,29068900
2018-10-08,103.0351333618164,104.13194428183779,101.63158556186352,103.78803362087793,29640600
2018-10-09,104.34574890136719,105.10793917953494,102.98867875202107,103.30470558104132,26198600
2018-10-10,98.6758041381836,103.63933479529852,98.33188630385,103.39766261194173,61376300
2018-10-11,98.44340515136719,101.25049364923605,96.85395299459222,97.92288002907678,63904300
2018-10-12,101.84537506103516,103.39763927880637,99.56810154833016,101.32485702190863,47742100
2018-10-15,100.0142593383789,101.76172493850389,99.41008255304902,101.23190990031263,32068100
2018-10-16,103.17456817626953,103.55566683202471,101.26908908054749,101.81749813051985,31610200
2018-10-17,102.90502166748047,103.92747101938822,101.82680454284991,103.80663848131293,26548200
2018-10-18,100.85081481933594,102.73769989744052,100.22805112103549,102.33801435689176,32506200
2018-10-19,100.99954223632812,103.04444079334209,100.58126269635228,101.250504287092,32785500
2018-10-22,101.901123046875,102.74697178781186,100.60911809943138,101.61298020135916,26545600
2018-10-23,100.47899627685547,101.28766421366028,97.69979194325478,100.17225942928893,43770400
2018-10-24,95.10649108886719,100.8415074847166,94.42795260207944,100.76715283411023,63897800
2018-10-25,100.66492462158203,101.56653430764854,98.6664967781825,99.03829846162175,61646800
2018-10-26,99.41938018798828,101.08318706047258,97.37448176912268,98.23891758350779,55523100
2018-10-29,96.52865600585938,101.03673343692493,94.46516310923462,100.48833137258448,55162000
2018-10-30,96.41712951660156,97.02129941609232,93.05233377407522,96.35206473858584,65350900
2018-10-31,99.27995300292969,100.51619045540677,97.9600639035989,98.00654176842419,51062400
2018-11-01,98.45269775390625,99.75399995807089,98.09019310231041,99.50303792678396,33384200
2018-11-02,98.6758041381836,99.75402133276432,97.57899295713725,98.97324409788118,37680200
2018-11-05,99.93060302734375,100.14438417598113,98.43410662077727,98.87097300041826,27922100
2018-11-06,100.12581634521484,101.16685258862607,98.78733307051179,99.80978242023106,24340200
2018-11-07,104.06689453125,104.32715358512853,101.6873750769007,101.72455595481581,37901700
2018-11-08,103.87169647216797,104.29926591538782,103.09091933886052,103.9181743407574,25644100
2018-11-09,101.84537506103516,103.5928335434788,101.09248188422336,103.03513463133946,32039200
2018-11-12,99.33572387695312,102.20787710155213,98.62000449988312,101.70594596597122,33621800
2018-11-13,99.4007797241211,101.07387626795924,99.12192675438527,99.96777556213182,35374600
2018-11-14,97.9911880493164,101.0624569322997,97.52442999030065,100.91309093477652,39495100
2018-11-15,100.14763641357422,100.6330689210732,97.00169076152463,98.00988304216717,38505200
2018-11-16,101.09046173095703,101.64123282443465,99.69952470303977,99.96090807771814,33502100
2018-11-19,97.6644515991211,101.34249998868756,96.6655897116925,101.07177947984925,44773900
2018-11-20,94.94793701171875,96.12416948190176,92.74483809011541,95.03195717781371,64052500
2018-11-21,96.25483703613281,97.48707789309091,95.44267553775693,96.71225789003643,28130600
2018-11-23,96.2175064086914,96.90830634475891,95.2186444430479,95.37734047446725,13823100
2018-11-26,99.3914566040039,99.5408154709154,97.6271118105025,97.82314932954017,32336200
2018-11-27,100.01690673828125,100.19427706281394,98.35524934685522,99.20474522938963,29124500
2018-11-28,103.73231506347656,103.92835259637006,100.68905048154271,100.7170548259328,46788500
2018-11-29,102.86415100097656,103.73232134041753,101.78126880461438,102.99484269748051,28123200
2018-11-30,103.51761627197266,103.59229928120484,102.08933755068496,103.34024590558715,33665600
2018-12-03,104.63780975341797,105.87938779888493,103.36823448839264,105.4873127704729,34732800
2018-12-04,101.30517578125,105.15126512305604,101.01578803579704,104.49780662617408,45197000
2018-12-06,101.93063354492188,101.9773050804278,98.01919848806772,98.78468146756418,49107400
2018-12-07,97.85114288330078,102.17331922476725,97.36571771665636,101.17445742999372,45044900
2018-12-10,100.4369888305664,100.80106664401333,96.98298227965387,97.83248530742621,40801500
2018-12-11,101.3705062866211,103.57360477429087,100.29696850740977,102.50006699507954,42381900
2018-12-12,101.82793426513672,103.87232960814295,101.79059276780917,103.51759606677477,36183000
2018-12-13,102.17333221435547,103.49893046219002,101.40784931283866,102.2946938630668,31333400
2018-12-14,98.98070526123047,101.99596522488383,98.48594289617951,101.05311202380504,47043100
2018-12-17,96.04948425292969,98.76601989854912,94.94793481758353,98.40194913893302,56957300
2018-12-18,97.05766296386719,97.56176247568864,95.70406044448677,96.85228829732932,49319200
2018-12-19,96.7962646484375,99.77417548632292,94.61183376828855,96.75892315828031,68198200
2018-12-20,94.76123809814453,97.37507936805405,92.21273555976477,96.1988540015685,70334200
2018-12-21,91.69927215576172,96.15213997014261,90.98046090738043,94.87322059296945,111242100
2018-12-24,87.87187957763672,91.45658558036291,87.73185784180502,91.1858650208157,43935200
2018-12-26,93.87435913085938,93.99572075928221,87.71315545081991,88.81470452711191,51634800
2018-12-27,94.45315551757812,94.46249267241144,89.99094987700683,92.69814788351881,49498500
2018-12-28,93.7156753540039,95.60138175665949,92.90351382943496,95.3026497844539,38196300
2018-12-31,94.81722259521484,95.59204260708847,93.76235204848614,94.55583924715195,33173800
2019-01-02,94.39714813232422,94.98526069599663,92.36208280255053,92.93152817846168,35329300
2019-01-03,90.92447662353516,93.52898759940106,90.73776911574217,93.44496744035342,42579100
2019-01-04,95.15330505371094,95.69474615051092,92.35275649777576,93.09023513883162,44060600
2019-01-07,95.2746353149414,96.40418875666435,94.26644350456684,94.88256032634231,35656100
2019-01-08,95.96544647216797,97.05765846945678,94.9479103411205,96.18948831521553,31514400
2019-01-09,97.33772277832031,97.90716818175943,96.37620231347934,96.95498487233168,32280800
2019-01-10,96.71226501464844,96.85229385187884,95.57337425101286,96.3575314662056,30067600
2019-01-11,95.96544647216797,96.5628961350693,94.88256450680822,96.3295171379309,28314200
2019-01-14,95.26532745361328,96.03081042375756,94.52784882886306,95.12529860447991,28437100
2019-01-15,98.0285415649414,98.0658830688995,95.10663119915357,95.69475098378877,31587600
2019-01-16,98.37391662597656,99.1954152901307,97.9818416029005,98.26189926061888,29853900
2019-01-17,99.06472778320312,99.5408158503254,97.7951453598856,98.01918722218798,28393000
2019-01-18,100.54900360107422,100.72637391327882,98.86867913961747,100.31562461013621,37427600
2019-01-22,98.65398406982422,99.97957525390608,97.8885011345778,99.65284603559897,32371300
2019-01-23,99.6155014038086,99.92356342373857,98.33658179274825,99.06473032771797,25874300
2019-01-24,99.13941192626953,99.88622769246155,98.33658747037018,99.7555360017024,23164800
2019-01-25,100.04493713378906,100.70773283206964,99.1394252106484,100.11028298792478,31225600
2019-01-28,98.09387969970703,99.4008037467752,97.70180462223551,99.19542905224351,29476700
2019-01-29,96.09616088867188,97.99119765448269,95.37734941891803,97.90717749209949,31490500
2019-01-30,99.30742645263672,99.30742645263672,97.39372298496679,97.66444347127516,49471900
2019-01-31,97.48706817626953,98.22454661049599,96.3201732718912,96.89895570844092,55636400
2019-02-01,95.94679260253906,97.17903368503482,95.54538035706587,96.8803087899499,35535700
2019-02-04,98.70999145507812,98.76600726473622,95.93744746945329,96.03080477816253,31315100
2019-02-05,100.09159851074219,100.13827004297114,98.91536621726684,99.00871640388745,27325400
2019-02-06,98.98070526123047,99.88621696579344,98.51394723802584,99.88621696579344,20609800
2019-02-07,98.27125549316406,98.56998041736473,97.35641352874624,98.19657960373688,29760700
2019-02-08,98.6446304321289,98.74731775817665,97.3283766234031,97.44973113502242,21461100
2019-02-11,98.2525634765625,99.49414152244987,97.9911801241993,99.13940086810365,18914100
2019-02-12,99.7835464477539,100.01692549868835,98.46729230400868,99.0834092949506,25056600
2019-02-13,99.70884704589844,100.6143587541668,99.61549686530796,100.35297539964856,18394900
2019-02-14,99.79286193847656,100.15693260911968,98.63530409135902,99.24208379432295,21784700
2019-02-15,101.02511596679688,101.09979896595313,100.22229153127412,100.73572824776988,26606900
2019-02-19,100.97843933105469,101.43586736841188,100.6143686055911,100.62370576121305,18038500
2019-02-20,100.45342254638672,101.1940505879116,99.64716959751549,101.11904865020766,21607700
2019-02-21,102.57220458984375,102.637829512414,100.19094615966888,100.21907010468755,29063200
2019-02-22,104.0346908569336,104.25031250377266,102.95656116500119,103.17218996441927,27763200
2019-02-25,104.61592864990234,105.16905899285679,104.30655817773899,104.7753095536828,23750600
2019-02-26,105.33782958984375,106.16282959177087,104.22219881640638,104.3065777992899,21536700
2019-02-27,105.1596908569336,105.33781868368321,103.95031134640085,104.70969350341102,21487100
2019-02-28,105.02845764160156,105.82533374360462,104.74721103931935,105.03783467411833,29083900
2019-03-01,105.49720001220703,105.95657442969933,104.69094694737922,105.83470162783632,23501200
2019-03-04,105.24407958984375,106.17220547605116,103.8753261877115,105.95657665775063,26608000
2019-03-05,104.71908569335938,105.36596507352381,104.27846527699195,105.23471522140066,19538300
2019-03-06,104.76593017578125,105.6190610941191,104.46592958800294,104.87843307841493,17687000
2019-03-07,103.49095153808594,104.5784584086641,103.00345314434466,104.43783153366452,25339000
2019-03-08,103.60343933105469,103.79093703527211,102.00031035648524,102.33781194613975,22818400
2019-03-11,105.7784423828125,105.89093814088794,104.04406363755533,104.0534335156758,26491600
2019-03-12,106.5190658569336,106.86593729947653,105.60968703796071,105.76906079007928,26132700
2019-03-13,107.34407043457031,107.81282183384792,106.66906727519797,106.99719182417655,35513800
2019-03-14,107.42843627929688,108.00031352682076,107.18469071508348,107.38156543352277,30763400
2019-03-15,108.66596221923828,109.92221264479788,107.42845155155841,108.13157871133325,54681100
2019-03-18,110.22222900390625,110.25972998275344,108.7972275706145,108.90972335457573,31207600
2019-03-19,110.29721069335938,111.03783879618774,109.67845538495375,110.7097070797174,37588700
2019-03-20,110.17532348632812,111.32845505210769,109.41594852385047,110.0534506999362,28113300
2019-03-21,112.70658874511719,113.26908899951594,109.77220037782938,109.81907837927045,29854400
2019-03-22,109.73471069335938,112.11596162159397,109.72533366220217,112.03158979891641,33624500
2019-03-25,110.30659484863281,110.63471943371599,109.05033724099783,109.27533593468637,27067100
2019-03-26,110.54097747802734,111.29097555469097,109.54721947639258,111.20660372150554,26097700
2019-03-27,109.47221374511719,110.82222025013559,108.30033508522753,110.51284256730558,22733400
2019-03-28,109.62223052978516,110.23160893505876,108.87222523828217,110.10035908193281,18334800
2019-03-29,110.569091796875,110.92534031583367,109.65033582866252,110.69096459617101,25399800
2019-04-01,111.58158874511719,111.66596772298894,110.71908781897977,111.51596383014106,22789100
2019-04-02,111.740966796875,112.01284348123814,111.11283445244611,111.61908684892447,18142300
2019-04-03,112.47223663330078,112.90348715721076,111.70348445544727,112.36911073056358,22860700
2019-04-04,111.90034484863281,112.71597493294888,110.98158887483152,112.59409498033213,20112800
2019-04-05,112.39722442626953,112.71597913818316,111.90972605535296,111.92847296660453,15826200
2019-04-08,112.43470764160156,112.51907945777599,111.22532820838516,112.3222047341238,15116200
2019-04-09,111.82537078857422,112.06912360201606,111.16912146690136,111.21599233126018,17612000
2019-04-10,112.678466796875,112.82846352949575,112.06908853026442,112.27534029612453,16477200
2019-04-11,112.80974578857422,113.29724423636443,112.42536609779782,113.00662057436915,14209100
2019-04-12,113.39098358154297,113.41911467936121,112.84723728425301,113.1003599439759,19745100
2019-04-15,113.48472595214844,113.9816013318026,113.03472142472658,113.38160006362634,15792600
2019-04-16,113.22222900390625,114.04723618396625,112.59410373914596,114.03785915167104,14071800
2019-04-17,114.15971374511719,114.2347156863512,113.00658929710423,113.66283840145479,19300900
2019-04-18,115.65973663330078,115.80035634779995,113.71910589483697,114.55348291290336,27991000
2019-04-22,116.02535247802734,116.25035115495999,114.90972181924721,114.95659982187354,15648700
2019-04-23,117.60037231445312,117.73162215522176,116.09099199303388,116.34411464235058,24025500
2019-04-24,117.19722747802734,117.98472639979519,116.73784595441734,117.9284785204057,31257000
2019-04-25,121.0784912109375,123.15974874862361,120.7784977280671,121.93162226484172,38033900
2019-04-26,121.77227020263672,122.36290169989837,120.95664712939822,121.5941423348809,23654900
2019-04-29,121.6597671508789,122.04413250527764,121.26601761126727,121.78163281220323,16324200
2019-04-30,122.43785095214844,122.53159263339695,121.30346645934723,121.69721585296321,24166500
2019-05-01,119.88787078857422,122.48475072884067,119.71911997693591,122.3722549561349,26821700
2019-05-02,118.32222747802734,120.00035834760406,117.67534825748459,119.9816114387469,27350200
2019-05-03,120.84408569335938,121.3409609527497,119.29721204509215,119.40033790865364,24911100
2019-05-06,120.14097595214844,120.52535552652098,118.2284765685761,118.4909762034751,24239800
2019-05-07,117.67536163330078,119.23161989075442,116.45661214684846,118.5566166539109,36017700
2019-05-08,117.6659927368164,118.47224581504875,116.9534885194665,117.60036781894073,28419000
2019-05-09,117.65660095214844,117.928477621423,115.84722026893256,116.52222342677581,27235800
2019-05-10,119.18473052978516,119.93473564428773,116.08159849487404,117.10348028456933,30915100
2019-05-13,115.64098358154297,117.70349429405978,115.35035996559554,116.3534878024182,33944900
2019-05-14,116.93473052978516,118.0128530566601,115.9690966117004,116.12847752793819,25266300
2019-05-15,118.5814208984375,119.2306946018569,116.39836370414632,116.92531349521981,24722700
2019-05-16,121.31965637207031,121.74310575872744,118.99545881710478,119.26834188092249,30112200
2019-05-17,120.51045227050781,122.75937778703118,120.36929766667497,120.73627666366038,25770500
2019-05-20,118.76964569091797,120.05877445888662,118.33679885402535,119.05193336068817,23706900
2019-05-21,119.40949249267578,120.00230298438471,119.1083813760697,119.90820710651818,15293300
2019-05-22,120.13404846191406,120.67041008558014,119.05192783042168,119.14603089502997,15396500
2019-05-23,118.73199462890625,118.83550225171375,117.37699096964849,118.75081093348237,23603800
2019-05-24,118.78845977783203,119.8988084879173,118.53440016188009,119.41891730455738,14123400
2019-05-28,118.71316528320312,120.44455227622761,118.60965767176636,119.48476290906052,23128400
2019-05-29,117.5652084350586,117.98864355576819,116.71833101458274,117.97923181246938,22763100
2019-05-30,118.30854797363281,118.33677601725672,117.41461924423135,117.86628947937854,16829600
2019-05-31,116.37955474853516,117.26407177087881,116.04080385398036,116.8970928316203,26646800
2019-06-03,112.76622009277344,117.02883453965536,111.98521782574865,116.53952447599198,37983600
2019-06-04,115.89027404785156,116.00318624825564,113.52842907562757,114.12123966491845,29382600
2019-06-05,118.40266418457031,118.4403039755529,116.87828495552786,117.57460314106554,24926100
2019-06-06,120.27519226074219,120.41633967435168,118.18623064067764,118.97665184945737,21459000
2019-06-07,123.6438980102539,124.44373113698886,120.68924213263031,121.56435485372623,33885600
2019-06-10,124.77304077148438,126.16567696118179,124.2084511593342,124.58483466202748,26477100
2019-06-11,124.30256652832031,126.3162486192499,123.53096160581532,125.97749769002289,23913700
2019-06-12,123.72854614257812,124.18020916670162,122.9945883440867,123.64384765959167,17092500
2019-06-13,124.50955200195312,125.14940673849858,123.7944033456867,124.18961027557212,17200800
2019-06-14,124.63190460205078,125.89280531627537,123.86971856372269,124.45311738651952,17821700
2019-06-17,125.00830841064453,125.83635514955378,124.70719006332259,124.80129313638896,14517800
2019-06-18,127.1819839477539,127.25726355205478,125.68583950232961,126.26923848801587,25934500
2019-06-19,127.68067169189453,127.9064960988012,125.91163726118769,127.03139780581114,23744400
2019-06-20,128.86624145507812,129.53433856104968,127.70884875740857,129.3367279257853,33042600
2019-06-21,128.88510131835938,129.60023578679758,128.4052101516838,128.51812234193414,36727900
2019-06-24,129.64727783203125,130.2306765831175,128.91331993288702,128.91331993288702,20628800
2019-06-25,125.55406951904297,129.46852217333557,124.89539103349232,129.14859467437012,33327400
2019-06-26,126.0245361328125,127.72770971736809,125.71402760616377,126.41975751931638,23657700
2019-06-27,126.23152923583984,126.7584862059941,125.62930705663001,126.22212467423523,16557500
2019-06-28,126.05278778076172,126.65501010981465,125.30000627991733,126.62678205986786,30043000
2019-07-01,127.67121887207031,128.6310154209321,127.00313603486687,128.56515477244182,22613500
2019-07-02,128.51812744140625,128.52753200492972,127.35131544944545,128.08527343141864,15237800
2019-07-03,129.34613037109375,129.60960161248593,128.24517953471937,128.72508486290968,13629300
2019-07-05,128.96975708007812,129.22382381034333,127.70885670604983,127.91587191469429,18141100
2019-07-08,128.87571716308594,129.00745285860933,127.3795586147893,128.3487600228785,16779700
2019-07-09,128.4052276611328,128.88511889324678,127.78418181384632,127.97237360929608,19953100
2019-07-10,129.713134765625,130.40004104050394,128.93212544679722,129.0356330518975,24204400
2019-07-11,130.23069763183594,131.0023026217617,129.73198293663532,130.04250584540205,22327900
2019-07-12,130.701171875,130.91760604906926,129.86370630043865,130.6541347014395,18936800
2019-07-15,130.701171875,131.3033941493125,130.2871557273758,131.20930544407994,16651500
2019-07-16,128.9886016845703,130.84231994676125,128.46165901558197,130.75763580884046,22726100
2019-07-17,128.2264404296875,129.7884452542176,128.1793888912968,129.5720254073568,20211000
2019-07-18,128.3675079345703,128.55569962336196,126.72080553095867,127.54886619136857,30381800
2019-07-19,128.55572509765625,132.36666857280315,128.39576141258004,131.94323359958867,48992400
2019-07-22,130.25892639160156,130.97407528530488,129.22386438151926,129.29914396812555,25074900
2019-07-23,131.06814575195312,131.7268384535232,129.88252473372688,131.51040428787084,18034600
2019-07-24,132.41375732421875,132.43258080955212,130.6541419355265,130.70117911169137,20738300
2019-07-25,131.91502380371094,132.3102307905793,131.09638178506293,132.14084816300124,18356900
2019-07-26,132.99716186523438,133.31708933909624,132.018555957506,132.08441662183617,19037600
2019-07-29,132.70541381835938,133.15707681350554,131.14339527743206,133.14767225293647,16605900
2019-07-30,132.0655975341797,132.88423964323982,131.54805939013113,131.8679868398659,16846500
2019-07-31,128.2264404296875,132.19734905355295,127.10667986331171,132.0467898739482,38598800
2019-08-01,129.9107666015625,132.62077419796006,128.8474622180652,128.91333723847524,40557500
2019-08-02,128.81924438476562,130.15543916148184,127.27604868290362,129.9390049556382,30791600
2019-08-05,124.40606689453125,126.02452750847426,123.06046781931991,125.4317241855099,42749600
2019-08-06,126.73970794677734,127.67126241184933,125.34707135259227,125.90224220565136,32696700
2019-08-07,127.2948226928711,127.64297809843441,124.04846880626354,125.89276779358653,33414500
2019-08-08,130.6917724609375,130.78587552798916,127.90648535868692,128.53695006333118,27496500
2019-08-09,129.5813751220703,131.15279802986893,128.4051590810738,130.4282449283454,23466700
2019-08-12,127.77471923828125,129.72254026892156,127.25719556712986,128.9791779055179,20484300
2019-08-13,130.4188690185547,130.60706075483375,127.03136033309518,128.01938489619664,25154600
2019-08-14,126.49139404296875,129.26706965994273,126.19872331161433,128.7383722864092,32527300
2019-08-15,126.20817565917969,127.0578803254502,124.85811000459772,126.87849774904004,28074400
2019-08-16,128.52120971679688,128.83276655962823,127.19001622631394,127.34107670876318,24449100
2019-08-19,130.67379760742188,130.80597195482486,129.23875154567287,130.14510021780998,24355700
2019-08-20,129.58802795410156,130.9569936392138,129.5691562000133,130.48494048046314,21170800
2019-08-21,131.03257751464844,131.69346380484316,130.2867394751016,130.80600110057173,14970300
2019-08-22,130.0790557861328,131.41968594051627,128.67233122970862,130.909874520765,18697000
2019-08-23,125.93436431884766,130.61713885506643,125.37734494631088,129.52197186755822,38508600
2019-08-26,127.87922668457031,127.98307897916995,126.41585868100178,127.44494574782449,20312600
2019-08-27,128.15306091308594,129.07828153400453,127.13342385075823,128.76672456446607,23102100
2019-08-28,127.98307800292969,128.17189642641898,126.08542907709038,127.34109248188159,17393300
2019-08-29,130.40000915527344,130.7021302056867,129.25764814746918,129.57864095908982,20168700
2019-08-30,130.15451049804688,131.4007234704586,128.6533847608089,131.3724014305802,23940100
2019-09-03,128.43629455566406,129.5314620018941,128.11530167153975,128.97444239604408,18869300
2019-09-04,129.93736267089844,129.9940067474354,128.8516317155675,129.62580584402536,17995900
2019-09-05,132.2221221923828,132.5336790754862,131.00421670334944,131.33465975068032,26101800
2019-09-06,131.32522583007812,132.3448482188125,130.475521298236,132.20323799980014,20824500
2019-09-09,129.8335418701172,131.9388955253425,128.8327911929049,131.78783501400997,25773900
2019-09-10,128.47406005859375,129.23878429132327,126.99180541022497,129.15381813344823,28903400
2019-09-11,128.5117645263672,128.65338913649668,127.53933604167992,128.3135102404754,24726100
2019-09-12,129.8335418701172,130.68323203599695,129.21986394505,130.1450987725193,27010000
2019-09-13,129.6447296142578,130.34335930210972,128.9366496402951,130.07901059763753,23363100
2019-09-16,128.7100830078125,129.05939791726803,128.07753317445375,128.23802960328268,16731400
2019-09-17,129.71083068847656,129.8335691804926,128.80448183575498,129.30487168554095,17814200
2019-09-18,130.77761840820312,130.91922860133747,128.8988415457411,129.68245156156436,23982100
2019-09-19,133.1851348876953,134.412462034287,132.24102821744046,132.45816871794023,35772100
2019-09-20,131.64625549316406,133.7327234696343,130.52276608771396,133.12849568929894,39167300
2019-09-23,131.3629913330078,131.82560875167962,130.7021195962791,131.4479574693179,17139300
2019-09-24,129.7013702392578,132.8263608025091,129.22931693590448,132.51480389358508,29773200
2019-09-25,131.5706787109375,132.13714835735334,128.42680242576486,129.81464009415427,21382000
2019-09-26,131.7406005859375,132.34482810509775,130.70209219052603,131.64619858958395,17456600
2019-09-27,130.03179931640625,132.51480430973803,129.01216244925013,132.3165355831006,22477700
2019-09-30,131.25914001464844,131.43852257437396,130.07900675953152,130.33391957629536,17280900
2019-10-01,129.40869140625,132.41094331305064,129.34259703306907,131.85392390733696,21466600
2019-10-02,127.1239242553711,128.74778845745865,126.11373787256218,128.63450029645,30521700
2019-10-03,128.66282653808594,129.10655772442053,125.77386309066239,127.40716322419455,24132900
2019-10-04,130.40000915527344,130.5227476327444,128.79503069124559,129.10658762226254,22897700
2019-10-07,129.45587158203125,130.45662211228984,129.36146958075318,129.4747577446553,15303700
2019-10-08,128.08694458007812,130.06012397653248,128.0397363674609,129.41813838389473,25550500
2019-10-09,130.51329040527344,130.9475713368054,129.3142710921859,129.77688847274337,19749900
2019-10-10,131.32522583007812,131.8633590682478,130.52272950654768,130.74932026289008,17654600
2019-10-11,131.872802734375,133.14735240443656,131.70287046152598,132.28821194257057,25446000
2019-10-14,131.7500762939453,132.4487059442759,131.72175424898182,131.8822506390827,13304300
2019-10-15,133.65719604492188,133.86488627108216,131.99555898823667,132.2315856696135,19695700
2019-10-16,132.56199645996094,133.1095799559351,131.73117813421783,132.92074713214123,20751600
2019-10-17,131.88226318359375,133.5155636908473,131.24971344270278,133.07183240298096,21460600
2019-10-18,129.7296600341797,132.17489208024338,128.92716385561022,131.9483013648318,32273500
2019-10-21,130.6926727294922,130.75876710785582,129.3520430553644,130.7115588955852,20078200
2019-10-22,128.74777221679688,132.18431859112957,128.64391994699895,131.20245437242835,27431000
2019-10-23,129.56919860839844,129.7674529326482,128.0303001972911,129.2293196466178,29844600
2019-10-24,132.11827087402344,132.57143797737498,130.91925154035994,131.5990093983485,37029300
2019-10-25,132.86410522460938,133.2511923514394,131.41962341563107,131.55179775089962,25959700
2019-10-28,136.13075256347656,137.5280264990429,135.48875249194035,136.32900691071055,35280100
2019-10-29,134.84671020507812,136.42336606339808,134.67676357288295,136.026843129502,20589500
2019-10-30,136.52725219726562,136.89545318476704,134.8089713183103,135.49817948936717,18496600
2019-10-31,135.3565673828125,136.8293714690805,134.99781664764748,136.80104942172338,24605100
2019-11-01,135.68698120117188,136.3478528401246,134.97890135816795,136.19679234952932,33128400
2019-11-04,136.47061157226562,136.89545666002584,136.10241057541697,136.73496026713525,16912000
2019-11-05,136.3856658935547,136.9143633625978,135.86640430577106,136.86715514444919,18250200
2019-11-06,136.00799560546875,136.44229098363357,135.19606334657902,136.30066634891907,16575800
2019-11-07,136.19677734375,136.78213307883354,135.734174450412,135.80025440406615,17786700
2019-11-08,137.80184936523438,137.8301714197401,135.72480266195964,135.93250733228712,16732700
2019-11-11,137.9434051513672,138.2360758696096,136.64053353501333,137.21643909236604,14362600
2019-11-12,138.84976196289062,139.32181525400387,137.89620509505104,138.10390969561473,18641600
2019-11-13,139.07635498046875,139.21797962831948,138.10392623677834,138.53822165522573,16919200
2019-11-14,139.784423828125,140.11486690743746,138.78367311604555,138.80255928210093,19729800
2019-11-15,141.58763122558594,141.6065173863453,139.9826533031139,140.60575254897546,23485700
2019-11-18,141.9369659423828,142.13523464345982,140.65298054252128,141.68206756289746,21534000
2019-11-19,141.98416137695312,142.87162370075802,141.80477885542825,142.4467787005741,23935700
2019-11-20,141.73788452148438,142.89361502395266,140.63900530933563,142.39153703820168,25696800
2019-11-21,141.605224609375,141.90837359464282,140.67685613813595,141.52943736305804,18576100
2019-11-22,141.70944213867188,142.3820449717488,140.98001693477065,142.16416565467054,15901800
2019-11-25,143.2630615234375,143.37674964327292,142.02207583187874,142.09786309345495,22420900
2019-11-26,144.0209197998047,144.39037366594638,143.34833134205698,143.38621774540442,24620100
2019-11-27,144.29566955566406,144.46618007574097,143.53781129378612,144.3051375440203,15184400
2019-11-29,143.40516662597656,144.27669844297796,143.31042893621776,144.08723751840233,11977300
2019-12-02,141.67156982421875,143.83145614764797,140.50637141538132,143.8125057188623,27418400
2019-12-03,141.44422912597656,141.55790280575013,138.92435655473975,139.72011567798677,24066000
2019-12-04,141.95579528808594,142.26839792000038,141.34002910308067,142.23051151020442,17574700
2019-12-05,142.03155517578125,142.4010235261113,141.6052644434032,142.14524330470715,17869100
2019-12-06,143.7556610107422,143.86933466734416,142.3536329112005,143.0357037606945,16403500
2019-12-09,143.38623046875,144.19145754702078,142.95993973228923,143.11151426901324,16687400
2019-12-10,143.16839599609375,143.88835358885578,142.81787796314885,143.31995612539504,16476100
2019-12-11,143.70831298828125,143.86935551011177,142.4104903709191,143.55673845422552,18856600
2019-12-12,145.16720581054688,145.35666676790927,143.06415593745186,143.6609572303962,24612100
2019-12-13,146.38916015625,146.73019547250837,144.77872122861635,144.93976367588604,23845400
2019-12-16,147.33653259277344,147.68703602021847,146.66394415335506,146.9386603212284,24144200
2019-12-17,146.54078674316406,147.50705622541088,146.3134249664761,147.2607440202635,25425600
2019-12-18,146.23765563964844,147.289180496491,146.05766268456694,146.1713508143225,24129200
2019-12-19,147.507080078125,147.5639169177524,145.65032807228027,145.8871578740238,24958900
2019-12-20,149.11753845214844,150.1406450579801,148.05653097853835,149.06070160542652,53477500
2019-12-23,149.11753845214844,149.79012707828537,148.9849143248154,149.79012707828537,17718200
2019-12-24,149.08909606933594,149.40171313101288,148.84278383319707,149.18381931366798,8989200
2019-12-26,150.31112670898438,150.3679635447825,149.1080273498001,149.2596018818904,14520600
2019-12-27,150.5858612060547,151.14477604561935,149.88483981841782,151.05003834690453,18412800
2019-12-30,149.2880096435547,150.6426834381321,148.4733146604014,150.61426502226158,16348400
2019-12-31,149.39224243164062,149.4585617173354,148.20809337232998,148.51124246988692,18369400
2020-01-02,152.1584014892578,152.26260717686054,149.98904693545595,150.41533767385138,22622100
2020-01-03,150.2637481689453,151.5236842826628,149.7332517957889,149.9795640082844,21116200
2020-01-06,150.65216064453125,150.718479922249,148.26491238072057,148.80489122518964,20813700
2020-01-07,149.2785186767578,151.2584117706458,149.03222095881404,150.92685881821455,21634100
2020-01-08,151.6563262939453,152.32892928184137,149.6290637970409,150.55743255975017,27746500
2020-01-09,153.5509490966797,153.674105204978,152.5467931657798,153.31411932222434,21385000
2020-01-10,152.84043884277344,154.62140312836723,152.68886433869304,154.24248132310657,20725900
2020-01-13,154.67828369140625,154.70670211208954,152.76469478737948,153.23835440536027,21626500
2020-01-14,153.5888671875,154.98142757393325,153.20046284462947,154.7824841808954,23477400
2020-01-15,154.5835418701172,155.30351372144347,154.00569102831227,154.05304542489407,21417900
2020-01-16,157.41600036621094,157.4823196362133,155.3887382345589,155.69188726038482,23865400
2020-01-17,158.29702758789062,158.64753102974288,156.7149919685834,158.60016218369577,34371700
2020-01-21,157.72862243652344,159.32959395002115,157.66230316439436,157.89913292781256,29517200
2020-01-22,156.9707794189453,158.66648878308445,156.95182898866327,158.58121907428676,24138800
2020-01-23,157.93707275390625,158.01286003149272,156.5634626781463,157.4349946879729,19680800
2020-01-24,156.34555053710938,158.70438049049056,155.7866356921332,158.68543005957545,24918100
2020-01-27,153.73094177246094,154.77299856024104,151.76051631780365,152.66046656819069,32078100
2020-01-28,156.7434539794922,157.02763819872118,154.47936148498258,155.1519500770846,24899900
2020-01-29,159.18746948242188,159.86007229491779,156.96127863009366,158.9980085840233,34754500
2020-01-30,163.6778106689453,164.88091010363243,161.7926402519902,164.88091010363243,51597500
2020-01-31,161.26210021972656,163.31778059909504,160.6463486864607,163.1378021414047,36142700
2020-02-03,165.19351196289062,165.30718563115278,161.4231714761802,161.45158989324574,30107000
2020-02-04,170.63111877441406,171.1237287743186,167.0218351658526,167.80811178619967,36433300
2020-02-05,170.42269897460938,174.49617396372633,169.01120277781624,174.33513145257945,39186300
2020-02-06,173.95620727539062,174.1362002133704,170.57427122162437,171.43633505355797,27751400
2020-02-07,174.20252990722656,175.85087054547617,172.86680634459037,173.21732428358098,33529100
2020-02-10,178.75912475585938,178.89174886166035,173.5962381626121,173.90885522377374,35844300
2020-02-11,174.72354125976562,180.65375376260124,173.8330589718601,180.60638491548957,53159900
2020-02-12,174.9792938232422,176.05923687401918,172.26996098288024,175.80345670398398,47062900
2020-02-13,174.03201293945312,176.41924686578838,173.23625384239782,173.43519723039753,35295800
2020-02-14,175.5856170654297,175.64245390384997,173.02784369696806,173.59624099105812,23149500
2020-02-18,177.36656188964844,177.81180305026547,175.727703793834,175.83190947940273,27792200
2020-02-19,177.89849853515625,178.75340863724387,177.12907654439266,178.63942448881184,29997500
2020-02-20,175.18179321289062,177.8700309337573,172.028110481901,177.58505602269517,36862400
2020-02-21,169.64382934570312,174.30787459136025,168.37095788184524,173.99440364976678,48572600
2020-02-24,162.32949829101562,165.8061590689165,155.05321204946463,159.3657950675832,68311100
2020-02-25,159.6508026123047,166.08165959218329,159.25182910172236,165.47371997311936,68073300
2020-02-26,161.64561462402344,164.58082272532707,159.7838056869428,161.20866567721743,56206100
2020-02-27,150.25619506835938,158.66287293546242,150.06621667754132,155.13872812835803,93174900
2020-02-28,153.89437866210938,155.50923164149168,144.3858178493649,144.77528307354186,97012700
2020-03-02,164.1343231201172,164.2578155923196,154.17930794633403,157.02902719219887,71030800
2020-03-03,156.26913452148438,166.23366029061174,154.13184460346224,165.09377523321822,71677000
2020-03-04,162.006591796875,162.1490720051714,157.32354419371018,160.049786299332,49814400
2020-03-05,157.94091796875,162.31047806976153,157.38997059841,157.73193743191692,47817300
2020-03-06,153.4764404296875,154.939290445947,148.1854528791767,154.46433707133426,72821100
2020-03-09,143.07492065429688,149.84775902864055,142.48598322850134,143.435889783358,70419300
2020-03-10,152.85897827148438,152.96346858405525,144.93676019104754,150.2372411030131,65354400
2020-03-11,145.93418884277344,149.80030204844616,143.57840950209692,149.25886270019677,56371600
2020-03-12,132.0940399169922,145.78220065599004,131.63808870236042,138.0214636849162,93226400
2020-03-13,150.87368774414062,153.799402213402,133.68037012437767,140.11124274828052,92727400
2020-03-16,128.6363525390625,141.8685592719839,128.23739349861998,132.98692659116145,87905900
2020-03-17,139.22781372070312,140.111219878546,128.23738768544888,132.98692056268771,81059800
2020-03-18,133.3668670654297,138.68634927369683,128.25637994155176,131.08709725869974,81593200
2020-03-19,135.56118774414062,142.62848121921525,132.03702760813172,135.61817982543892,85922700
2020-03-20,130.4696807861328,139.73127038304972,129.0543146964059,138.6863672974225,84866200
2020-03-23,129.1683349609375,133.5284186057588,125.8816652354361,130.14673789897077,78975200
2020-03-24,140.9091339111328,142.10602543854912,134.19330215103852,136.5490663326342,82516700
2020-03-25,139.56028747558594,146.59909944242216,137.20452297118143,141.4506069839255,75638200
2020-03-26,148.2899169921875,148.81236851080732,140.93763483465182,140.96613087253797,64568100
2020-03-27,142.20101928710938,147.1310370046496,141.7260659731949,144.1483307730437,57042300
2020-03-30,152.2035369873047,152.55501230058746,142.49548995938957,144.8037706334884,63420300
2020-03-31,149.80975341796875,156.52558451872216,148.71735229790227,151.41508315184382,77927200
2020-04-01,144.49024963378906,149.84772065130784,143.26487686939925,145.33566567131598,57969900
2020-04-02,147.4824981689453,147.69147878711792,142.82796147930063,144.25282142442757,49630700
2020-04-03,146.12408447265625,149.49625465817675,144.56623875663473,147.3304695040595,41243300
2020-04-06,156.99111938476562,158.15950082793725,149.68633291330357,152.28908306984792,67111700
2020-04-07,155.3002471923828,161.48413441584339,155.0817582215985,161.09466920123717,62769000
2020-04-08,156.8580780029297,158.32092775680474,155.30972564119622,157.3710211779595,48318200
2020-04-09,156.86758422851562,158.98587200804732,155.14825550424828,158.02647150570388,51385100
2020-04-13,157.2190704345703,157.27607701831892,154.1698777004756,156.1171895540331,41905300
2020-04-14,164.998779296875,165.04627752742255,159.58431438622728,160.53422101947862,52874300
2020-04-15,163.26998901367188,164.8753338600931,160.76223558628584,162.62404483836073,40940800
2020-04-16,168.17141723632812,168.39939998294219,164.23880544736662,165.56868306098383,50479600
2020-04-17,169.65330505371094,170.98316834305447,167.06004989785689,170.50821509765711,52765600
2020-04-20,166.29063415527344,169.795791556013,166.22414823554044,167.781994358711,36669600
2020-04-21,159.413330078125,164.97027490463032,157.78898343996238,164.8087925244848,56203700
2020-04-22,164.82777404785156,165.28372509311845,162.26302948839455,162.8044686369448,34620200
2020-04-23,162.83302307128906,166.29068326802962,162.34857581784783,165.38827470051632,32790800
2020-04-24,165.80624389648438,165.8157377470091,162.15860506388518,163.44097061728124,34277600
2020-04-27,165.3312225341797,168.03844725298504,164.61879268800635,167.74397856900762,33194400
2020-04-28,161.30361938476562,166.87007201792395,160.9046603967209,166.7940777590931,34392700
2020-04-29,168.54190063476562,168.7793772559572,163.26993123985068,164.54280245077612,51286600
2020-04-30,170.23275756835938,171.36313417668887,167.4020256405569,170.98317735810693,53875900
2020-05-01,165.82521057128906,169.69132309324073,165.29325067285902,166.9935916904016,39370500
2020-05-04,169.88124084472656,170.0332293328469,165.09371942429624,165.74915709669764,30372900
2020-05-05,171.70513916015625,174.45036909184662,170.88821877419855,171.57215279474113,36839200
2020-05-06,173.39590454101562,174.97275261332638,172.5315007494135,172.95895572230177,32139300
2020-05-07,174.40286254882812,175.30527094576834,173.43395373066107,174.94430178922232,28316000
2020-05-08,175.42874145507812,175.73271852011223,174.17487229787307,175.71371632994155,30877800
2020-05-11,177.3855743408203,178.11699203070202,173.69043802497885,173.97539842652998,30892700
2020-05-12,173.367431640625,177.6705069643846,173.16795939072577,177.4425386787855,32038200
2020-05-13,170.74571228027344,174.83031358141244,167.6965057001137,173.4054536736494,44711500
2020-05-14,171.48666381835938,171.63865237649037,166.8796102991968,168.64643742779634,41873900
2020-05-15,173.9849090576172,177.6895392707551,168.13348049505922,170.0902859150462,46610400
2020-05-18,175.64724731445312,176.87262055157336,174.74483886920328,176.44516544534193,35264500
2020-05-19,174.43136596679688,177.25258992843055,174.29837961314254,175.76122950334033,26799100
2020-05-20,176.85084533691406,177.0318325808868,175.21245438645676,176.04117015118126,31261300
2020-05-21,174.7266387939453,177.81291307895333,174.5932820706001,176.6031677448123,29119500
2020-05-22,174.80284118652344,175.70777736396283,173.878864430985,174.49803205422208,20826900
2020-05-26,172.95494079589844,177.65101700325025,172.50724001921918,177.49860513570079,36073600
2020-05-27,173.1835174560547,173.3549844144041,168.2207285103278,171.64990779458807,39517100
2020-05-28,172.79293823242188,175.4124564029149,171.821345594234,172.1642649179447,33810200
2020-05-29,174.55519104003906,175.52679835595217,171.8499462743446,174.0598598251902,42130400
2020-06-01,174.15512084960938,174.317052979787,172.85012898389996,173.87887257152337,22622400
2020-06-02,176.13644409179688,176.22217030792038,172.7453603292764,175.50775610396937,30794600
2020-06-03,176.5650634765625,177.11754545638277,174.86952184719328,176.0506917214427,27311000
2020-06-04,174.24082946777344,177.02227987283794,173.65025181324634,175.5553560250542,28761800
2020-06-05,178.31777954101562,178.82263107426536,173.3740310033493,173.95508846130764,39893600
2020-06-08,179.42274475097656,179.60373200642374,175.688741626046,177.1175700198365,33211600
2020-06-09,180.79441833496094,181.6517095383522,178.37492750218286,179.0798213933847,29783900
2020-06-10,187.5003662109375,189.10066141937924,181.94698529918034,182.06130144357863,43872300
2020-06-11,177.43191528320312,186.47162701714973,177.2414077362902,183.96642443239614,52854700
2020-06-12,178.83216857910156,182.62332254770675,176.39362255626395,181.4993033099027,43373600
2020-06-15,179.97520446777344,181.7660071501727,175.27911483833037,175.8220765372761,32770200
2020-06-16,184.385498046875,186.30012233881746,182.37561274079428,183.73775512727298,42556700
2020-06-17,185.02374267578125,187.0050529757738,184.4998360641594,185.77625251080684,25687800
2020-06-18,187.00503540039062,187.166967513347,184.79510754989806,184.79510754989806,23061600
2020-06-19,185.89053344726562,189.8340984950889,185.1475439842548,189.16731494300117,44441100
2020-06-22,191.05340576171875,191.2343784743109,185.96676585995345,186.50019277764127,32818900
2020-06-23,192.32980346679688,194.27300341072882,191.8725679807489,192.50125587297086,30917400
2020-06-24,188.4529266357422,193.60623760474027,187.23366096391769,192.0345322646708,36740600
2020-06-25,190.83432006835938,191.09151325340733,186.19539512120477,188.41484367523898,27803900
2020-06-26,187.01455688476562,190.40564005963446,185.6333592367713,190.25322823418622,54675800
2020-06-29,189.02444458007812,189.1101707823293,184.3664653054702,186.49065245840316,26701600
2020-06-30,193.85391235351562,194.7016833148076,188.35769607555034,188.4910528154796,34310300
2020-07-01,194.98741149902344,196.5591311811581,192.19644082936517,193.50143255212635,32061200
2020-07-02,196.473388671875,198.1498896510141,195.2731782720934,195.92090671600337,29315800
2020-07-06,200.70274353027344,201.1123485300744,198.21658173292928,198.92147558606962,31897600
2020-07-07,198.36900329589844,204.4843869114335,198.12134494687825,200.46461530971268,33600700
2020-07-08,202.73165893554688,203.1412493492164,198.7880939445461,200.1026204531434,33600000
2020-07-09,204.15098571777344,206.11324083997917,201.4362062503847,206.06561032506502,33121700
2020-07-10,203.53184509277344,203.9223950181679,201.06473816174983,203.48421457154092,26177600
2020-07-13,197.24497985839844,205.5607560236362,196.70201815845206,204.30338021415548,38135600
2020-07-14,198.4642333984375,198.94050944255682,192.44409722406942,196.34956659976442,37591800
2020-07-15,198.16896057128906,201.30286556387918,195.3017835765053,199.6168440382108,32179400
2020-07-16,194.24441528320312,195.93995679553132,192.7108058776938,195.65418826917232,29940700
2020-07-17,193.25379943847656,195.3113011914256,191.8344913952592,194.76835398301196,31635300
2020-07-20,201.56005859375,202.22684225080772,193.37762385459058,195.27320803339165,36884800
2020-07-21,198.84527587890625,203.78902422512718,198.15943711788177,203.5223107663725,37990400
2020-07-22,201.70289611816406,202.22680265140318,198.50232065621975,199.2738854893579,49605700
2020-07-23,192.92990112304688,200.91229258668062,192.55840637545583,197.35927722794668,67457000
2020-07-24,191.74876403808594,193.23474316986903,188.13858299901412,190.91051343665205,39827000
2020-07-27,194.17776489257812,194.2920665013878,191.32962868313254,191.91068608590263,30160900
2020-07-28,192.4346160888672,194.98744922805173,192.16790261267758,193.94917072897118,23251400
2020-07-29,194.37779235839844,194.93979464709193,192.42505751425415,192.8918133073751,19632600
2020-07-30,194.2254180908203,194.75885961533362,190.10087921146712,191.46302209344006,25079600
2020-07-31,195.28273010253906,195.36847085085128,189.5674166446083,194.70167265292434,51044000
2020-08-03,206.265625,207.3134381221961,200.455065920416,201.48382393090174,78983000
2020-08-04,203.1698760986328,204.57966398452538,200.3312742804671,204.0081267837803,49280100
2020-08-05,202.83645629882812,204.79871139406026,201.53146450991576,204.70345036554147,28806400
2020-08-06,206.0846405029297,206.10368107875757,201.51238778544572,202.26489750478686,32656800
2020-08-07,202.3983154296875,205.46553510145156,200.92185640815717,204.65587434014435,27820400
2020-08-10,198.36900329589844,201.82677256630785,196.55915986005738,201.6267302012885,36716500
2020-08-11,193.7300262451172,197.79741273260234,193.501408537509,197.33067156490486,36446500
2020-08-12,199.264404296875,200.30268274431842,195.03507004935855,195.54944186077296,28013100
2020-08-13,198.79759216308594,201.3218635908864,198.2736856754451,199.5024858496199,22588900
2020-08-14,198.98814392089844,199.64540724846154,197.66409697652952,198.85478719753726,17958900
2020-08-17,200.30264282226562,201.1694686714029,199.00717145991686,199.6549144084866,20184800
2020-08-18,201.4552459716797,202.28396163565859,199.2834283776174,200.54078957348915,21336200
2020-08-19,200.2330322265625,202.5246923005992,199.8033505157827,201.94223033756498,27627600
2020-08-20,204.89273071289062,205.29376795305888,199.47870611572912,200.08025469101796,26981500
2020-08-21,203.40318298339844,206.48736005046817,203.24085940828198,204.20525755571333,36249300
2020-08-24,204.0428924560547,205.79027821365773,202.83976627250055,205.09322382892614,25460100
2020-08-25,206.69740295410156,206.83108203246027,203.4795472015141,203.4795472015141,23043700
2020-08-26,211.16612243652344,212.0636882339954,207.54722933961594,208.04375788990563,39600800
2020-08-27,216.35096740722656,220.71464556244297,209.49510347359436,212.82755143281707,57602200
2020-08-28,218.57582092285156,220.22771568625402,216.35100743795786,217.87876641205395,26292900
2020-08-31,215.348388671875,218.37527645385566,214.1834647217213,216.75202630738926,28774200
2020-09-01,217.0098114013672,217.18167823768798,214.29801323448592,215.32925796218584,25725500
2020-09-02,221.19210815429688,222.34748887077873,217.08624417836464,217.6782494908161,34080800
2020-09-03,207.48992919921875,218.9577288996764,205.2555726982678,218.91954112244858,58400300
2020-09-04,204.57766723632812,208.5021215523403,195.92668396583133,205.3892997487849,59664100
2020-09-08,193.5108642578125,200.54813899842011,193.07162466856798,197.17750294657407,52924300
2020-09-09,201.75128173828125,205.14101948557266,197.3685013238326,198.2278794601493,45679000
2020-09-10,196.09854125976562,205.04554135717223,194.89542936094682,203.766024749938,35461500
2020-09-11,194.8190155029297,199.21135322657878,192.15497713349296,197.8459033435166,33620100
2020-09-14,196.13671875,199.75561186121092,194.81901452553066,195.019540434878,30375800
2020-09-15,199.3545684814453,200.30942320721906,197.58808141079317,199.0108201973697,21823900
2020-09-16,195.79295349121094,201.1401309147392,195.40145957874148,201.11148644016103,26328100
2020-09-17,193.7495574951172,195.1054493284995,190.93273923569984,191.0186726560724,34011300
2020-09-18,191.3433837890625,194.45620569620186,187.39028485941148,193.64458772666708,55225300
2020-09-21,193.39627075195312,193.55860887771348,187.5143766837805,188.28780668448618,39839700
2020-09-22,198.0559844970703,198.70529334933173,192.9570632684131,195.8025265449776,33517100
2020-09-23,191.53431701660156,198.70528574638803,190.99960067045066,198.51430313425325,30803800
2020-09-24,194.01695251464844,196.28951164051597,190.2070765512696,190.82774092401178,31202500
2020-09-25,198.4379425048828,199.60285202097856,193.39629547770284,194.360708203797,29437300
2020-09-28,199.9847869873047,202.97348710410114,198.66708273160546,201.35978019848167,32004900
2020-09-29,197.90318298339844,200.5863369712553,197.47350127563882,199.89884041086924,24221900
2020-09-30,200.83457946777344,202.41008380590873,197.21567219980292,198.35195155987927,33829100
2020-10-01,202.86843872070312,204.32936526589785,201.77990493075555,203.85193790943092,27158400
2020-10-02,196.88148498535156,201.4647902745246,196.2608207134227,198.60976959147385,33154800
2020-10-05,200.8823699951172,200.9110144753066,197.6358547310032,197.86502514244748,21331600
2020-10-06,196.6141815185547,200.69140156656152,195.57339314489093,199.3928128529531,28554300
2020-10-07,200.35720825195312,200.6245664621439,197.3876088881138,197.7122560619269,25681100
2020-10-08,201.0733184814453,201.6557804718175,198.91535195429182,201.006471654224,19925800
2020-10-09,206.06719970703125,206.1149453581554,201.69396323673163,201.69396323673163,26458000
2020-10-12,211.40481567382812,213.7537645457266,207.02203628581694,208.91264443105055,40461400
2020-10-13,212.7989501953125,215.0428648969688,210.47864535807548,212.6652711005284,28950800
2020-10-14,210.88922119140625,214.09753374216916,209.23732654938445,212.93260977868263,23421700
2020-10-15,209.74339294433594,210.41178833961618,206.25816444692333,207.29896717306707,22733100
2020-10-16,209.74339294433594,212.25465097016937,209.4187458337608,210.21126243606867,26057900
2020-10-19,204.54901123046875,212.2642403214248,204.0715837959041,210.46910850508448,27625800
2020-10-20,204.95956420898438,207.55677026859448,203.46999314507534,206.0576559024547,22753500
2020-10-21,205.10281372070312,207.12710123202376,203.49865008216514,203.49865008216514,22724900
2020-10-22,205.18873596191406,206.30591426730527,202.14274698836158,204.27206899419642,22351500
2020-10-23,206.46826171875,206.51600737560176,203.53686488314023,205.32243880395163,18879600
2020-10-26,200.59591674804688,206.57330310558484,198.7053081481749,204.19572375769516,37111600
2020-10-27,203.62277221679688,204.97866419195947,200.83459813928872,202.0377098600853,36700300
2020-10-28,193.52992248535156,199.41183029232755,192.97611964131525,198.29465216362,51195600
2020-10-29,195.4779052734375,197.99872174244132,194.188845271249,194.85725538789796,31432600
2020-10-30,193.32940673828125,195.06723448637493,190.60806537476464,194.31290578377963,36953700
2020-11-02,193.19577026367188,196.01258896348594,191.0855347795148,195.0672774818165,30842200
2020-11-03,197.1106414794922,198.72434819434292,193.95007486989743,194.6853170414413,27512000
2020-11-04,206.62107849121094,208.46395626773625,202.8303028724355,204.35807674199233,42311800
2020-11-05,213.2095184326172,214.00204965218953,211.16612977646565,212.0159499519229,36080100
2020-11-06,213.6201171875,214.2312236771775,208.18699104009195,212.22602276764897,25231900
2020-11-09,208.53073120117188,217.8214639696989,208.04376051699998,214.30760543386708,44395000
2020-11-10,201.48387145996094,206.72602865580558,200.2521153905157,204.81631938415842,44045100
2020-11-11,206.7738494873047,208.19657408725112,202.6202244831886,202.80164926115162,29440800
2020-11-12,205.71392822265625,209.21824372278732,204.77817456284876,207.40402536215038,21593900
2020-11-13,206.73558044433594,207.6045016953903,204.4916806999845,206.59235807105273,18621100
2020-11-16,207.423095703125,207.91008095610752,204.83544745934216,205.1696378838174,24953300
2020-11-17,204.77813720703125,207.85275581409536,204.41528777312377,206.3440982697899,24154100
2020-11-18,202.07843017578125,205.9940073608106,201.93481820711207,204.53882413845477,28372800
2020-11-19,203.3612823486328,203.94526929630183,200.97746390164156,202.3656398944147,24792700
2020-11-20,201.41781616210938,204.19413841700677,201.04444848496013,203.1506254998551,22843100
2020-11-23,201.14979553222656,203.23682175525894,199.28295679876337,201.9539699700148,25683500
2020-11-24,204.73985290527344,205.11322061050996,199.95307996220436,200.65194472163236,33979700
2020-11-25,204.7494659423828,206.10890800236606,203.39960677954608,205.93659115062835,21012900
2020-11-27,206.05142211914062,207.0470790626481,204.91216783189242,205.68763731230698,14512200
2020-11-30,204.94090270996094,205.60146510182233,201.84863688732,204.96962217882137,33064800
2020-12-01,206.9896240234375,208.05228810866888,204.2515895538909,205.36210967793204,30904500
2020-12-02,206.18544006347656,206.2811813595247,203.72504652220385,205.71634569382474,23724500
2020-12-03,205.1036376953125,207.15237578450493,204.53878742618159,205.45785419325355,25120900
2020-12-04,205.2185821533203,206.19508817118162,204.08889585656402,205.08455306130605,24666000
2020-12-07,205.1515350341797,206.34822842550528,203.90698559365995,205.22812516419336,24620000
2020-12-08,206.79820251464844,207.6981183527373,203.81126025041706,204.8452051745144,23284100
2020-12-09,202.76773071289062,206.0514503597692,202.2028949393342,205.984443126197,32440600
2020-12-10,201.54229736328125,203.99312283702398,201.3891171191543,202.7389906303878,26733300
2020-12-11,204.1654510498047,204.22290460061276,200.19243502451116,201.09235074888988,30979400
2020-12-14,205.0653533935547,206.98964549805916,203.8016529116194,204.0122720932873,28798400
2020-12-15,204.99832153320312,206.23330239723967,203.18892213217688,205.99396377483902,27000600
2020-12-16,209.92869567871094,210.72330167458028,205.56316145259495,205.59188091923488,35023300
2020-12-17,210.06277465820312,211.47008729036386,208.62674255257576,210.49358136827655,32515800
2020-12-18,209.26817321777344,210.3212692956712,206.80777908388407,209.26817321777344,63354900
2020-12-21,213.0975799560547,214.44745359399022,208.01402881752463,208.27251867774226,37181900
2020-12-22,214.3900146484375,216.00794643471485,212.38914682397282,213.19332126901028,22612200
2020-12-23,211.59454345703125,214.0262180085377,211.38392425082907,213.59541130787824,18699600
2020-12-24,213.250732421875,214.0740579439434,211.76682990316124,211.97744907913722,10550600
2020-12-28,215.36647033691406,216.39083203473885,213.50920030765909,214.87821020274842,17933500
2020-12-29,214.59103393554688,217.4918172885593,214.0453493940068,216.65892343712179,17403200
2020-12-30,212.2263641357422,216.00792655313228,212.02532784702316,215.62497594211862,20272300
2020-12-31,212.93482971191406,213.49009718851218,210.3116725862071,212.2455331622111,20942100
2021-01-04,208.40652465820312,213.4900752334204,205.64933874293737,213.04011740396882,37130100
2021-01-05,208.60757446289062,209.2011442852732,206.5013971335944,207.9948680651304,23823000
2021-01-06,203.19854736328125,207.25773679566413,202.90176972562557,203.1219572296807,35930700
2021-01-07,208.98089599609375,209.98612108796203,204.59622547999018,204.9121395926832,27694500
2021-01-08,210.2542266845703,211.17329358978736,207.77468161014076,209.35431096289832,22956200
2021-01-11,208.2150421142578,209.5744837947097,207.4874433218534,209.15324546396417,23031300
2021-01-12,205.7642364501953,207.84170898199775,204.22290942349233,207.26729032493492,23249300
2021-01-13,207.11410522460938,207.51619243191996,204.8068769704024,204.8930499925977,20087100
2021-01-14,203.93569946289062,208.1863566093762,203.66764131924498,206.70245392329073,29480800
2021-01-15,203.5814666748047,205.36214696231852,202.98791144832447,204.41437517914176,31746500
2021-01-19,207.20986938476562,207.72683453458131,203.562350037291,204.63458270836028,30480900
2021-01-20,214.77293395996094,216.16109525037086,208.02358090402097,208.4160998078411,37777300
2021-01-21,215.37611389160156,216.6493975484757,212.9348561918226,215.11762400129965,30709400
2021-01-22,216.3142547607422,220.25856538753118,216.1706574233892,217.39607006237097,30172700
2021-01-25,219.74160766601562,219.98094632418085,214.6580569038777,219.34908876068727,33152100
2021-01-26,222.42221069335938,224.19330805574725,220.26816270078035,221.97225283293037,49169600
2021-01-27,222.96788024902344,230.18634210552298,220.32558681486526,227.85039454682703,69870600
2021-01-28,228.74073791503906,232.29253006928437,225.0644995906523,225.5623280954357,49111200
2021-01-29,222.0679931640625,227.86956006122185,221.4840062376579,225.9261312717925,42503100
2021-02-01,229.4300537109375,232.15852051694344,222.51795143659126,225.03579903471945,33314200
2021-02-02,229.29598999023438,231.97658573343273,228.51096683153912,231.00966286740996,25916300
2021-02-03,232.6371612548828,234.63802880665224,229.0566498927126,229.35344208114293,27158100
2021-02-04,231.68939208984375,232.86694881954378,230.11933105831628,232.31168137316456,25296100
2021-02-05,231.87132263183594,232.9052675375618,230.1672323079751,231.9000421063221,18054800
2021-02-08,232.12979125976562,233.2881822461942,230.54057897933532,232.78078543262248,22211900
2021-02-09,233.37435913085938,234.32213093396786,231.0862819839314,231.5553764374058,23565000
2021-02-10,232.46487426757812,235.43266505998918,230.61717210831472,234.55190049274034,22186700
2021-02-11,234.06361389160156,234.69545677816905,231.82339319316318,234.34124027726764,15751100
2021-02-12,234.54229736328125,234.8390749376285,232.37866672281444,233.52748926560795,16561100
2021-02-16,233.30728149414062,235.63366045320234,232.56054617594057,234.58056469262792,26728500
2021-02-17,234.32444763183594,234.429999771811,231.1962886570467,231.56092598454555,21653500
2021-02-18,233.93101501464844,234.06535276526913,231.11951257604537,232.02150089094852,16925600
2021-02-19,231.22508239746094,233.9982091087317,230.46702209962763,233.89265696504796,25262600
2021-02-22,225.0262908935547,228.3079825947503,223.00161978250443,227.8186125255099,36446900
2021-02-23,223.83645629882812,225.33336682720707,219.48004782088785,221.01534892993712,30228700
2021-02-24,225.06471252441406,225.68842042273627,219.73915368791364,220.70830363621744,26339700
2021-02-25,219.72955322265625,225.10307807896038,218.66444150450877,222.69458880716616,39542200
2021-02-26,222.98248291015625,225.85155697990797,220.25732229386043,222.16685132625005,37819200
2021-03-01,227.35806274414062,227.86662818043706,223.72132352037755,226.36011252225157,25324000
2021-03-02,224.4122314453125,227.70352896334748,224.0092181119914,227.42524843971077,22812500
2021-03-03,218.35739135742188,224.1339445433861,218.06952053441296,222.77137159897669,34029500
2021-03-04,217.5609588623047,223.0880319063651,215.19084531714768,217.5705638296597,44727800
2021-03-05,222.2340087890625,223.8364715609729,217.30187304022164,220.23812306789688,41872800
2021-03-08,218.1942901611328,223.93245334526267,217.94480989807317,222.01333385234915,35267400
2021-03-09,224.3258514404297,225.8611527209292,222.30118001460858,223.46225362122254,33080500
2021-03-10,223.0208282470703,227.41561273111648,222.65619093371328,227.41561273111648,29746800
2021-03-11,227.54039001464844,229.4978853058214,224.8344247079214,225.4581472805967,29907600
2021-03-12,226.21617126464844,226.28334746335574,223.79807702037834,224.54653232236623,22653700
2021-03-15,225.3141632080078,225.6788005023142,222.4354847162398,225.4581059176258,26034900
2021-03-16,228.09695434570312,230.35191097051037,226.3985294905257,226.72477629112797,28092200
2021-03-17,227.45399475097656,228.90293907696545,223.79807512037002,226.5999873166399,29562100
2021-03-18,221.3896026611328,224.719275803559,221.01537498492127,223.15518889547872,34833000
2021-03-19,221.0345458984375,223.0688074379135,220.07498635842558,221.67744903323953,46430700
2021-03-22,226.4464569091797,227.31964494665482,220.8330278477673,220.95777527099935,30127000
2021-03-23,227.9721221923828,231.3017944551871,227.48275217329964,227.88576536108243,31638400
2021-03-24,225.9378662109375,228.3751406817411,225.803528478558,228.2312126262326,25620100
2021-03-25,222.94406127929688,227.35804104512198,222.20521097132493,225.78436397622824,34061900
2021-03-26,226.9166259765625,227.1373352031275,222.18600467967124,222.18600467967124,25479900
2021-03-29,225.726806640625,227.22371728101677,222.50268578373593,227.02220332170978,25227500
2021-03-30,222.47386169433594,224.39298057152078,221.75419211539165,224.08591452314798,24792000
2021-03-31,226.23538208007812,229.4307174616961,222.99206578776494,223.49104090390196,43623500
2021-04-01,232.54925537109375,233.0194301648767,228.42314650954665,228.82615975066759,30338000
2021-04-05,238.99749755859375,239.8515049488845,232.88509343721387,232.94266466595224,36910600
2021-04-06,237.8364715576172,239.3141870764356,236.89610713655097,237.59658162885503,22931900
2021-04-07,239.79397583007812,240.78232120190728,237.193577105187,237.78849946523798,22719800
2021-04-08,243.0084686279297,243.8624760860077,241.8090191282854,242.54788411974718,23625200
2021-04-09,245.5033416748047,245.63767943978883,242.23123976274744,242.64384338315648,24326800
2021-04-12,245.56089782714844,247.24973207374578,244.32305775852038,244.40942924919764,27148700
2021-04-13,248.0365447998047,248.70824821467303,246.44367239367668,246.85630526571913,23837500
2021-04-14,245.25381469726562,248.36277817763542,244.84121113085754,247.06739624976979,23070900
2021-04-15,249.00570678710938,249.41831037148776,247.30729690134913,247.4991912440341,25627500
2021-04-16,250.19552612304688,250.4450209552328,247.18252462323014,248.97689614166003,24878600
2021-04-19,248.27642822265625,250.9056412984342,247.39364983670757,249.66780128143571,23209300
2021-04-20,247.81582641601562,249.67737404277548,246.45323914810996,247.39361792643527,19722900
2021-04-21,250.04209899902344,250.1380608430802,246.84677750438155,248.46843603357755,24030400
2021-04-22,246.76995849609375,251.19351425483057,245.30181881820317,249.6869986347857,25606200
2021-04-23,250.58900451660156,250.93446122870813,246.86590827372385,247.45125490577422,21462600
2021-04-26,250.9727783203125,251.82680034091737,249.64861079357635,251.07834509387854,19763300
2021-04-27,251.37583923339844,252.54650316167644,249.60064804856367,251.00159691898284,31014200
2021-04-28,244.26548767089844,246.1654262072266,242.72059614037644,245.72400771033827,46903100
2021-04-29,242.2983856201172,245.7432156591493,238.93033674663465,245.1290981102082,40589000
2021-04-30,241.9817352294922,242.84534766283653,239.50608432237092,239.64042208199547,30945100
2021-05-03,241.67466735839844,244.06397589418296,240.96458802475905,243.15238261393083,19626600
2021-05-04,237.76927185058594,241.0509786364311,235.821366992888,240.8206790565612,32756100
2021-05-05,236.50265502929688,239.41011943668963,235.87894714797247,238.98791087136092,21901300
2021-05-06,239.6307830810547,239.75553049788766,234.79460977972275,236.4834291811037,26491100
2021-05-07,242.2504119873047,244.0159980566037,241.0125719605132,241.95293622585686,27032900
2021-05-10,237.18392944335938,241.5499284512594,237.12635821135868,240.72470662857563,29299900
2021-05-11,236.2723846435547,236.6274316946523,232.7604072125957,234.66033134956947,33641600
2021-05-12,229.33474731445312,234.49718271340848,228.44236390313688,232.37654952810314,36684400
2021-05-13,233.20179748535156,235.66787299277317,231.65690575111154,232.02154312991334,29624300
2021-05-14,238.11471557617188,239.10306082061462,235.5622980961346,235.64865494854968,23901100
2021-05-17,235.26483154296875,236.6178141840923,233.67197362740927,236.57943823986372,24970200
2021-05-18,233.249755859375,236.44509117389674,233.07702751284302,236.31075341180204,20168000
2021-05-19,233.82681274414062,233.9326086171046,229.47959883359417,230.1624510972941,25739800
2021-05-20,237.05836486816406,238.47217569165701,234.53851835238595,234.63470174976987,21800700
2021-05-21,235.79844665527344,238.83766010110827,235.38489032383154,238.10671616214,21863100
2021-05-24,241.19400024414062,241.5594795417082,238.04899101242594,238.31828691309914,21411500
2021-05-25,242.09808349609375,243.0887108966254,241.23249158269627,242.14617519695508,17704300
2021-05-26,241.87686157226562,243.27143274197246,241.16514260799994,241.81914273014226,17771600
2021-05-27,239.78018188476562,241.86723238709067,239.72247771865466,241.5690844118336,24426200
2021-05-28,240.13604736328125,242.44431686460024,240.0206390246495,241.40559779033563,18270200
2021-06-01,237.94314575195312,241.6844501762912,237.5199770498299,241.6267460203436,23213300
2021-06-02,237.8470458984375,239.7417445032834,236.4428474366505,238.64532119633685,19406700
2021-06-03,236.31781005859375,236.9237185044888,233.7113925974972,235.84653488909666,25307700
2021-06-04,241.20362854003906,242.0307559108141,238.04900663185686,238.28945046434345,25281100
2021-06-07,244.1082000732422,244.3774959981243,240.2610986600382,240.42459870903608,23079200
2021-06-08,242.91555786132812,246.22406674150506,242.8578390246071,245.4065519898189,22455000
2021-06-09,243.8966064453125,245.76245296444787,243.531141793228,244.10819819545324,17937600
2021-06-10,247.40708923339844,247.61868099093334,243.973558759814,244.56985479894277,24563600
2021-06-11,248.03224182128906,248.609283510247,246.80114128203925,248.12839586874716,18999700
2021-06-14,249.95578002929688,250.01348419533974,246.98386872283527,248.04182735203915,19150500
2021-06-15,248.48422241210938,250.0519206579599,247.83022233134025,249.84032894346996,18038900
2021-06-16,247.54168701171875,250.61934980908524,244.69482617709286,249.4844622028885,27220000
2021-06-17,250.9271697998047,251.74468467468952,246.22410384722616,246.28180801711895,27565500
2021-06-18,249.51336669921875,252.27365719884,248.85936651938206,249.70573350554895,37202200
2021-06-21,252.59100341796875,253.44696800868695,248.06105083978144,249.88841769002062,26696100
2021-06-22,255.36094665527344,255.63024254135578,252.3698104749173,252.67758558788293,24694100
2021-06-23,255.13011169433594,256.6304787462093,254.3222240011004,255.82259105297376,19518700
2021-06-24,256.4958190917969,257.61148179657937,255.3224522256505,255.9860794323836,21446900
2021-06-25,254.88970947265625,257.03447921074826,254.6396678239104,256.0534788555384,25611100
2021-06-28,258.4482727050781,258.6213852234761,255.74568632511017,256.0149822485252,19590000
2021-06-29,261.0258483886719,261.2662922485271,257.7365928224437,258.5925577009788,19937800
2021-06-30,260.54498291015625,260.98739143175976,259.2946864726012,260.3430182689333,21656500
2021-07-01,261.2181701660156,261.44898683933064,259.2946196189184,259.3042174129385,16725300
2021-07-02,267.036865234375,267.373492407976,262.0837290689693,262.39150416203586,26458000
2021-07-06,267.04656982421875,268.69119759373734,263.81498911192836,267.4024220376937,31565600
2021-07-07,269.229736328125,269.9606949040537,266.55600233060557,268.71999662413555,23260000
2021-07-08,266.8157653808594,268.07568890593086,264.36322030721055,266.31562334882244,24618600
2021-07-09,267.3158264160156,267.4216076093967,264.79597985271084,265.18068409845046,23916700
2021-07-12,266.719482421875,269.07581384728866,266.00774887676647,268.48914511457275,18931700
2021-07-13,270.2397155761719,272.0382312315157,266.7869447336287,266.9119509053127,26120100
2021-07-14,271.7112121582031,272.817248138477,269.82611100200353,271.55732455253013,23113700
2021-07-15,270.2877197265625,271.7111577808716,269.1335775905223,271.22064297039645,22604200
2021-07-16,270.0184020996094,273.2403550652202,268.77770380577266,271.28795247697474,26186800
2021-07-19,266.42132568359375,269.65287588063586,263.95918381411985,268.267917410176,32935600
2021-07-20,268.64312744140625,270.2300510737556,265.7000968938325,267.4024288847443,26259700
2021-07-21,270.6435852050781,270.75899355414396,266.69070249429734,268.23914676268924,24364300
2021-07-22,275.20245361328125,275.4717495772376,272.5864230986805,272.9903523690856,23384100
2021-07-23,278.5974426269531,278.9051883924715,275.5486022461029,276.38534199654606,22768100
2021-07-26,278.0011291503906,278.6166794096968,275.68327658614254,277.9530521274675,23176100
2021-07-27,275.58709716796875,278.51087288872895,272.1343274321578,278.3666124668251,33604100
2021-07-28,275.2793273925781,279.0590972753007,272.98067033830415,277.943434405772,33566900
2021-07-29,275.5486145019531,277.5875733755724,275.1446559746078,275.2985435397369,18168300
2021-07-30,274.01934814453125,275.7024545749451,273.0575730414376,274.26941906367057,20944800
2021-08-02,273.93292236328125,275.80836709683444,272.89418832067446,275.41403559464675,16267400
2021-08-03,276.14495849609375,276.25076905660643,273.14422383185655,274.50995786548094,17879000
2021-08-04,275.55828857421875,276.59699312691515,273.7693710071133,275.2793654804813,16191300
2021-08-05,278.4531555175781,278.55896605599236,275.1639006499143,275.9140841592982,13900200
2021-08-06,278.39556884765625,278.434048091597,276.6259051902034,277.4818995992717,16589300
2021-08-09,277.3086853027344,280.40560323278316,276.808572666281,278.67441927108996,16117600
2021-08-10,275.490966796875,278.193553507934,274.29837461151317,277.7607428078615,18616600
2021-08-11,275.9814758300781,277.62610362360755,274.9331147655397,276.23151748719226,13955900
2021-08-12,278.7321472167969,278.8860348144574,275.3947851546205,275.6737082598213,14561300
2021-08-13,281.6559753417969,281.7040523788136,278.2416545328539,278.4147964384472,18249000
2021-08-16,283.3389892578125,283.5505809829247,278.9340422580359,281.982882658373,22507600
2021-08-17,281.8770446777344,282.2136718464197,279.95349440073016,281.213446835132,20075300
2021-08-18,280.1522521972656,284.09344038644264,279.7089674078397,281.4145875343293,21813000
2021-08-19,285.9725341796875,286.64707767199536,278.1383546530816,278.1865237279966,29850500
2021-08-20,293.28631591796875,294.7124789833826,287.21554348054167,288.8151504653693,40817600
2021-08-23,293.56573486328125,294.2884471743219,290.86762066495834,292.21667776411977,22830200
2021-08-24,291.6096496582031,294.5294067686128,291.0122120736746,293.92232360780326,18175800
2021-08-25,291.0218200683594,293.5079376265004,289.48967340701506,293.2284806156416,20006100
2021-08-26,288.2080383300781,291.42651371995913,288.0731473198594,290.0389036898351,17666100
2021-08-27,288.815185546875,289.92333882072455,286.0303192932978,288.11173480081567,22605700
2021-08-30,292.5443420410156,293.15142516677145,290.10639336951124,290.1642080093696,16348100
2021-08-31,290.8966369628906,293.4213082101463,290.53045788295276,293.34423180727794,26285300
2021-09-01,290.8482971191406,294.08606320372036,290.52067110349765,291.85046631284814,18983800
2021-09-02,290.1931457519531,292.3227302959744,289.2584364332611,291.20496087003505,16285600
2021-09-03,290.1834716796875,291.5903434617449,289.33548449908074,290.0389056864893,14747900
2021-09-07,289.2584533691406,290.1353480932548,287.35051112759913,290.0582716965981,17180400
2021-09-08,289.2873229980469,289.67276374560055,286.6470229996981,288.8729749296078,15046800
2021-09-09,286.43505859375,291.1471582820578,286.19415442336,289.87517720465905,19927000
2021-09-10,284.9510498046875,289.00789676784274,284.63306927340466,287.56247190206864,19633400
2021-09-13,286.1844787597656,287.6781021035082,283.38035098235275,286.7241016921292,23652900
2021-09-14,288.88262939453125,290.4244218394307,287.25411498430714,288.66098698942704,21853400
2021-09-15,293.7296142578125,294.21142254991946,290.83876450517084,292.2263747390184,28356300
2021-09-16,294.11505126953125,294.20177323213824,289.81732959262365,292.70817930849984,19550800
2021-09-17,288.9596252441406,293.42117357375326,288.63199921959335,293.10319312285753,41372500
2021-09-20,283.5923156738281,287.8515134151559,278.98623011838976,285.5484559338163,38278700
2021-09-21,284.0740966796875,286.7144255542644,283.37067554386437,284.9317293722103,22364100
2021-09-22,287.7166748046875,289.29702038208677,283.7947770017501,285.934007352102,26626300
2021-09-23,288.6609802246094,289.9522229123692,286.70483974436394,287.9768206871402,18604600
2021-09-24,288.4586486816406,288.8922585277224,286.12668346058666,287.3794027439531,14999000
2021-09-27,283.4670715332031,285.6833776639269,282.28181268174734,285.36539716620223,23571700
2021-09-28,273.20452880859375,280.20039373530875,272.4625547192188,279.2560390156346,43186200
2021-09-29,273.6671142578125,276.3363216518175,272.7131432346265,274.7270983987107,26353700
2021-09-30,271.6628112792969,277.3577596425143,271.3737086480666,275.3148971070343,32343600
2021-10-01,278.58154296875,279.42953021502547,271.05570026891905,271.8554890446492,30086300
2021-10-04,272.8094787597656,277.28067385415983,270.0535494270314,276.9434021661116,31350700
2021-10-05,278.25390625,279.83422199721866,273.7152514221425,273.7152514221425,24993000
2021-10-06,282.44561767578125,282.94671707548684,275.1221558151547,275.38232168306524,28002600
2021-10-07,284.1223449707031,285.8472268251137,283.2261886390808,284.440325492257,20430500
2021-10-08,284.1223449707031,285.8472268251137,283.0720064625797,285.4424949358928,17685700
2021-10-11,283.5249328613281,287.12884966284184,282.0987696561335,282.26259742313226,19298600
2021-10-12,282.2240295410156,284.69088564097564,281.7133139283031,284.5945181012245,17974100
2021-10-13,285.5292053222656,286.46391451193523,282.81179971016536,284.18014809161934,23416300
2021-10-14,291.7348937988281,292.2359637895139,286.9938877052562,288.32368317323034,27262900
2021-10-15,293.14178466796875,293.3730726386509,289.5860372188823,291.33982641094127,25384800
2021-10-18,296.1097412109375,296.996251978843,291.6770991496789,292.5250864283667,22729300
2021-10-19,297.01556396484375,298.0466114077476,296.0423017598198,297.13119325509496,17682100
2021-10-20,296.225341796875,298.4320317414315,294.9726227448066,297.95983967544254,16537100
2021-10-21,299.45343017578125,299.703950433072,295.2134946556288,295.994050963795,16918100
2021-10-22,297.91168212890625,299.7714549252828,296.6011483907177,299.10655718444485,17449300
2021-10-25,296.9191589355469,298.14294131253496,295.309906430058,298.10438841823645,17554500
2021-10-26,298.8271179199219,301.0338080808827,297.37207690825886,299.6847507755604,28107300
2021-10-27,311.4119873046875,314.2353768644904,304.50284339356364,304.50284339356364,52588700
2021-10-28,312.54901123046875,313.05008121355974,309.6677779577822,312.5297200802306,26297900
2021-10-29,319.5545349121094,319.9207139283914,312.11541352037625,312.33705592687465,34766000
2021-11-01,317.3863830566406,319.429245467658,314.4955333639382,319.30397060914856,27073200
2021-11-02,321.0096130371094,321.31797741681345,317.9934882764792,318.2922070795532,26487100
2021-11-03,321.8479309082031,322.71517993039924,318.61980955207633,321.75156337079386,21500100
2021-11-04,324.1991271972656,324.2954947256181,317.52127212453837,320.7783004950608,23992200
2021-11-05,323.83294677734375,326.4636303126045,322.2526310669871,326.19381887877574,22570100
2021-11-08,324.7291259765625,325.36511641707693,322.2719155808302,325.0278447491498,20897000
2021-11-09,323.7270202636719,326.39622775578675,322.35867170289976,324.84478968180053,21307400
2021-11-10,318.764404296875,322.45507286139434,317.91644627184024,322.39725820985217,25500900
2021-11-11,320.3351135253906,321.6263564591786,318.48498580814953,319.198052802581,16849800
2021-11-12,324.4689025878906,324.9603563428251,321.6455137049767,321.7707885371943,23831000
2021-11-15,323.8426513671875,325.58679513357146,321.87686518692334,325.2591690047351,16723000
2021-11-16,327.157470703125,328.27526945186895,323.30300442769504,323.4668027763442,20886800
2021-11-17,327.37945556640625,330.34317737832805,326.2982353582756,327.2056943460369,19053400
2021-11-18,329.4550476074219,330.5942177948435,325.44872862025187,326.47202852171574,22463500
2021-11-19,331.2313537597656,333.15247904268057,330.3528843201797,330.77765366688135,21963400
2021-11-22,328.06488037109375,337.5642399354129,327.7945753077866,332.6890561129603,31031100
2021-11-23,325.9893493652344,327.69808997134413,322.0119904551096,325.381155553639,30427600
2021-11-24,326.21136474609375,326.4527096021285,322.34984704953825,324.63779157098065,21661300
2021-11-26,318.2663269042969,326.230708290166,316.76033714457986,322.77466242134005,24217200
2021-11-29,324.9757385253906,327.2926436665053,323.1511569453452,323.3442446492078,28563500
2021-11-30,319.14483642578125,326.0859180631041,317.6002231832655,323.7110925111013,42885600
2021-12-01,318.65252685546875,327.5340321151941,317.986441948988,323.5277121462614,33337600
2021-12-02,318.0829162597656,321.94443467534484,316.4514223722996,318.8648713820366,30766000
2021-12-03,311.82720947265625,321.1817382170732,307.01960945389317,320.4962976310111,41779300
2021-12-06,314.89715576171875,316.11354341449044,308.1781223856923,312.73471501105405,30032600
2021-12-07,323.32489013671875,324.1743992838451,318.6717542353688,320.1584467996634,31021900
2021-12-08,323.3731689453125,323.8848188965732,319.34752350913357,323.70139443658877,24761000
2021-12-09,321.5679626464844,324.8405842928064,320.6218799972191,322.832607612771,22214200
2021-12-10,330.6810607910156,331.12512705634384,323.1993706024248,323.3827950413509,38095700
2021-12-13,327.6497802734375,331.8878102110468,327.3408517779993,328.8854647941473,28899400
2021-12-14,316.9726867675781,323.0545950116288,312.88912106633165,321.68374322246143,44438700
2021-12-15,323.064208984375,323.5855221073149,313.26561400702604,317.23330918334995,35381100
2021-12-16,313.6517639160156,325.1011790200771,311.83684591434667,324.0875129645706,35034800
2021-12-17,312.5898742675781,313.67112406852533,306.2666502470529,309.7709825901244,47750300
2021-12-20,308.8345642089844,311.6244956878622,306.5755796789902,308.96970202135424,28326500
2021-12-21,315.9590759277344,316.38384527957237,308.7283631846601,312.09755779178596,24740600
2021-12-22,321.66448974609375,322.0602694505174,314.4724000480661,316.9341062072316,24831500
2021-12-23,323.10284423828125,324.74400105600773,321.2107088019103,321.23000578456225,19617800
2021-12-27,330.5941467285156,330.6231069285186,323.8171653174358,323.8461255174388,19947000
2021-12-28,329.435791015625,331.90716045361296,328.53799505142064,331.2700063774219,15661500
2021-12-29,330.111572265625,332.38019079981586,327.92014167698994,329.4840519448849,15042000
2021-12-30,327.57257080078125,331.25066424671456,327.0898810628788,330.0729001077908,15994500
2021-12-31,324.6764221191406,327.6111544209489,324.2226926014007,326.7906054612649,18000800
2022-01-03,323.1607360839844,326.2982189585862,318.36279955576714,323.7399695838111,28865100
2022-01-04,317.61944580078125,323.5951458907131,314.8294855450226,323.23793081044835,32674300
2022-01-05,305.4267578125,314.7812871228152,305.04061192128523,314.5785362245669,40054300
2022-01-06,303.0132751464844,307.6664106849742,300.7060043582687,302.3085376148828,39646100
2022-01-07,303.1678161621094,305.54264171592666,299.35455497870817,303.2739937762214,32720000
2022-01-10,303.3898010253906,303.82423357931884,294.1414784951119,298.77528825214137,44289500
2022-01-11,304.0752258300781,305.64876956592934,299.1614480285225,302.53061283786786,29386800
2022-01-12,307.2513427734375,312.2134078663537,306.10253873709456,308.60289772987363,34372200
2022-01-13,294.24761962890625,309.77093636700425,293.4753279187992,309.3751272907363,45366000
2022-01-14,299.4607238769531,300.0592544355826,293.2340145006697,293.7167042364733,39846400
2022-01-18,292.17205810546875,299.0745146536486,291.2935593504582,293.54290976278105,42333200
2022-01-19,292.8285217285156,303.0422523236715,292.2203574511124,295.6860659770476,45933900
2022-01-20,291.15850830078125,300.86056199781444,290.7144419109229,298.36989546394483,35380700
2022-01-21,285.78125,293.58150224513423,285.37577770702404,292.2106800557735,57984400
2022-01-24,286.1094665527344,286.82383782749025,266.49295154897675,282.0838512555884,85731500
2022-01-25,278.5022888183594,284.77725480885573,275.2972516566814,281.4273871708722,72848600
2022-01-26,286.43768310546875,297.8195132718196,282.88509436140055,297.32716040257384,90428900
2022-01-27,289.4593505859375,296.66107253209896,287.615472429576,292.1817275159188,53481300
2022-01-28,297.58795166015625,297.8003363696797,284.2560605432438,289.8359539541243,49743700
2022-01-31,300.21368408203125,301.5652092942881,295.76326991115974,298.2539651589988,46444500
2022-02-01,298.0705261230469,299.87578072467323,294.5661945029304,299.663396097362,40950400
2022-02-02,302.6078796386719,304.2104133019044,298.1864540558619,298.9104887522053,36636000
2022-02-03,290.82061767578125,300.4551171262544,289.57526968626684,298.77533651263883,43730000
2022-02-04,295.3482360839844,298.10920758842764,289.584918714947,289.8166003905514,35096500
2022-02-07,290.53094482421875,297.18239363022644,289.5172787684884,295.57022651592763,28533300
2022-02-08,294.0159912109375,294.98137075377906,289.5656056597399,290.82058728101566,32421200
2022-02-09,300.4357604980469,301.1308349501558,296.74803301981893,299.14215544071413,31284700
2022-02-10,291.9114990234375,298.4181483420068,290.2896683057425,293.5140327543915,45386200
2022-02-11,284.8255920410156,293.7553529211515,284.03397373558494,292.69342951887205,39175600
2022-02-14,284.7869567871094,286.48603416022104,281.26332745127445,283.59952937825824,36359500
2022-02-15,290.0675354003906,290.3860976240517,286.73696484782573,289.62346914706194,27058300
2022-02-16,289.7290344238281,291.0543344654578,284.0989005260468,288.6358951130052,29982100
2022-02-17,281.24517822265625,287.11712691828404,280.53898325758263,286.69147920261867,32461600
2022-02-18,278.5364685058594,284.2729991216109,276.9693246500047,283.4894271936835,34264000
2022-02-22,278.33331298828125,282.02869492098785,275.21836232867406,275.70205013593005,41736100
2022-02-23,271.12628173828125,282.1834045486963,270.9618444592422,280.7129751062586,37811200
2022-02-24,284.97918701171875,285.53059821327315,262.6618238516017,263.61954581271243,56989700
2022-02-25,287.6104736328125,287.92004094921725,282.1351235020053,285.51128484773926,32546700
2022-02-28,289.0422058105469,289.3807932241622,283.4410920061188,284.7083518645938,34627500
2022-03-01,285.3274230957031,290.1836376065008,282.6187539107419,286.73009989470324,31217800
2022-03-02,290.3965148925781,291.63475461259384,284.118256021791,285.7240737108103,31873000
2022-03-03,286.2657470703125,293.24051557735214,284.45673023777056,293.0083549237446,27314500
2022-03-04,280.4035339355469,286.01433126307614,277.80132020565253,284.68903114664965,32356500
2022-03-07,269.8107604980469,280.23906938127266,269.4431530078945,279.1169100246889,43157200
2022-03-08,266.85052490234375,274.6959256640992,261.19137259179695,268.73688932455536,48159500
2022-03-09,279.0879211425781,280.1520404378098,271.6197787096346,274.19300190647954,35204500
2022-03-10,276.2727966308594,277.2498554429739,271.42623538275626,273.7866342304661,30628000
2022-03-11,270.9329833984375,280.0650145258476,270.3138486336102,278.5655641233897,27209300
2022-03-14,267.4213562011719,276.08903470394495,266.821587956301,271.19411574307355,30660700
2022-03-15,277.78192138671875,278.4300760838003,269.6366346705724,271.2037785530538,34245100
2022-03-16,284.7856750488281,284.95979554587495,273.9607413197424,279.67790429313914,37826300
2022-03-17,285.5886535644531,285.96591473369335,279.92949985014275,283.7216255602985,30816600
2022-03-18,290.62860107421875,291.1800121692439,283.1798277784117,285.73368363007364,43390600
2022-03-21,289.40008544921875,290.3481241566419,285.27905598306444,289.1389046674614,28351200
2022-03-22,294.1402587890625,295.04959432677754,289.0228329688514,290.01922877865013,27599700
2022-03-23,289.7192687988281,293.3372731157682,288.00702485230534,290.70601066797377,25715400
2022-03-24,294.178955078125,294.2756985521243,288.5875247357409,289.3807798917864,24484500
2022-03-25,293.7726135253906,295.533244193088,289.52585001590114,295.2720634104139,22566500
2022-03-28,300.56365966796875,300.6603736261478,294.4014512941623,294.4014512941623,29578200
2022-03-29,305.11993408203125,305.5165616109736,298.9674100649689,303.6688707174927,30393400
2022-03-30,303.62054443359375,305.6423857684407,301.414928862999,303.52383047434716,28163600
2022-03-31,298.2515869140625,304.858779193998,297.84530566978634,303.6592133025089,33422100
2022-04-01,299.3254089355469,300.0122374321194,295.5719864101128,299.2770224362612,27110500
2022-04-04,304.6942443847656,304.82966159533413,299.60584010885947,299.9734475006185,24289600
2022-04-05,300.73773193359375,304.59755113932056,299.7606731283504,303.04974427141804,23156700
2022-04-06,289.7290344238281,296.9843524811861,287.03004784034084,295.2334047517675,40110400
2022-04-07,291.5379638671875,293.7435789334034,286.6817492492974,286.9816333071018,31411200
2022-04-08,287.2815246582031,291.2961273756615,286.6140331520905,290.6383190722913,24361900
2022-04-11,275.9535217285156,283.0637074472377,275.7019946723153,282.2704820396031,34569300
2022-04-12,272.85797119140625,281.25478467779203,271.33918434835886,279.80372121494815,30966700
2022-04-13,278.23663330078125,279.1653058374372,272.12281093036347,273.50618081290673,21907200
2022-04-14,270.7007141113281,278.9040702197633,270.2073726066549,278.6912463967013,28221600
2022-04-18,271.3681640625,273.2448748903174,269.2592925621962,269.8107036813086,20778000
2022-04-19,275.9922180175781,276.83385950003543,269.32701618181187,270.2653715965898,22297700
2022-04-20,277.0176086425781,280.2486684960281,276.0599164323017,279.9584381594304,22906700
2022-04-21,271.6487731933594,283.7312864723143,270.92324140436915,279.16527189939075,29454600
2022-04-22,265.0899658203125,273.96081411049454,264.46117751038287,272.4903841306375,29405800
2022-04-25,271.5616760253906,271.93893715298736,261.9362771237636,264.3740824976134,35678900
2022-04-26,261.40423583984375,269.2786578732366,261.1914120269434,268.4467290276918,46518400
2022-04-27,273.9801330566406,281.4772943518781,270.05259027534413,272.89667705103636,63477700
2022-04-28,280.1809997558594,281.4869627202717,272.2775281140742,275.88584973003594,33646600
2022-04-29,268.46612548828125,280.4229059103156,267.4794127851195,279.19431973149324,37073900
2022-05-02,275.18939208984375,275.6440598919029,267.20854182444157,268.6499223041335,35151100
2022-05-03,272.5871276855469,274.8604665193033,271.0103005471974,274.6959996581533,25978600
2022-05-04,280.51959228515625,281.39022443680767,267.7018653489587,273.37067229887913,33599300
2022-05-05,268.3016662597656,277.00804788297944,265.3898558476399,276.22447589864737,43260400
2022-05-06,265.76708984375,270.1396166091243,262.4199492559165,265.8444668964473,37780300
2022-05-09,255.94821166992188,263.47439231628505,254.72933854404118,261.24944034580705,47726000
2022-05-10,260.70770263671875,264.819048596667,256.4222361684426,262.82625738724875,39336400
2022-05-11,252.04969787597656,262.5070256300987,250.84047838986658,257.01233937048545,48975900
2022-05-12,247.0193634033203,251.40157365565182,241.86324972493676,249.28301874671405,51033800
2022-05-13,252.6011199951172,254.4584941959466,247.0193732332159,248.95412449484758,34925100
2022-05-16,252.96871948242188,257.147789161054,247.43532986774056,251.47895279178755,32550900
2022-05-17,258.1151428222656,259.57585977965135,253.89737021197146,257.4282849486114,28828800
2022-05-18,246.3632354736328,255.5941038512464,245.09302437999344,255.0123207754405,31356000
2022-05-19,245.45184326171875,249.84427550605224,244.2301162531535,246.18875585167464,32692300
2022-05-20,244.88946533203125,250.68785663420815,238.95534137506934,249.42732134726975,39199300
2022-05-23,252.73370361328125,253.55789389015007,245.73298352377535,247.73043098596386,33175400
2022-05-24,251.73495483398438,253.39301133890146,245.8008329505216,250.05751641107753,29043900
2022-05-25,254.54696655273438,256.5443997067437,249.32068220222658,250.30001685401606,28547900
2022-05-26,257.82427978515625,258.9975222921612,253.49003807090028,254.30452267342017,25002100
2022-05-27,264.94134521484375,265.03831400617037,259.43386111985046,260.32593257304654,26910800
2022-05-31,263.61297607421875,266.4248936649032,260.7622650462861,264.2529346305631,37827700
2022-06-01,264.14630126953125,269.25623459703166,261.8385798988137,266.84186825760014,25292200
2022-06-02,266.2406311035156,266.30851221318625,253.65486971991317,256.4183173881909,44008200
2022-06-03,261.81915283203125,265.14500204030634,260.25806469793486,262.1003534639654,28059000
2022-06-06,260.5876770019531,265.8527530113279,259.1041464802311,263.79714518679435,22400300
2022-06-07,264.2238464355469,264.83471731044557,257.8630839124664,258.54183590473656,22860700
2022-06-08,262.197265625,264.708600074824,261.42154501320846,263.45777093192714,17372300
2022-06-09,256.7480163574219,264.42745982638615,256.59287219967115,259.647196979162,26439700
2022-06-10,245.30638122558594,252.66584504493977,244.86034549346968,252.66584504493977,31422800
2022-06-13,234.90225219726562,241.45695191998857,234.1944273628666,237.66570001230667,46135800
2022-06-14,237.0645294189453,238.27656531045733,234.1750252009215,236.45365859510807,28651500
2022-06-15,244.1137237548828,247.54621774471534,238.93590988722116,240.76850759522998,33111700
2022-06-16,237.52996826171875,239.9055558620673,235.639195061252,238.5092880231499,33169200
2022-06-17,240.12855529785156,242.892003168209,236.61850393867869,237.26815342919429,43084800
2022-06-21,246.03359985351562,247.0129195467826,241.9320596633375,242.65928121254296,29928300
2022-06-22,245.44210815429688,249.35941623749332,242.76592357588206,244.23976328606997,25939900
2022-06-23,250.9980926513672,251.4926127999007,245.92695305257084,247.8080352595046,25861400
2022-06-24,259.5696105957031,259.8411054436494,253.7712204115489,253.8584834422403,33923200
2022-06-27,256.844970703125,260.1513786610391,255.28385304721854,260.06411562547476,24615100
2022-06-28,248.6903839111328,258.8036043245108,248.53523976557486,255.9625992863611,27295500
2022-06-29,252.35565185546875,254.0137091524854,247.99230658005,249.76672941738255,20069800
2022-06-30,249.02975463867188,251.64776426602208,245.21912051123442,249.2430741608317,31730900
2022-07-01,251.6962127685547,251.88044459455264,246.8771715911317,248.6031243426408,22837700
2022-07-05,254.86692810058594,254.99298457519546,247.00323818444357,248.3801092623351,22941000
2022-07-06,258.1249084472656,259.8508467542047,254.43062460156605,255.73962957154674,23824400
2022-07-07,260.24835205078125,260.8883105802799,256.97100212276746,257.067970916459,20859900
2022-07-08,259.5308837890625,259.95752288689226,255.29361008585622,256.7480534855321,19658800
2022-07-11,256.4765319824219,258.43517157163143,254.2172802316378,257.58189346441975,19455200
2022-07-12,245.96571350097656,257.8630619352438,244.3852139665222,257.8048865798043,35868500
2022-07-13,245.04457092285156,245.84936453464945,240.57458193875394,242.59141144867633,29497400
2022-07-14,246.3632354736328,247.3910394182461,238.47045929315783,242.95984442763555,25102800
2022-07-15,248.923095703125,252.46223474835,247.03232258587656,247.95346694603754,29774100
2022-07-18,246.528076171875,252.91792521478504,245.60693194367718,251.86103357185658,20975000
2022-07-19,251.6477813720703,251.8320132260373,245.9754465210434,249.75699322481967,25012600
2022-07-20,254.30455017089844,256.8255911221819,251.046611408544,252.00653450982264,22788300
2022-07-21,256.7964172363281,256.8449164174271,249.22362075768535,251.89980497891423,22404700
2022-07-22,252.45252990722656,257.2715860310557,251.20173011136725,257.1843229934879,21881300
2022-07-25,250.9690399169922,253.55796214891018,249.01040015458366,253.07314768973444,21056000
2022-07-26,244.24948120117188,251.98712943704783,241.9902591873935,251.9677179235894,39348000
2022-07-27,260.5780029296875,261.84821413779025,250.9883906372331,253.22823052881697,45994000
2022-07-28,268.0151062011719,269.40166831465785,259.7344677770861,261.5573746966984,33459300
2022-07-29,272.2135925292969,273.43533434326656,268.22843217911804,269.26594214524397,32152800
2022-08-01,269.5665283203125,272.7372040337669,267.4624206782317,269.3822964700081,21539600
2022-08-02,266.4733581542969,269.45012527255744,264.1074618325668,267.6175128829661,22754200
2022-08-03,273.8909912109375,274.8897074830674,268.208952240517,268.35442020276383,23518900
2022-08-04,275.03515625,275.18059462702735,271.6608675400947,273.24133735808226,18098700
2022-08-05,274.3176574707031,275.03517323549517,270.2161174409248,270.67184411090017,16774600
2022-08-08,271.80633544921875,277.23626231037696,270.83670670939483,275.4230317107007,18739200
2022-08-09,273.7261657714844,274.48247496169216,269.17860487436343,271.1469795107976,23405200
2022-08-10,280.3778381347656,281.0080908709291,278.2252612395024,279.4179151918508,24687800
2022-08-11,278.3028564453125,282.3656036148159,277.80836586315127,282.0165514391727,20065900
2022-08-12,283.04443359375,283.04443359375,278.225375792283,279.71861288884884,22619700
2022-08-15,284.5569763183594,285.2454045080501,281.29900803496633,282.16199190447594,18085700
2022-08-16,283.8199768066406,285.10959940447333,281.59954863684186,283.12184303694977,18102900
2022-08-17,283.0718078613281,285.0443308942976,281.27418133685177,281.53652609959147,18253400
2022-08-18,281.95440673828125,283.64513249063674,280.89524189994404,281.97382980141776,17186200
2022-08-19,278.0481872558594,281.06042243303864,277.4748955705993,280.7203261035374,20570000
2022-08-22,269.8860168457031,274.46265350884744,269.3710240123007,274.0934077691384,25061100
2022-08-23,268.6131591796875,270.96462513583367,267.6025963871895,268.6131591796875,17527400
2022-08-24,267.98150634765625,269.38073768829963,267.3207367981383,267.6122606253299,18137000
2022-08-25,270.9548645019531,271.12003464855854,266.7474441390709,269.4778816182688,16583400
2022-08-26,260.49951171875,272.4026750674216,260.3926404040064,271.1783402052865,27549300
2022-08-29,257.7205505371094,259.82909469537367,256.379617748924,258.32299172518486,20338500
2022-08-30,255.52447509765625,259.4889441338361,253.27988099606083,259.1197280644123,22767100
2022-08-31,254.0669403076172,259.54723825698477,253.93088992646184,257.87596548411756,24791800
2022-09-01,253.0272674560547,253.50341421016233,248.17855922552292,251.54058765801105,23263400
2022-09-02,248.8101348876953,257.2443697118644,247.265156339412,254.29046300933095,22855400
2022-09-06,246.0797119140625,250.5300249496929,244.80680442412418,248.9462001827662,21328200
2022-09-07,250.7826385498047,251.50167728090952,246.05052865580473,247.4886209447781,24126700
2022-09-08,251.20046997070312,253.056395384433,247.5760822267559,250.21908643151144,20319900
2022-09-09,256.9722900390625,257.7205078743252,252.92037257528756,253.12441850602798,22084700
2022-09-12,259.1003723144531,259.87773982566915,257.65256795177487,258.25500923950574,18747700
2022-09-13,244.85537719726562,253.02725242179903,244.46669355719365,251.51142329243044,33353300
2022-09-14,245.07884216308594,247.031927263813,242.78566075681428,246.35174947948744,23913000
2022-09-15,238.43252563476562,244.28206983666107,237.111030916621,242.69823034248557,31530900
2022-09-16,237.81063842773438,238.35478067639863,235.20651003185853,237.34421807736706,39791800
2022-09-19,237.5968780517578,238.19931916772862,234.03078901134762,235.60491699915002,26826900
2022-09-20,235.58547973632812,236.6154654509246,232.85504199150714,235.21624880625103,26660300
2022-09-21,232.18460083007812,240.6480009469009,232.13601351574061,237.35398267884366,28625600
2022-09-22,234.15708923339844,236.9555520614077,230.8436483959942,231.13514258494146,31061200
2022-09-23,231.1837158203125,234.30283689307328,228.54072660512506,232.75784365187135,34176000
2022-09-26,230.72706604003906,234.6138138859922,230.19263524586722,230.3383971861503,27694200
2022-09-27,229.71649169921875,234.95388322610455,227.86056625784224,233.18540604277874,27018700
2022-09-28,234.24453735351562,235.468857349179,228.0840319477859,230.105142213712,29029700
2022-09-29,230.77565002441406,233.15628008036532,227.77314091515188,232.1262942883284,27484200
2022-09-30,226.3058624267578,233.7295494002438,226.14067744074515,231.5432539781558,35694800
2022-10-03,233.92388916015625,234.76925194456734,228.01603154626426,228.74479665745017,28880400
2022-10-04,241.8334503173828,243.27154283676492,238.04386235617537,238.15074851262196,34888400
2022-10-05,242.14437866210938,243.48531136271737,237.18878424235803,239.0252719369114,20347100
2022-10-06,239.80262756347656,243.25211936958422,239.11273809831516,240.91035014743682,20239900
2022-10-07,227.60794067382812,234.4874855805171,226.56822859279998,234.07936404235068,37769600
2022-10-10,222.7592315673828,227.91888685975806,220.31057632079649,226.45164491422375,29743600
2022-10-11,219.02792358398438,222.5745744479787,217.7647277876426,221.17534309367792,30474000
2022-10-12,219.35830688476562,221.40856673598395,217.6189939430992,219.01821055578878,21903900
2022-10-13,227.60794067382812,229.4152788681851,212.92575128751184,213.6253670289897,42551800
2022-10-14,222.0887451171875,230.52299472511268,221.8749728230323,228.8711152108653,30198600
2022-10-17,230.8047637939453,232.1942836241064,228.48243294129364,229.1431876734247,28142300
2022-10-18,231.747314453125,237.02356694835538,228.7059298585046,236.3531154742312,26329600
2022-10-19,229.7845001220703,232.8258846804723,227.65650356694331,230.32864238101766,19985700
2022-10-20,229.46385192871094,234.47775981300623,228.22009390223283,229.09462099466492,21811000
2022-10-21,235.2648162841797,236.11990546004,227.86056720320732,228.09377738574145,26299700
2022-10-24,240.24957275390625,240.8228644348146,234.4680389836242,236.85838032259602,24911200
2022-10-25,243.56300354003906,243.93223442166772,238.86975477322991,240.25925970447153,34775500
2022-10-26,224.77061462402344,231.55298484742156,223.5462796746697,224.62485269698536,82543200
2022-10-27,220.32998657226562,227.0734954795491,219.38744917013727,224.49851650888635,40424600
2022-10-28,229.1917724609375,229.9011145363862,219.64981530818488,219.83443818188346,40647700
2022-10-31,225.5576629638672,228.2686626281402,224.60539921895975,227.14150237504404,28357300
2022-11-01,221.70980834960938,229.06548563639697,220.89359487464492,227.95776311272633,30592300
2022-11-02,213.8682861328125,224.7511761173168,213.80997246609851,222.96327583397812,38407000
2022-11-03,208.1839141845703,214.16950892795055,207.9215545752939,213.85856200928737,36633900
2022-11-04,215.12176513671875,215.31609955402047,207.3871307832787,211.39049094816932,36789100
2022-11-07,221.4182891845703,221.9430084136209,215.01487607123818,215.70478029409642,33498000
2022-11-08,222.38998413085938,225.09127262477088,219.44577390313017,222.22479913107526,28192500
2022-11-09,218.15342712402344,222.1567873542891,217.97853059362552,220.93245233444006,27852900
2022-11-10,236.10047912597656,236.44057547213717,228.34642180511014,228.764240055821,46268000
2022-11-11,240.113525390625,240.96861451794143,235.0801800640539,236.11018052503232,34620200
2022-11-14,234.71096801757812,237.0041496395175,232.43722428466577,235.13851261558185,31123300
2022-11-15,235.1190948486328,240.00667907027895,233.2340197743407,238.7046221025726,31390100
2022-11-16,235.54782104492188,237.5648885308963,234.271326294768,236.58070947272424,24093300
2022-11-17,235.4990997314453,237.02895459171626,231.55268915517976,231.69884700298584,23123500
2022-11-18,235.05084228515625,237.50639789334227,232.91684876946883,237.28226939737314,27613500
2022-11-21,235.85963439941406,238.41262379283273,235.02162809086872,235.2554806346632,26394700
2022-11-22,238.76339721679688,239.03623507377168,234.55388823165154,237.36022259889907,19665700
2022-11-23,241.24822998046875,241.93032475188082,238.02288445035876,238.84139817605325,19508500
2022-11-25,241.16050720214844,242.3395534122588,240.4199345063279,240.98510292788336,9200800
2022-11-28,235.5770263671875,240.3419649067529,234.6415865199682,239.78655028531924,24778200
2022-11-29,234.18360900878906,236.58068666323004,232.11783235235237,235.22623623628454,17956300
2022-11-30,248.61483764648438,248.79998080802568,233.72562221636355,234.41747063024718,47594200
2022-12-01,248.17636108398438,249.56978200844247,244.50277384992842,247.37732526853793,26041500
2022-12-02,248.4979248046875,249.51132049555534,243.304236576186,243.43091661325036,21528500
2022-12-05,243.8011932373047,247.32862273354516,241.7159238084992,245.5649005511503,23435300
2022-12-06,238.8511505126953,245.4187830949923,237.54542403846395,244.40538721596766,22463700
2022-12-07,238.1203155517578,239.864545236555,236.0155681176871,238.568557750271,20481500
2022-12-08,241.0727996826172,242.37854081110692,236.84379768747013,238.57827343420877,22611800
2022-12-09,239.14344787597656,241.95953631031935,237.91567738898425,238.44186049239534,20609700
2022-12-12,246.05210876464844,246.0813403319802,240.84868161991452,241.12151949404333,30665100
2022-12-13,250.3493194580078,257.1702954217934,246.59777673050667,254.9973166594046,42196900
2022-12-14,250.6416778564453,255.8743369804064,247.80609665366913,250.55398314754714,35410900
2022-12-15,242.64163208007812,247.69890163014767,241.0143436570325,247.23118166191023,35560400
2022-12-16,238.43211364746094,243.45039767115878,237.28228413602537,242.19339565744826,86102000
2022-12-19,234.300537109375,238.93881059195638,232.60504677186884,238.5977558234553,29696400
2022-12-20,235.61602783203125,236.69764045155708,232.32246573736623,233.2773983167744,25150800
2022-12-21,238.17874145507812,239.33830980722615,233.96923237652257,235.5088259570718,23690600
2022-12-22,232.09837341308594,235.80119266762082,227.8888488200861,235.08985146621117,28651700
2022-12-23,232.62454223632812,232.76096118037862,227.9570517012324,230.07155276829016,21207000
2022-12-27,230.8998260498047,232.81943021522733,229.79872070086748,232.59531655901404,16688600
2022-12-28,228.5319366455078,233.58920571685437,228.18114298539857,230.83158066876882,17457100
2022-12-29,234.84622192382812,235.73295246137508,229.62330203859167,229.62330203859167,19770700
2022-12-30,233.68667602539062,233.82309496882053,230.60748859534408,232.11785074167162,21938500
2023-01-03,233.4528045654297,239.46500660940322,231.32854977617055,236.86329296068058,25740000
2023-01-04,223.24082946777344,226.9144019342719,220.18113479471134,226.3394946084548,50623400
2023-01-05,216.62448120117188,221.73047501122883,216.08854432449274,221.3894202164649,39585600
2023-01-06,219.17745971679688,219.98623444144232,213.74018002094996,217.2968261609176,43613600
2023-01-09,221.31143188476562,225.3260735512424,220.6195983653601,220.6585688285959,27369800
2023-01-10,222.9972381591797,225.3943160955878,221.51610752466433,221.9351032710945,27033900
2023-01-11,229.74024963378906,229.91563904515138,225.1994243157805,225.37481372714282,28669300
2023-01-12,232.41015625,233.7646067249311,227.58675433530573,229.24327425256297,27269500
2023-01-13,233.11175537109375,233.24817431543465,228.91198479686696,230.93879116175304,21333300
2023-01-17,234.20310974121094,234.74878549049157,231.02647397875015,231.8839729382192,29831300
2023-01-18,229.7792205810547,236.1812017430098,229.49664379486572,235.39191965313583,30028700
2023-01-19,225.99847412109375,229.49667257988827,224.78044238060093,227.8011670444437,28623000
2023-01-20,234.07644653320312,234.583151851916,228.51247153332469,228.85352633542087,35389800
2023-01-23,236.37606811523438,238.89982582882288,233.52099453170575,234.93392297440502,31934000
2023-01-24,235.84988403320312,237.7110398533446,234.29081253406932,236.29812619619068,40234400
2023-01-25,234.45645141601562,237.07765762154605,224.9947760426561,228.48322009420318,66526600
2023-01-26,241.657470703125,241.95954016253594,235.81091899256552,237.41871476554942,33454500
2023-01-27,241.8133544921875,243.44064274681827,240.5173672279143,242.62212916997672,26498900
2023-01-30,236.50274658203125,239.31883481228712,236.00578021468996,238.25670004532253,25867400
2023-01-31,241.4723358154297,241.60875476528724,236.736628172446,237.22384083173012,26541100
2023-02-01,246.28598022460938,248.65382642873757,239.19216564342997,241.65746031930018,31259900
2023-02-02,257.83294677734375,257.9206414880855,250.67091469575902,252.20076959193378,39940400
2023-02-03,251.74278259277344,257.4431765540325,250.52475096588475,252.9023510805395,29077300
2023-02-06,250.20315551757812,251.69402492949268,248.2640588264018,250.85603350578165,22518000
2023-02-07,260.71722412109375,261.8962703770989,253.42851236094478,253.8670156294018,50841400
2023-02-08,259.9084777832031,269.681962608756,259.4017575821844,266.2130108288476,54686000
2023-02-09,256.8779602050781,266.97302049431784,256.07892442365,266.7976013623995,42375100
2023-02-10,256.37127685546875,257.3359482905629,253.99367698119255,254.84142214986286,25818500
2023-02-13,264.38104248046875,267.5771558270563,260.3176764646167,260.7951650159258,44630900
2023-02-14,265.2093200683594,267.93769873660716,262.3932169633668,265.69653266891055,37047900
2023-02-15,263.0895690917969,264.46695378581865,260.0221954161202,262.1127030516327,28922400
2023-02-16,256.0853271484375,260.5691369564324,255.84111073311158,257.91206116522346,29603600
2023-02-17,252.0900421142578,254.0730789375014,250.07770050294994,253.38929061213966,30000100
2023-02-21,246.82469177246094,249.57946061577636,245.7696748690076,248.59281657060217,28397400
2023-02-22,245.69154357910156,248.4560759372167,244.54861223485597,248.21185945581914,22491100
2023-02-23,248.87612915039062,250.89823380940385,244.68536609831472,249.6478466517071,29219100
2023-02-24,243.45452880859375,245.19334897539824,242.36044373441328,244.17741496448653,24990900
2023-02-27,244.372802734375,246.971269878113,243.6206117389156,246.6195975210222,21190000
2023-02-28,243.64987182617188,245.67199123491113,242.9758320232588,243.30797773153637,22491000
2023-03-01,240.57276916503906,245.12495292682374,240.10386280126266,244.95888751265778,27565300
2023-03-02,245.30079650878906,245.5840810609681,239.9280340639678,240.8462903940092,24808200
2023-03-03,249.38409423828125,249.7064617806796,245.57432311137507,246.35581882878407,30760100
2023-03-06,250.9275360107422,254.10235014838744,250.05812596620328,250.49771263487295,24109800
2023-03-07,248.27044677734375,251.7285601912726,247.5280341065123,250.37070236682902,21473200
2023-03-08,247.8308868408203,248.65145065582482,245.00774486083787,248.16301768416147,17340200
2023-03-09,246.48281860351562,253.55531839675493,245.75993244925678,249.90184935839267,26653400
2023-03-10,242.8390655517578,246.9418989290312,241.87197794983268,245.27146675891186,28333900
2023-03-13,248.04579162597656,251.94349199727765,240.04525738823747,241.67662167942007,33339700
2023-03-14,254.7568359375,255.03035716432163,249.94087987551168,250.81028982629238,33620300
2023-03-15,259.29925537109375,260.3152041308793,253.21337082147616,253.96557655248083,46028000
2023-03-16,269.81036376953125,270.1620211712839,257.1892436798215,259.07458764401633,54768800
2023-03-17,272.96563720703125,276.7754083374073,269.9275985016487,271.8227207737094,69527400
2023-03-20,265.9322204589844,271.0607665452562,263.607274796688,270.57233358465885,43466600
2023-03-21,267.4463195800781,268.6380970576698,263.2848617004978,268.5208779306245,34558700
2023-03-22,265.9908142089844,274.5383905110529,265.8833434620223,267.0751210074597,34873300
2023-03-23,271.236572265625,274.55791015384574,268.8334906504202,271.5100935079119,36610900
2023-03-24,274.0792236328125,274.1378331913896,268.91159560004246,270.82624407390443,28172000
2023-03-27,269.9862365722656,274.94870285872935,269.14611628932346,274.01091982262307,26840200
2023-03-28,268.86285400390625,269.75180568788846,265.7563973042853,269.40989660765126,21878600
2023-03-29,274.0206298828125,274.63606009495277,271.96920577953756,272.5064700346815,25087000
2023-03-30,277.4787292480469,277.8792478188559,274.9682067021936,277.65458775561683,25053400
2023-03-31,281.63037109375,282.57793202096093,276.452994776974,277.16611747446694,32766000
2023-04-03,280.5852355957031,281.6011547846993,277.3811162661027,279.8916392622568,24883300
2023-04-04,280.53631591796875,283.73068619331156,279.0612688180202,280.58517709537364,25824300
2023-04-05,277.7620544433594,280.5070453166388,276.3749215198196,279.2371315346284,22064800
2023-04-06,284.85406494140625,285.32294143233264,275.50545235305464,276.6581468086852,29770300
2023-04-10,282.69525146484375,282.9003849670169,278.123496163904,282.5193929371124,23103000
2023-04-11,276.2869873046875,279.36413893859026,275.1245442349261,279.1394490348436,27276600
2023-04-12,276.9316711425781,280.3702577764048,275.4370676878089,278.20161454678106,27403400
2023-04-13,283.13482666015625,283.1934362329106,276.61914739244156,277.02941440172174,24222700
2023-04-14,279.52044677734375,281.80630960092736,277.12711319357106,280.36053721344047,20987900
2023-04-17,282.1188659667969,284.85410843164084,279.53995543823305,283.22272922701467,23836200
2023-04-18,281.69879150390625,285.01038094044696,280.37026829939435,284.82477404987856,20161800
2023-04-19,281.7769775390625,282.363073223057,277.9574283365994,279.3738659883608,17150300
2023-04-20,279.4910888671875,282.34355041766946,278.48491818075087,278.6509985011603,23244400
2023-04-21,279.1492004394531,279.6473817610795,276.511650666874,278.41655103724565,21676400
2023-04-24,275.2514953613281,278.35795159650013,272.27206627525993,275.564099605755,26611000
2023-04-25,269.0483703613281,275.0853933705517,268.999509188266,273.04374758827026,45772200
2023-04-26,288.5368957519531,292.6397447358396,285.957985102446,289.83614418187,64599200
2023-04-27,297.7780456542969,298.1395111111619,288.4196826173737,289.12302732036886,46462600
2023-04-28,300.1518249511719,301.78317430412875,296.2931927346846,296.9770107869876,36469600
2023-05-01,298.49114990234375,301.460830664017,298.0906312953761,299.8685344351108,21294100
2023-05-02,298.3446044921875,302.02737803508757,296.8793057090036,300.640245214825,26404400
2023-05-03,297.3580017089844,301.47059918400157,297.05517563669,299.5266454015473,22360800
2023-05-04,298.3446044921875,300.640245214825,296.38109458301545,299.15539003512066,22519900
2023-05-05,303.4634094238281,304.7528796666807,297.2309997282912,298.6474673178527,28197100
2023-05-08,301.5096435546875,303.02380353381574,299.00886932285215,302.95541576842186,21318600
2023-05-09,299.8978576660156,302.8675386103428,299.22381775082977,300.8747236518984,21340800
2023-05-10,305.0849914550781,305.75903132119197,300.55234911259487,301.4803538446717,30078000
2023-05-11,302.935791015625,303.9224348572809,299.17488212971915,302.9260426310401,31680200
2023-05-12,301.822265625,303.4633932219653,299.50709815578426,303.36570066728314,19774700
2023-05-15,302.3009338378906,302.73075724835036,300.4741992492285,301.94927639928727,16336500
2023-05-16,304.5281677246094,306.452594750173,302.66235026842685,302.66235026842685,26730300
2023-05-17,307.4064636230469,307.8274270875237,304.2149092490743,305.7323794637119,24315000
2023-05-18,311.83154296875,312.3406428632518,307.1323477805687,307.92533659511486,27276000
2023-05-19,311.6553039550781,312.05669811668946,309.7266699904712,310.0888957303577,27546700
2023-05-22,314.43560791015625,315.8160032297939,311.33219074174633,311.9097978822903,24115700
2023-05-23,308.6399841308594,315.94332604860966,308.63018455651456,313.3098099504378,30797200
2023-05-24,307.2595520019531,309.85389937046375,306.0455701210907,308.12107789264667,23384900
2023-05-25,319.0761413574219,320.0355435840167,313.28044007035,316.452394965502,43301700
2023-05-26,325.8997802734375,326.39905065575283,317.0789683726066,317.2160130284429,36630600
2023-05-30,324.25506591796875,328.6899413465032,323.5795525189351,328.19067091699185,29503100
2023-05-31,321.4942321777344,328.8856796035957,320.45646337468304,325.3123310459061,45950600
2023-06-01,325.5962829589844,326.52634626965755,317.90134604784606,319.08592941453026,26773900
2023-06-02,328.3570251464844,330.4129338211657,325.566865507756,327.2311796436286,25873800
2023-06-05,328.8857421875,331.45072114916485,327.6326215544442,328.18085996410906,21307100
2023-06-06,326.6731872558594,328.32770204884184,325.19491542513276,328.2885336264792,20396200
2023-06-07,316.5894470214844,327.4661371871072,315.72792109217784,324.6857770640945,40717100
2023-06-08,318.42999267578125,319.7810193360927,316.5600964884988,317.1377037070702,23277700
2023-06-09,319.92791748046875,323.0607044418597,317.59788906515115,318.1656968052279,22529000
2023-06-12,324.8816223144531,325.1263726657708,318.33210052305157,321.6802685980965,24260300
2023-06-13,327.2703857421875,329.90390189326365,323.4522862648796,327.44659882342825,22951300
2023-06-14,330.25628662109375,331.9206007397858,325.8214120391003,327.319282795224,26003800
2023-06-15,340.7903747558594,342.49382753852854,330.11926605235976,330.3933852343611,38899100
2023-06-16,335.1415710449219,344.08965911433876,334.76957557062366,343.9428148643849,46552000
2023-06-20,330.9513854980469,334.89675963715365,328.8073702091856,332.1849367263642,26375400
2023-06-21,326.5556640625,330.63811253956635,325.09696171811146,329.306655264913,25117800
2023-06-22,332.5765075683594,332.9779016676336,326.3402743618307,327.10389414473735,23556800
2023-06-23,327.9850158691406,330.86328217867896,326.44800648245837,327.33887140406574,23146900
2023-06-26,321.6998291015625,329.0521084557262,321.5921234240104,326.71231091411966,21520600
2023-06-27,327.5444641113281,329.0912729817788,322.3851082652234,324.89134914186997,24354100
2023-06-28,328.797607421875,330.8828850652817,326.80043631423547,327.63259343214776,20259500
2023-06-29,328.0143737792969,329.052112767679,325.6354077895199,327.6815169223393,16997000
2023-06-30,333.3891296386719,335.5331449952425,330.11926869973666,330.65770749403055,26832800
2023-07-03,330.8926696777344,333.7415673029559,329.5025044373006,332.067483294419,12508700
2023-07-05,331.0493469238281,334.475852129054,327.7011785685613,328.05360476311387,18172400
2023-07-06,334.1037902832031,335.78767385230776,328.45496307477555,330.21715360852994,28161200
2023-07-07,330.1388854980469,334.6129295027738,329.9235039739729,332.1947946138884,21214800
2023-07-10,324.8619689941406,328.1905971184104,320.71101328852956,327.5738215556575,32791400
2023-07-11,325.48858642578125,325.8703814238738,320.1334477409768,324.10819090994494,26698200
2023-07-12,330.1192626953125,334.4758007177013,328.62139184518895,329.53185591792584,29995300
2023-07-13,335.4646301269531,336.52193851467035,331.90105061768867,332.42971974992344,20567200
2023-07-14,337.9903869628906,344.0504071797022,337.0799229574127,340.2910459095937,28352700
2023-07-17,338.4701843261719,339.70370584522345,335.01431037964596,338.42121632729265,20363900
2023-07-18,351.9411926269531,359.0781209733801,334.98491162000175,338.56803033946636,64738600
2023-07-19,347.623779296875,354.84881389642584,345.0392313202001,354.15373131724334,39732900
2023-07-20,339.5862121582031,350.4531337158096,338.11771005249284,346.1455335144098,33778400
2023-07-21,336.55133056640625,342.9442090840303,332.6940623159266,341.81836334887606,69405400
2023-07-24,337.8631591796875,339.6351792022214,335.1219672074144,338.58764053266464,26678100
2023-07-25,343.60992431640625,344.5008191812914,337.82402242034016,339.8211637778006,41637700
2023-07-26,330.67724609375,337.43237871487065,326.1150966195682,334.2701938774004,58383700
2023-07-27,323.77532958984375,334.1625196341891,322.1403841798644,333.33039238314757,39635300
2023-07-28,331.2646789550781,332.8702554950669,326.1738899082172,326.66339057868936,28484900
2023-07-31,328.86614990234375,330.6087711275723,326.35987893485446,329.8451512620621,25446000
2023-08-01,329.27728271484375,331.4310974539715,326.6927349046381,328.15143723260553,18311900
2023-08-02,320.6229248046875,326.62420753627333,319.50684898513873,326.62420753627333,27761300
2023-08-03,319.800537109375,322.9529221835479,319.10545461953365,319.15439272906985,18253700
2023-08-04,320.8970642089844,328.10252974603515,320.3683951097149,324.910975755622,23741500
2023-08-07,323.1781311035156,324.15713248319014,320.64252111536877,321.4746782634423,17741500
2023-08-08,319.20343017578125,321.8467462017524,316.2174875229385,320.0943251345085,22327600
2023-08-09,315.4636535644531,320.2411556284152,314.30840912670357,319.61461022525367,22373300
2023-08-10,316.14892578125,321.3670201533067,314.4356732724542,319.1740366258562,20113700
2023-08-11,314.2692565917969,315.63985260966695,312.5070361030333,313.53500552400016,24355500
2023-08-14,317.235595703125,317.2551649738709,313.35872896949473,314.64124818370647,18836100
2023-08-15,315.10137939453125,318.2635647035866,314.16154640668196,316.21745534246327,16966300
2023-08-16,314.33612060546875,318.2800574602853,313.74747018564494,314.72854423868324,20698900
2023-08-17,310.88275146484375,315.77830142047725,310.2254186741254,314.47348610040007,21257200
2023-08-18,310.4903869628906,312.3544220351469,305.65366819423417,308.538028861624,24755000
2023-08-21,315.7882080078125,316.661348586836,311.0398118753366,311.91295245436015,24040000
2023-08-22,316.357177734375,319.9086615433213,315.3761035356602,319.33965168167043,16084600
2023-08-23,320.8112487792969,322.96962389693414,317.33823788637403,317.69144015108157,21166400
2023-08-24,313.9142761230469,326.67805954758404,313.9044558013969,326.5505151261544,23281400
2023-08-25,316.8673400878906,319.20227141780845,312.76642738205277,315.38590853898717,21684100
2023-08-28,317.5736999511719,319.97731354583135,315.63116244372804,319.49659681490056,14808500
2023-08-29,322.1945495605469,322.7537689845137,315.7881368695037,315.7881368695037,19284600
2023-08-30,322.5673828125,323.5680676815254,320.2716728612012,322.4496587032038,15222100
2023-08-31,321.556884765625,324.6472624633452,320.5954212849975,322.9696339885842,26411000
2023-09-01,322.4398498535156,325.7068137627579,320.5954255688949,325.039690493004,14942000
2023-09-05,327.2372741699219,328.51268854222997,322.4398370951833,322.77339871686183,18553900
2023-09-06,326.5799865722656,328.13007064456224,323.9310742393436,327.0705236753987,17535800
2023-09-07,323.66619873046875,326.7761872339446,322.8028486285546,325.0200859411969,18381000
2023-09-08,327.9436340332031,329.79787848396427,323.2246699296337,323.8427514132207,19530100
2023-09-11,331.5442199707031,332.01514636855427,329.0817141298704,330.8574560496714,16583300
2023-09-12,325.4909362792969,330.4159473154807,325.20644635330586,329.4643042616368,17565500
2023-09-13,329.69976806640625,330.4748250083912,324.90233116375424,325.0396659724569,16544400
2023-09-14,332.289794921875,334.4088885367708,330.2001023910707,332.7312602833099,20267000
2023-09-15,323.9703063964844,331.0144115945299,323.4110869464427,330.54351516502703,37679800
2023-09-18,322.8321838378906,324.1468193065151,320.18327226051287,321.59602110978096,16834200
2023-09-19,322.4300231933594,323.15603844559445,318.36839165791633,319.9969783891352,16505900
2023-09-20,314.6991271972656,323.3522079151342,314.4440682913458,323.2737351610063,21436500
2023-09-21,313.4826354980469,319.19249448338184,309.0383706041025,313.2177562445035,35560400
2023-09-22,311.0103454589844,315.3663173545135,310.166606068044,315.23877291658,21447900
2023-09-25,311.5303039550781,311.6578483890655,309.0383671510389,310.59827150671464,17836000
2023-09-26,306.2325134277344,309.9017213341856,304.1526109858872,309.1659156883459,26297600
2023-09-27,306.87017822265625,308.3515797645924,303.82884250383796,306.3894315511619,19410100
2023-09-28,307.7041320800781,309.50930504825243,303.59342871178666,305.1042614505791,19683600
2023-09-29,309.77410888671875,313.42370528640464,309.01869270124683,311.7362568448294,24147300
2023-10-02,315.70965576171875,315.7979787841784,309.21494955018176,310.294137124608,20570000
2023-10-03,307.4588317871094,315.3074247202829,305.320067458415,314.75799567015525,21033500
2023-10-04,312.9233703613281,313.98294710090596,308.05725146031534,308.0866824841923,20720100
2023-10-05,313.3157958984375,313.92408696226687,308.94021399543317,313.05091668193415,16965600
2023-10-06,321.06634521484375,322.9598111936179,310.3137506624104,310.55901920701876,25673600
2023-10-09,323.5779113769531,324.0488078481523,317.063564085275,318.60385781984473,19891200
2023-10-10,322.1749267578125,324.83362909225707,321.4685522330149,324.6962643518777,20557100
2023-10-11,326.1286315917969,326.52105520300006,322.910710075927,324.9415104974041,20063200
2023-10-12,324.89251708984375,327.3157714229003,322.4986937835042,324.313686937738,19313100
2023-10-13,321.5274353027344,327.5119635418574,320.1833385954494,326.0894240178062,21072400
2023-10-16,326.34454345703125,329.77830323276595,324.34314366168616,324.78460909741796,22158000
2023-10-17,325.77545166015625,327.148949363288,321.21346324546664,323.3521975217721,18338500
2023-10-18,323.86236572265625,329.2386627175147,322.0866239478229,326.1973269355328,23153600
2023-10-19,325.0494384765625,330.5042074141456,324.6471945516685,325.8637167069563,25052100
2023-10-20,320.487548828125,325.638188807879,319.2906370066579,325.441961975503,25027700
2023-10-23,323.0873107910156,326.4327768680091,318.25062294814967,319.3101697402162,24374700
2023-10-24,324.2744140625,325.55961871050516,321.39987419726737,325.02983032476106,31153600
2023-10-25,334.2225646972656,339.64790388750646,331.2302703891526,338.4902135639039,55053800
2023-10-26,321.68438720703125,335.1643351813987,320.7523548760507,334.09496805111814,37828500
2023-10-27,323.56805419921875,330.3472799837888,322.1847360926127,324.1763153652428,29856500
2023-10-30,330.92608642578125,333.02559927042574,325.5497898368821,327.09990360704097,22828100
2023-10-31,331.7109680175781,332.5841383863149,328.355711175483,332.4369832511366,20265300
2023-11-01,339.5203552246094,340.84481138122624,333.22184569359115,333.3592104526516,28158800
2023-11-02,341.7277526855469,342.22808013928716,338.244921513789,340.66817584467145,24348100
2023-11-03,346.1229553222656,347.6828896003234,340.75647841286957,343.01296696867126,23637700
2023-11-06,349.7823486328125,350.7732430573265,346.66254017187435,346.76065357014403,23828300
2023-11-07,353.7066955566406,355.6001616596292,350.86158624054224,352.5980768718827,25833900
2023-11-08,356.3261413574219,356.9834442680157,353.7262709217689,354.8348894957631,26767800
2023-11-09,353.86358642578125,357.8859958475487,353.5398152366619,355.4431012078397,24847300
2023-11-10,362.6736755371094,363.0955302142946,354.23643229337705,354.6484666487655,28042100
2023-11-13,359.74029541015625,361.49642668428953,358.97505869997684,361.2511581241037,19986500
2023-11-14,363.2622985839844,364.9105258370756,360.3975789598127,363.98831378189556,27683900
2023-11-15,363.4097900390625,366.8111878331865,360.89311508068755,364.99251089097083,26860100
2023-11-16,369.7997131347656,369.97665770103697,363.91113117269197,364.6779209606421,27182300
2023-11-17,363.58673095703125,368.03017560302834,360.7849886688486,367.2830363259732,40157000
2023-11-20,371.0482482910156,372.454024769358,364.71730401002463,364.9335796221372,52465100
2023-11-21,366.7522277832031,369.848877892723,364.83523819118903,369.30820390562985,28423100
2023-11-22,371.4512939453125,373.3584433577172,368.6200605907828,371.598747765699,23345300
2023-11-24,371.038330078125,371.56919374191403,368.78713213501106,370.9400175476793,10176600
2023-11-27,372.1983947753906,374.19404643508545,369.82923344697656,370.3993982063347,22179200
2023-11-28,376.2191467285156,376.51405435302496,371.75602133936184,371.9428061684763,20453100
2023-11-29,372.4343566894531,377.79204546279357,371.0482307864117,377.2612117132878,28963400
2023-11-30,372.4932556152344,373.65326540424974,369.11150877208047,372.0803550119597,30554400
2023-12-01,368.1678466796875,371.75602952719976,365.0220252786822,370.37974391455106,33040500
2023-12-04,362.8887939453125,363.2623336149724,356.7544451480774,362.84946292716745,32063300
2023-12-05,366.2115173339844,366.76203156592914,359.4283719754838,360.2443330697854,23065000
2023-12-06,362.554443359375,367.84333907553696,361.79749393560945,367.2141929312784,21182100
2023-12-07,364.66815185546875,365.15968459553505,360.1165538823308,361.9942125494772,23118900
2023-12-08,367.8925476074219,368.11863343182006,361.99415565369594,362.9477302195792,20154400
2023-12-11,365.01220703125,365.30714468081317,359.90028444738044,362.2399851303358,27708800
2023-12-12,368.0400390625,368.07937007976545,364.1864093914376,364.56981930802976,24838300
2023-12-13,368.0301818847656,371.2448248811306,364.4911405130115,369.65223376326037,30955500
2023-12-14,359.7331237792969,367.430542857679,357.9636180145618,366.98815141610726,43277500
2023-12-15,364.4518127441406,366.09351500946013,360.0771601195224,360.6375145457429,78502300
2023-12-18,366.3393249511719,366.6834038503824,362.43655401042764,363.1935335888459,21802900
2023-12-19,366.9389953613281,366.9389953613281,363.5768985428581,365.19895042864266,20603700
2023-12-20,364.3436584472656,369.6620453460696,364.2551861699306,368.64948928220537,26316700
2023-12-21,367.2142639160156,368.0695260278655,363.77353495979867,366.25084900799567,17708000
2023-12-22,368.2366027832031,368.8264479888416,366.39827539290235,367.3518499751321,17107500
2023-12-26,368.3152770996094,370.5566649551992,367.1749176642006,368.649515727109,12673100
2023-12-27,367.7352600097656,368.70848509896524,366.49658807749455,367.36169037934906,14905400
2023-12-28,368.9248046875,370.0848147302982,367.82377617224904,369.01327697882084,14327000
2023-12-29,369.67193603515625,370.77296452657316,367.1552909116957,369.6326050173838,18730800
2024-01-02,364.5894775390625,369.5342955375811,360.55890320609336,367.528833625427,25258600
2024-01-03,364.32403564453125,366.93899315410624,362.26943260145976,362.760965291212,23083500
2024-01-04,361.70904541015625,366.78166590955874,360.95209593669983,364.3928244536736,20901500
2024-01-05,361.5223083496094,365.7593179114421,360.29347657411785,362.72164936252017,21004600
2024-01-08,368.3447570800781,368.84613000704053,362.7609531121448,363.0460204620728,23134000
2024-01-09,369.4261474609375,369.62274253642516,364.9040407138779,365.71016152546855,20830000
2024-01-10,376.2879638671875,377.66427954305703,369.9472095066928,369.9963507804977,25514200
2024-01-11,378.1164855957031,384.06401983154944,373.9384572479892,379.4632805217829,27850800
2024-01-12,381.8913879394531,382.0978232574525,378.13607119839037,378.9618424711607,21661200
2024-01-16,383.66094970703125,387.3572854699558,381.0558322148753,386.9935560466254,27202300
2024-01-17,382.87451171875,383.5036580222972,378.29342300551,381.40975376136174,22234100
2024-01-18,387.1999816894531,387.31794474262756,383.51348627386955,385.08639698467385,23392100
2024-01-19,391.918701171875,391.918701171875,386.83623978929575,389.05797722162475,29331100
2024-01-22,389.7952575683594,393.83564181909105,386.9246935015416,393.2457965997971,27016900
2024-01-23,392.144775390625,392.61665757487873,387.2589392356876,389.04812543344485,20525900
2024-01-24,395.7427978515625,398.7608157750505,393.66854429552797,394.7400819620146,24867000
2024-01-25,398.0137023925781,400.1174768477645,395.7133328486228,397.4730283974927,21021200
2024-01-26,397.089599609375,399.291686504724,395.6150015101639,397.52215078520555,17803300
2024-01-29,402.78155517578125,403.03716177894273,397.48281829193445,399.1835322269837,24510200
2024-01-30,401.6706848144531,406.05514806143475,399.56694047651416,405.27854800251134,33477600
2024-01-31,390.84710693359375,408.2867065664151,390.48337755581736,400.06826467616,47871100
2024-02-01,396.942138671875,401.0906757831929,394.9956584155895,395.02514917701313,30657700
2024-02-02,404.25616455078125,405.6619409058491,396.72587980855803,396.9716461643717,28256700
2024-02-05,398.7804260253906,404.1971253346496,397.1485340556138,402.95845347789543,25352300
2024-02-06,398.6231689453125,401.06118187336995,396.0868734804641,399.0065788415849,18382600
2024-02-07,407.0381774902344,407.2839438164574,400.50079921285686,400.5401302252688,22340500
2024-02-08,407.09716796875,408.5226246925269,405.5439379531735,407.03818644922006,21225300
2024-02-09,413.42816162109375,413.69360849220726,408.060632682177,408.21792675374667,22032800
2024-02-12,408.2277526855469,413.61493194410616,407.7263797250581,413.43798737008973,21202900
2024-02-13,399.4390869140625,403.12558166924816,396.55871287886254,398.0824520440308,27824900
2024-02-14,403.2998352050781,403.64455035620506,398.4542264131706,401.9013178119368,20401200
2024-02-15,400.41412353515625,402.9452806494458,398.17844942358096,401.97025586986575,21825500
2024-02-16,397.95196533203125,402.11803273676423,397.3413424619827,401.7930043986709,22296500
2024-02-20,396.7011413574219,398.37542488528044,391.99340052173363,397.1443207958614,24307900
2024-02-21,396.1003723144531,396.20872511051635,391.2153593903598,394.12077725006736,18518900
2024-02-22,405.42724609375,406.5894012936675,402.3938184427991,403.9893247437461,27009900
2024-02-23,404.13702392578125,409.5735691126935,402.7877385663373,409.38646893086735,16295900
2024-02-26,401.3793640136719,405.92952022656453,401.2020621700657,405.24008986741234,16193500
2024-02-27,401.3202819824219,402.14758039730725,397.74515057992284,401.82255205730473,14835800
2024-02-28,401.5566711425781,403.112773728935,399.1929569344221,402.00970910221264,13183100
2024-02-29,407.3871765136719,407.9387088030321,399.7838756031993,402.46275960420144,31947300
2024-03-01,409.218994140625,409.583396137478,404.6688382927548,405.0529271345384,17823400
2024-03-04,408.6477966308594,411.04105586312363,406.08709401097116,407.1901585103068,17596000
2024-03-05,396.5632629394531,407.9879154671031,394.58366790374333,407.7022908884421,26919200
2024-03-06,396.0117492675781,399.03534841652714,392.3676988449284,396.87845143918287,22344100
2024-03-07,402.9552001953125,403.58550992875143,396.15948083378726,399.98083315410713,18718500
2024-03-08,400.0793151855469,404.21583727335775,398.2178712291556,401.793002594602,18002200
2024-03-11,398.40496826171875,399.54743645794565,395.19426925023413,397.6564774172096,16120800
2024-03-12,409.0023498535156,409.28797443620516,400.64069996356216,401.4581399062547,22457000
2024-03-13,408.8250427246094,411.8584699071754,405.2302248765396,411.7796924719957,17115900
2024-03-14,418.79205322265625,421.35275566223316,411.6713365651744,413.8873238589186,34157300
2024-03-15,410.1250915527344,416.21166275541714,406.5499605866558,412.9517016392755,45079900
2024-03-18,411.011474609375,414.3699300128756,407.5249795776433,407.98787589557446,20106000
2024-03-19,415.0396728515625,415.295752126201,409.2682411150174,411.5137738248201,19837900
2024-03-20,418.8019714355469,419.52091706855344,414.3010471653659,415.62078729077075,17860100
2024-03-21,422.87933349609375,424.3074262893576,420.7027498405441,423.3323713938263,21296200
2024-03-22,422.2588806152344,423.36194516542855,419.62925888508494,423.2043902779049,17648500
2024-03-25,416.4677429199219,420.9489800236463,415.2366387798196,418.8117700116772,18060500
2024-03-26,415.27606201171875,419.5504521799467,414.9806090267337,419.1761916947957,16725600
2024-03-27,415.0593566894531,418.0337234540762,412.67595596490696,418.02386500319915,16705000
2024-03-28,414.3600769042969,415.49268661622915,412.7842577129666,414.5964392633085,21871200
2024-04-01,418.15191650390625,421.42173632509054,415.8374347010724,417.5412936572551,16316000
2024-04-02,415.0692138671875,415.9950065592136,411.5236280313696,413.7593022671653,17912000
2024-04-03,414.09417724609375,416.86169679254687,412.75472038791173,413.38506009911544,16502300
2024-04-04,411.56304931640625,422.1899488258563,411.2577378896696,418.5655553413228,19370900
2024-04-05,419.0875549316406,420.0626098925823,411.99641280038685,413.6608680769513,16554800
2024-04-08,418.17156982421875,420.8209081351917,416.9010620332454,418.7428189329514,14272400
2024-04-09,419.8360290527344,421.2739501766581,415.2464695179833,419.9936139789009,12496900
2024-04-10,416.8617248535156,417.6200741918698,413.3555426286193,415.80789248455,16216600
2024-04-11,421.4610900878906,422.8793243997448,415.9752830660833,419.3830008173104,17966400
2024-04-12,415.52227783203125,418.75269400595073,413.4244714952131,417.6397710155257,19253800
2024-04-15,407.3871765136719,420.36793227353456,407.1803293629701,420.15125672726765,20273500
2024-04-16,408.31292724609375,412.0751888679084,407.4758004410801,408.3030988508173,16765600
2024-04-17,405.6143493652344,412.5479364642673,404.127165910336,410.9425718180864,15855500
2024-04-18,398.15875244140625,405.66358827577534,397.8436126348303,404.4226257260466,21029900
2024-04-19,393.08660888671875,399.35048216055003,391.7570104509112,397.922389385747,30565800
2024-04-22,394.8988342285156,396.76027825597146,389.7676002006902,394.0321320394096,20286900
2024-04-23,401.4089050292969,402.0293863346637,396.9670716039761,398.1292267170022,15734500
2024-04-24,402.8763427734375,406.2347982871372,400.6308101493401,403.36878440202247,15065300
2024-04-25,393.0078125,393.84496925671834,382.1642385201122,388.0735378998874,40586500
2024-04-26,400.1777648925781,406.7567777157392,399.62623268322636,405.93933785210214,29694700
2024-04-29,396.1693115234375,400.17779380940664,393.1555709987601,399.12396145400385,19582100
2024-04-30,383.44464111328125,396.0807119739039,383.2870862186978,395.4208268707794,28781400
2024-05-01,388.96978759765625,395.64729473492514,384.40977340635925,386.6749928264685,23562500
2024-05-02,391.82598876953125,393.88439136644655,388.6842084752251,391.6487169798458,17709400
2024-05-03,400.51263427734375,400.99521746175435,395.7851765465019,396.1988407447482,17446700
2024-05-06,407.28863525390625,407.67272409935384,400.2270089943109,402.5808944329267,16996600
2024-05-07,403.1521301269531,408.4015749957849,402.90590929968624,408.3917165446932,20018200
2024-05-08,404.3340148925781,405.9984701419799,400.56189486819255,401.9998461853561,11792300
2024-05-09,406.0870666503906,406.48101393700307,402.9157414003457,404.36352097224125,14689700
2024-05-10,408.4705505371094,409.10089036918424,405.57499080306246,406.6977723578493,13402300
2024-05-13,407.4659423828125,412.0259571204268,404.60978666771797,411.6911003868472,15440200
2024-05-14,410.2630310058594,411.1789653639721,405.3287555020644,405.7916519071735,15109300
2024-05-15,417.4360046386719,418.15627711467357,411.7035137509103,412.32511422725236,22239500
2024-05-16,415.3739013671875,419.7448271840896,414.74245474989345,416.1730933998144,17530100
2024-05-17,414.6042785644531,417.27814812423264,412.45336756995647,416.90321260748334,15352200
2024-05-20,419.6658935546875,421.0768099021397,414.3872573782501,414.6043237478942,16272100
2024-05-21,423.3165588378906,427.19412489848247,419.18245157588046,421.13601884677456,21453300
2024-05-22,424.7767639160156,426.6415653807663,421.43200286988593,424.35250743086516,18073700
2024-05-23,421.3037109375,427.8156712738496,419.7448017896618,427.194070817087,17211700
2024-05-24,424.42156982421875,425.30955759417924,418.7482761527639,421.49118910602255,11855300
2024-05-28,424.5794677734375,425.07279769134385,420.9090919797955,423.8986700778892,15718000
2024-05-29,423.4447937011719,425.1911706830153,420.0112068053538,420.0112068053538,15517100
2024-05-30,409.13824462890625,418.63975349144664,408.7139580183881,418.63975349144664,28394500
2024-05-31,409.59210205078125,411.1904861655314,399.11377942255837,411.1904861655314,47995300
2024-06-03,408.0035705566406,410.8747543349761,403.4649593325196,409.98676649158153,17484700
2024-06-04,410.51953125,410.88459054146256,404.21476096620233,406.9280752908703,14348900
2024-06-05,418.3536071777344,418.42265047577604,410.7464388812518,412.23630472822083,16988000
2024-06-06,418.8568115234375,419.63628120393724,414.96936946485204,418.35363549566944,14861300
2024-06-07,418.19580078125,420.59337708963096,417.35713385188853,420.5144575469657,13621700
2024-06-10,422.162109375,422.36929949498546,418.2352227759558,419.0344147777948,13982900
2024-06-11,426.907958984375,427.04610581067664,419.57708382911113,419.8040264249776,14551100
2024-06-12,435.1761474609375,437.4849276655188,427.47033721280536,429.51273012432705,22366200
2024-06-13,435.689208984375,437.4750908737884,433.508699318619,434.9689666213265,15960600
2024-06-14,436.666015625,437.22841891267086,430.89405002785384,432.43323683903066,13582000
2024-06-17,442.3886413574219,444.92436422206765,434.84070005199675,436.68574902549324,20790000
2024-06-18,440.3857421875,444.1350675846114,438.95510350912195,443.71078097637735,17112500
2024-06-20,439.7542724609375,440.57318682315986,435.38334678666155,440.3462442358131,19877400
2024-06-21,443.7798156738281,444.56913141990066,440.553449170913,441.4118383251449,34187100
2024-06-24,441.6980285644531,446.71024735686916,440.45482751735335,443.79958875342635,15913700
2024-06-25,444.93426513671875,445.3979964641079,440.7902817808812,442.27027153504196,16413400
2024-06-26,446.1280822753906,447.5488747436615,442.21104180989477,443.0102338094888,16507000
2024-06-27,446.8089294433594,450.0846474477425,445.7433199188156,446.1478540799415,14806300
2024-06-28,440.9875793457031,449.305113661538,440.45477465939115,447.02593208902044,28362300
2024-07-01,450.6370849609375,451.2685314965591,439.714755113794,442.6747341437756,17662800
2024-07-02,453.153076171875,453.45893827703065,447.0653724350894,447.15419830732895,13979800
2024-07-03,454.6231994628906,454.869864398923,451.7717684597979,452.07763057164084,9932800
2024-07-05,461.3226318359375,462.1021014719612,452.8472281684966,453.478674753155,16000300
2024-07-08,460.0202331542969,461.4607780718062,458.26398000009,460.326095268591,12962300
2024-07-09,453.40960693359375,461.09566431646033,451.89014256478214,460.77007986409006,17207200
2024-07-10,460.0301208496094,460.2373109717691,452.73869064735504,455.0672233776237,18196100
2024-07-11,448.63427734375,458.5797960815504,445.5262745096207,456.8038202710232,23111200
2024-07-12,447.4995422363281,450.2720538778231,444.6382348256943,448.26913567933263,16324300
2024-07-15,447.9040832519531,451.1600787227488,445.40783511291056,447.25288415779397,14429400
2024-07-16,443.5232849121094,448.23951736513413,440.7014524487549,448.1605978328616,17175700
2024-07-17,437.60333251953125,438.9156068819966,433.3212327097638,436.68574615539535,21778000
2024-07-18,434.4953308105469,438.7182331565263,428.60497114914784,438.41237105587203,20794800
2024-07-19,431.2788391113281,435.2551069043024,426.23702212212055,427.3223538949878,20940400
2024-07-22,437.0310974121094,438.6689563053254,433.05485959349295,435.8964446559175,15808800
2024-07-23,438.91558837890625,442.4083722657051,437.1889338456379,437.97824958808866,13107100
2024-07-24,423.1783752441406,435.5905721860423,421.88585333621705,434.5743138131604,26805800
2024-07-25,412.8184814453125,424.0663978828946,411.94036982301,423.0797380180107,29943800
2024-07-26,419.5967712402344,423.19810333197387,411.7034934246348,412.6211098546519,23583800
2024-07-29,421.0373229980469,426.38500194360023,419.0344049240428,425.8225986635412,15125800
2024-07-30,417.2781677246094,423.32636688783225,411.7923116419938,422.0141226280364,32687600
2024-07-31,412.7691345214844,416.1533704185598,406.7110288792971,414.89044707540063,42891400
2024-08-01,411.5456237792969,421.75755796351626,407.57926252131097,415.1765544542287,30296400
2024-08-02,403.0406799316406,409.4638453090681,398.9460475006439,406.98731940449915,29437900
2024-08-05,389.87860107421875,395.6900415573509,380.43625987349014,383.9783949357412,40709200
2024-08-06,394.2790832519531,400.25826896287094,393.18390539634436,394.66389500260414,24946500
2024-08-07,393.1148376464844,404.6094177317887,392.16765271577526,403.18865539095805,20650900
2024-08-08,397.31805419921875,400.4457490366174,394.6047396336136,397.0713892387092,20203000
2024-08-09,400.60357666015625,402.6064947272633,396.89375651412195,398.64013341356633,19276700
2024-08-12,401.383056640625,403.30705522680034,398.84733381774834,401.6297215819056,16762900
2024-08-13,408.4870300292969,409.41449264240543,404.10625814496586,404.1259805010332,19414300
2024-08-14,411.29901123046875,412.1475543601763,406.94786778270196,409.2664943452795,18267000
2024-08-15,416.1620788574219,416.2411406304339,412.8310473922666,414.9462891736181,20752100
2024-08-16,413.6317138671875,416.46852653153576,412.4752279591184,415.73709195319884,22775600
2024-08-19,416.65631103515625,416.87376862371895,411.64492262923585,414.11601787893187,15234000
2024-08-20,419.8885498046875,420.9362919197164,416.76511152971835,416.8244154105886,16387600
2024-08-21,419.2361755371094,421.4700252660244,416.8441419181339,419.1768414959673,16067300
2024-08-22,410.7454528808594,421.8555179747642,409.8163186254232,419.45359039351575,19361900
2024-08-23,411.97113037109375,414.41257372157986,407.32545916499066,412.15893602611095,18493800
2024-08-26,408.70928955078125,412.4554786638681,406.58415351672016,411.55599630876077,13152800
2024-08-27,409.05523681640625,409.5692137906275,405.5067475085558,408.0865565785304,13492900
2024-08-28,405.8526916503906,410.201813276276,402.60072184118246,410.0832055301203,14882700
2024-08-29,408.34356689453125,417.17031240351145,405.85271359636084,410.14253158113485,17045200
2024-08-30,412.31707763671875,412.663006834999,407.36499317358016,410.7948745382869,24308300
2024-09-03,404.70611572265625,415.02541234976394,402.32397617802485,413.0781880012741,20313600
2024-09-04,404.17236328125,406.4853049884444,399.6947395600007,401.2169427939581,15135800
2024-09-05,403.66827392578125,408.32380920500026,401.43439403542544,402.90715723849786,14195500
2024-09-06,397.05560302734375,405.9021060614487,396.165984591682,404.33049307771034,19609500
2024-09-09,401.0291442871094,403.9252609488484,397.50041270369564,402.5315594789773,15295100
2024-09-10,409.4111022949219,411.5164502597468,402.9862541865475,403.48047327180706,19594300
2024-09-11,418.14886474609375,419.0878628478116,404.8444661227044,410.6960329818373,19266900
2024-09-12,422.0630798339844,422.42879711427406,414.89690341994134,418.415740735589,17395700
2024-09-13,425.6115417480469,426.8371952929349,420.54084966063596,420.9065669174341,15874600
2024-09-16,426.3529052734375,428.517587221267,423.2689830915265,425.6214706998335,13834700
2024-09-17,430.1188659667969,436.741413807479,427.2721591954558,435.1401487897844,18874200
2024-09-18,425.82904052734375,430.9886889198146,425.43367129700556,429.9705988234429,18898000
2024-09-19,433.6179504394531,436.3954593302787,431.84863763952944,436.1285918792357,21706600
2024-09-20,430.2374267578125,434.16152709216163,429.19957885288886,432.1648930552261,55167100
2024-09-23,428.4978332519531,431.41370770372646,425.4139110417271,429.2589197702658,15128900
2024-09-24,424.2080078125,428.33967197864655,421.1734954974966,427.9937125983331,17015800
2024-09-25,427.1139831542969,428.1123153119531,423.61493391499886,424.8603454388432,13396400
2024-09-26,426.3232421875,430.2671006249204,424.1684543301705,430.0595370663028,14492000
2024-09-27,423.0712585449219,426.85699330507344,422.52762966372916,426.5307918445686,14896100
2024-09-30,425.3249206542969,425.4435585697777,420.4519278512811,423.2590885562286,16807300
2024-10-01,415.8260498046875,423.52599147760804,413.9677812470877,423.49633953955015,19092900
2024-10-02,412.3072204589844,417.9314360837514,411.89206315330637,417.6941904099043,16582300
2024-10-03,411.7240295410156,414.699207817815,409.50004373541833,412.80142348929195,13686400
2024-10-04,411.2496032714844,414.8969427153237,410.17220923179,413.4043913508732,19169700
2024-10-07,404.8049621582031,412.287415913181,404.2711971193028,411.190264062665,20919800
2024-10-08,409.9151611328125,410.8541894054543,403.45079759655545,406.1492143378804,19229300
2024-10-09,412.6333923339844,415.51964507918063,409.50992407936405,411.051885220099,14974300
2024-10-10,411.0320739746094,412.5246250787664,408.37317321416026,410.4291412448218,13848400
2024-10-11,411.506591796875,412.30722431233596,408.4720793339732,411.32868016338136,14144900
2024-10-14,414.2939758300781,419.137316675548,412.692680707405,412.9397902420181,16653100
2024-10-15,413.8985595703125,417.59533856944756,410.45881429415135,417.2987890411578,18900200
2024-10-16,411.3088684082031,411.5460839058675,405.7340930599272,410.36987028679,15508900
2024-10-17,411.9019470214844,417.61511832115826,410.78500708577025,417.4767225011017,14820000
2024-10-18,413.3253173828125,414.79808063402476,411.44729085370335,412.3171212877513,17145300
2024-10-21,413.9381103515625,414.1160219717621,408.9662678666254,411.30886136013186,14206100
2024-10-22,422.5672302246094,425.6017126142665,413.20671913798,413.65149823512496,25482200
2024-10-23,419.69085693359375,426.0959170295647,417.64478266305224,425.8784594235447,19654400
2024-10-24,419.8193054199219,421.05485298708396,417.51622786247975,420.41234412037124,13581600
2024-10-25,423.19976806640625,427.5192377532194,421.63804913504384,421.8258547879259,16899100
2024-10-28,421.6578369140625,426.94598717649535,421.3711813975522,426.669225694439,14882400
2024-10-29,426.9558410644531,428.16173672961014,420.8769227357868,423.05149857942604,17644100
2024-10-30,427.52911376953125,433.43009020652653,427.1040926423887,432.3823482739382,29749100
2024-10-31,401.65185546875,411.3484314804884,401.60241546152275,410.55766284750285,53971000
2024-11-01,405.6253662109375,410.69605883957496,402.78855349489004,404.2811047814158,24230400
2024-11-04,403.7374267578125,405.67478719502446,400.88085627166146,405.06193022116906,19672300
2024-11-05,406.7027282714844,410.1029577159873,403.36180269923256,403.64845819160416,17626000
2024-11-06,415.3219299316406,415.58882753455555,405.77361389082967,407.65167048638625,26681800
2024-11-07,420.51123046875,421.91482589939426,415.0254108601489,416.40921822256973,19901800
2024-11-08,417.6546630859375,421.568869701991,416.90344044148964,420.40251992805025,16891400
2024-11-11,413.1770324707031,419.89839969038087,411.1902621762221,417.6348679260246,24503300
2024-11-12,418.1390075683594,419.5327090402253,412.37642617579047,413.4142742125201,19401200
2024-11-13,420.283935546875,424.3661599826618,413.3747320030266,416.76509796101305,21502200
2024-11-14,421.9543762207031,423.21957584577814,415.14402288993426,420.086213638624,30246900
2024-11-15,410.20184326171875,417.91164897279026,408.85758182070697,414.9661225121513,28247600
2024-11-18,410.9530334472656,413.5624943414024,407.33534638732004,410.07330906060787,24727000
2024-11-19,412.9595947265625,413.1078544202765,406.79171998540573,408.33368112951007,18133500
2024-11-20,410.6861572265625,412.46536399512735,405.8329222910528,412.05020669970736,19191700
2024-11-21,408.913330078125,415.7571129679985,406.35806834126146,415.4797975064388,20780200
2024-11-22,413.0037536621094,413.3999142872652,407.1206761919346,407.4277029433142,24814600
2024-11-25,414.7765808105469,417.0446130867062,410.8743369468268,414.3705063731925,27691100
2024-11-26,423.888427734375,424.92838338966095,414.83603494213827,415.5689336176803,23458900
2024-11-27,418.9363098144531,423.1356967701012,417.97560449920036,421.03598817971914,18332400
2024-11-29,419.4018249511719,420.808229889217,413.7960631011275,416.06412568619913,16271900
2024-12-02,426.8497314453125,428.85036197579825,417.2723902009829,417.529908173513,20207200
2024-12-03,427.0676574707031,428.32547569363487,423.6407942127541,425.72067515411175,18302000
2024-12-04,433.22802734375,435.4564646159383,428.48392353237045,428.8800841135143,26009400
2024-12-05,438.3782043457031,440.3986627358307,431.9900352112823,433.72326431540773,21697800
2024-12-06,439.3191223144531,441.82487523918803,437.5363542028089,438.0612738202398,18821000
2024-12-09,441.74560546875,444.03346541962105,436.2785166631167,438.3583975889403,19144400
2024-12-10,439.0813903808594,445.31111943385133,437.3679889585384,440.13125981361975,18469500
2024-12-11,444.68719482421875,446.0341772846715,439.7945337941877,439.7945337941877,19200200
2024-12-12,445.2517395019531,451.78849591772126,444.8060398866272,444.8060398866272,20834800
2024-12-13,442.983642578125,447.10377945438483,441.30983602760955,444.142443353527,20177800
2024-12-16,447.26226806640625,447.8466102847365,441.0127411892908,442.9836607244317,23598800
2024-12-17,450.104736328125,450.92679906279125,445.26161469090005,446.6878170659997,22733500
2024-12-18,433.19830322265625,448.31203901010963,432.83182371521207,446.9947983161777,24444500
2024-12-19,432.841796875,438.93285336164837,432.1386095010433,437.38780577162396,22963700
2024-12-20,432.4159240722656,439.48748337745457,424.5223020050907,428.9593493416428,64263700
2024-12-23,431.078857421875,433.4558513948008,428.6820357713906,432.5545685943141,19152500
2024-12-24,435.1197509765625,435.38718282685113,430.02902490868655,430.48460812290455,7164500
2024-12-26,433.9114074707031,436.7143034093448,432.44561022869516,434.8721127935591,8194200
2024-12-27,426.4040832519531,431.04913980352325,422.2641488688207,430.4350863105853,18117700
2024-12-30,420.7586669921875,423.45260132830686,417.8567536350218,421.97689027997586,13158700
2024-12-31,417.46063232421875,422.6405224628075,416.62868593663666,422.0165551158413,13246500
2025-01-02,414.568603515625,421.9868450538027,410.8743686174563,421.45201157982797,16896500
2025-01-03,419.29290771484375,419.9663838035234,415.5194225803269,417.0446425061394,16662900
2025-01-06,423.7497863769531,430.15778356293015,421.4025036603563,423.8983428352595,20573600
2025-01-07,418.322265625,426.52291408196885,416.76730426764124,424.8887326935554,18139100
2025-01-08,420.49127197265625,422.87817962096636,417.50022470253026,419.40180766065134,15054600
2025-01-10,414.93505859375,420.63983782074297,411.042698272716,420.56061778951556,20201100
2025-01-13,413.1919250488281,414.48936844362913,408.3388895039501,411.2606004893305,17604800
2025-01-14,411.6864929199219,415.7174656234234,406.783918522941,413.80596878606093,16935900
2025-01-15,422.2244873046875,424.04685017409594,414.2615295855494,415.1133035563719,19637800
2025-01-16,420.5110778808594,425.3740271428382,420.3229265289763,424.5916197701724,15300000
2025-01-17,424.91845703125,430.31623990051855,424.06671321451194,429.9299628963343,26197500
2025-01-21,424.3935241699219,426.7705180269004,421.52132200002626,426.0772445238866,26085700
2025-01-22,441.9239501953125,442.9836731089654,431.8216876151847,433.36673527212855,27803800
2025-01-23,442.4289855957031,442.46861072225846,437.26892363486763,437.7641319289048,18389300
2025-01-24,439.80438232421875,442.3695576290663,437.16987060502294,440.8938466028509,15549500
2025-01-27,430.3954772949219,431.02935848885954,419.4414710475572,419.94659323490635,35647800
2025-01-28,442.9143371582031,444.08302154903276,427.24593852989443,430.43508134605355,23491700
2025-01-29,438.09100341796875,442.5974175154718,436.17950645057016,442.40923592540474,23581400
2025-01-30,411.01300048828125,418.8075747745586,409.20055129765046,414.75677425796516,54586300
2025-01-31,411.08233642578125,416.6583870568431,410.933779971825,414.964783031506,34161900
2025-02-03,406.9820251464844,411.42898625512174,404.7436738342851,407.6555012178145,25679100
2025-02-04,408.4180908203125,409.9532546940812,405.81329031153365,408.7350313881363,20532100
2025-02-05,409.3293151855469,409.8641184268012,406.4669964929513,408.39832109505767,16316700
2025-02-06,411.83502197265625,414.1922182257068,410.03245657619226,410.03245657619226,16309800
2025-02-07,405.8232116699219,414.63791357819275,404.1890302854019,412.48872643025265,22886800
2025-02-10,408.2695617675781,411.47850211303046,406.9820321839411,409.74527293691693,20817900
2025-02-11,407.4970397949219,408.5369652151938,405.3775335991668,405.714301867279,18140600
2025-02-12,405.1200256347656,406.813629604169,400.4947666868975,403.30754628100544,19121700
2025-02-13,406.60565185546875,407.0612350423618,402.46568736983716,403.0995685212682,23891700
2025-02-14,404.515869140625,404.99128001840967,401.99031874797896,403.8820181953633,22758500
2025-02-18,405.71429443359375,406.66508596257455,402.60437161832556,404.08999660584703,21423100
2025-02-19,410.79510498046875,411.5082061808428,403.7433432351679,403.97114994678657,24114200
2025-02-20,412.968505859375,416.1243389128722,409.40578409861945,412.134891295379,23508700
2025-02-21,405.1086120605469,414.87384893021425,404.791066280818,414.1692516421462,27524800
2025-02-24,400.9306335449219,406.25983043716724,396.2861968407472,405.4063787741937,26443700
2025-02-25,394.8769836425781,398.86646142853965,393.6861187086097,398.05268403794094,29387400
2025-02-26,396.693115234375,400.5337085768434,391.25473790483426,394.986181494864,19619000
2025-02-27,389.5477600097656,402.657388820498,389.1905096396701,398.22134834414993,21127400
2025-02-28,393.973876953125,394.6090291195634,383.6330593862238,389.67678725566606,32845700
2025-03-03,385.5384521484375,395.7899873220531,383.2261675615013,395.7899873220531,23007700
2025-03-04,385.65753173828125,389.59737098453536,378.10536303990614,380.48712304915495,29342900
2025-03-05,397.9732666015625,398.61835249883035,385.85603973587394,386.3820118850688,23433100
2025-03-06,393.87469482421875,399.09471206990673,389.69665794124984,391.28450820827493,23304600
2025-03-07,390.32183837890625,391.80050846371955,382.61088158953936,389.33936956128906,22034100
2025-03-10,377.271728515625,383.4643102679539,374.3540628163808,382.9085673048331,32840100
2025-03-11,377.5596008300781,383.0674234309217,374.04648696420594,376.12060487129355,30380200
2025-03-12,380.3581237792969,382.2933209136247,376.0709676751301,380.0405779726452,24253600
2025-03-13,375.89227294921875,382.3925273041687,374.58232470495466,380.24893433302753,20473000
2025-03-14,385.6079406738281,387.2652662935844,376.6267095180303,376.8946473094157,19952800
2025-03-17,385.7468566894531,389.72637004614455,382.6406320765131,383.7620517263702,22474300
2025-03-18,380.6062316894531,384.4269877309022,378.2046343736099,384.1292790671939,19486900
2025-03-19,384.8735656738281,386.719419886704,381.0825806498319,382.60095534567967,19185500
2025-03-20,383.9010314941406,388.81343664918575,380.3680805381929,382.80938253905003,18470500
2025-03-21,388.28741455078125,388.76374837124365,379.8916675364793,380.30848991510493,39675900
2025-03-24,390.09356689453125,392.39594799568545,386.8484215764684,392.39594799568545,21004500
2025-03-25,392.1578063964844,393.34867131877104,389.65696280253144,390.9272368910712,15775000
2025-03-26,387.0072326660156,392.30665877239477,385.61787512073846,391.99901639757354,16108400
2025-03-27,387.6125793457031,389.259971232933,384.4567464670721,387.1660163642304,13766800
2025-03-28,375.92205810546875,386.1735929782764,374.06627026028934,385.1315521729189,21632000
2025-03-31,372.5379943847656,374.20522334023684,364.449889664545,369.7096411618319,35184700
2025-04-01,379.28631591796875,379.9413052057438,370.39439795061145,371.80359254811333,19689500
2025-04-02,379.2367248535156,382.1543604865691,373.7586433966847,375.0983928958324,16092600
2025-04-03,370.2752990722656,374.61212363444304,366.54388609690864,371.9425583652147,30198000
2025-04-04,357.10614013671875,371.74407816646067,356.74888974568233,361.363555677575,49209900
2025-04-07,355.14117431640625,368.1813588125757,342.17049555544185,348.2142236601539,50425000
2025-04-08,351.8662414550781,370.8112022714622,347.5889889390993,365.46216834014683,35868900
2025-04-09,387.5232849121094,390.2424886537646,350.4173671278774,350.854026698487,50199700
2025-04-10,378.4527282714844,380.9833427250372,365.0056552003408,379.1573256201752,38024400
2025-04-11,385.498779296875,387.0865991344375,376.0114134245454,377.7481178718862,23839200
2025-04-14,384.8636474609375,391.651677567929,381.29099206627785,390.23254912743425,19251200
2025-04-15,382.7994689941406,388.91267269542334,381.24138963056953,385.558347033726,17199900
2025-04-16,368.7867126464844,378.71073856569086,365.2041538267982,377.7779079921512,21967800
2025-04-17,364.9858093261719,371.4761304955969,364.10258680355696,370.9104537724408,21120200
2025-04-21,356.3916015625,361.71089501866106,352.9678309109542,360.0635031391147,20807300
2025-04-22,364.0331115722656,364.9758758256959,357.12596800122816,360.6192443688487,19485000
2025-04-23,371.5456237792969,377.50003937654276,370.18600677791767,373.20291916052497,20545500
2025-04-24,384.35748291015625,385.49877003384853,372.33950296048084,372.8456379358323,22232300
2025-04-25,388.8729553222656,389.1805976978566,381.67803664886475,384.05979677325973,18973200
2025-04-28,388.1882019042969,389.7561846754867,383.7025530868883,388.9821118643913,16579400
2025-04-29,391.04632568359375,392.0982700078575,387.41412856396244,388.32712198825146,14974000
2025-04-30,392.2570495605469,393.6464071015826,381.5192464831796,387.3347110069874,36461100
2025-05-01,422.16802978515625,433.669971462135,421.67182852064957,427.8346397458207,58938100
2025-05-02,431.9729919433594,436.1013902925972,426.7231738378541,428.4598783453456,30757400
2025-05-05,432.8562316894531,436.1609188409604,428.827049490993,429.58128511716615,20136100
2025-05-06,430.0179443359375,434.4043769104007,427.8942186382879,428.91639204817295,15104200
2025-05-07,430.0576477050781,434.79139692835327,427.83464541633373,430.54391525930873,23295300
2025-05-08,434.841064453125,440.2992788018954,432.35012421343623,434.6028672327044,23491300
2025-05-09,435.3967590332031,437.3914674607305,432.5684058555715,436.6570993033328,15324200
2025-05-12,445.8467712402344,445.9559209816134,436.43878433354007,442.551987565255,22821900
2025-05-13,445.7276916503906,447.24606632617565,441.9763809723924,444.37800844651383,23618800
2025-05-14,449.4988098144531,450.45150777480933,444.73528972695,444.73528972695,19902800
2025-05-15,450.512939453125,453.55526390744575,447.82852124457236,448.16655392379437,21992300
2025-05-16,451.6463623046875,451.735838870633,446.13838030321216,449.4391826540583,23849800
2025-05-19,456.2197570800781,456.9355998797858,448.1963586877965,448.27591363294266,21336500
2025-05-20,455.5238342285156,455.69283539558984,451.69606398891386,452.9587181303489,15441800
2025-05-21,449.9561462402344,455.1360468945702,449.2005259832327,451.944595050179,19216900
2025-05-22,452.2329406738281,457.5918252828005,451.27849365115543,452.32244757902833,18025600
2025-05-23,447.5799865722656,451.06972434232773,446.3173323563206,447.38115987330883,16883500
2025-05-27,458.02923583984375,458.2877438900054,453.48562310372705,453.8435596609756,20974300
2025-05-28,454.718505859375,459.8487079553447,454.29099660337516,458.5562282330538,17086300
2025-05-29,456.0308837890625,459.05333474747385,452.68035209769624,458.884303233251,13974800
2025-05-30,457.7011413574219,459.0135248792732,452.90900269221845,457.0648535034259,34770500
2025-06-02,459.3018798828125,459.44105553120437,454.2512329224997,454.49978904014216,16626500
2025-06-03,460.2961120605469,461.4593680607732,458.1982826150306,458.8047753297213,15743800
2025-06-04,461.1908874511719,463.00038321907994,460.3457906064832,461.3201414833542,14162700
2025-06-05,464.9788818359375,466.93750520910584,461.3499686746429,462.2745901279283,20131700
2025-06-06,467.6632995605469,470.6061954238558,466.0725343793748,467.37496597576217,15285600
2025-06-09,470.0196228027344,470.69568816704816,465.9134708467471,466.98725027602023,16469900
2025-06-10,468.2001953125,470.06931180763127,464.26304461137784,468.4686249933991,15375900
2025-06-11,469.8903503417969,472.72389606625393,466.9474544926898,467.30536072753216,16399200
2025-06-12,476.104248046875,477.6453141185156,470.7851412769109,472.2764779222473,18950600
2025-06-13,472.2168273925781,476.4124557062983,470.0295518485209,473.6584649544854,16814500
2025-06-16,476.3727111816406,477.91374692205306,472.25660744971805,472.4653860858625,15626100
2025-06-17,475.279052734375,475.97499162724574,471.3419021646973,472.65428568792316,15414100
2025-06-18,477.4663391113281,478.2219594008936,471.71972301658775,475.2392860574369,17526500
2025-06-20,474.64276123046875,480.667759158903,474.1158234691147,479.44488246554124,37576200
2025-06-23,483.19305419921875,484.9329468840925,469.78097686904323,475.4480376949825,24864000
2025-06-24,487.2793273925781,489.009298556199,483.9884469122188,486.1260537385937,22305600
2025-06-25,489.4268493652344,491.70363180611855,486.5635084927723,489.1981971647186,17495100
2025-06-26,494.57696533203125,495.1635541172166,489.9637493151316,490.13278082199906,21578900
2025-06-27,493.07568359375,496.4162632322767,490.1824867596744,494.6763704185467,34539200
2025-06-30,494.5372009277344,497.86785899517616,492.4691970236715,494.1693427257206,28369000
2025-07-01,489.2081298828125,495.17347659984546,488.14433277768,493.602615314542,19945400
2025-07-02,488.2536926269531,490.6497772469701,485.87751191483574,487.1600396387865,16319600
2025-07-03,495.9589538574219,497.2415119784696,490.59014753996934,490.9580057562307,13984800
2025-07-07,494.84539794921875,495.8694479262707,492.36978876052433,494.50736527479916,13981600
2025-07-08,493.7517395019531,495.3226311177228,491.25622643335066,494.36815380384166,11846600
2025-07-09,500.6019592285156,503.8530622357068,496.85371365827956,497.41047691930333,18659500
2025-07-10,498.58367919921875,501.52657502305914,494.87521114411277,500.14458849842043,16492100
2025-07-11,500.4130554199219,502.1131707269345,494.9249170598048,495.59106078877636,16459500
2025-07-14,500.1147766113281,501.05930198422453,498.1362796464767,498.6234399223271,12058800
2025-07-15,502.89862060546875,505.36427783294863,499.88612172349406,500.11477392946824,14927200
2025-07-16,502.6997375488281,503.7933904598671,498.99129994586445,502.26227638441253,15154400
2025-07-17,508.7446594238281,510.40499725185873,502.6997578215743,502.75940886082554,17503100
2025-07-18,507.10418701171875,511.6677041033988,504.499323712682,511.50859420333654,21209700
2025-07-21,507.1141052246094,509.132409924825,502.630143381304,503.7834473494323,14066800
2025-07-22,502.3517761230469,508.2475501614973,502.3517761230469,508.01886761548803,13868600
2025-07-23,502.9483337402344,503.8630336136484,497.80821016060554,503.8232561388069,16396600
2025-07-24,507.92938232421875,510.70324664183266,504.370041868975,505.83155299665924,16107000
2025-07-25,510.74310302734375,515.2966076642933,507.41241445610984,509.51021364184703,19125700
2025-07-28,509.5400390625,512.0256002286585,507.17377997770546,511.110930710653,14308000
2025-07-29,509.6096496582031,514.6304711522027,508.60547322287385,512.5525759685828,16469200
2025-07-30,510.2757568359375,512.9701269930791,506.49771598970693,512.1946027794743,26380400
2025-07-31,530.4187622070312,552.2420017670738,528.8280273057109,552.0232408256204,51617300
2025-08-01,521.0830078125,532.7054950837879,517.8517780654563,531.9101275902764,28977600
2025-08-04,532.54638671875,535.141297909759,525.0797515616827,525.218957545317,25349000
2025-08-05,524.701904296875,534.196734767709,524.194840165689,534.077432699505,19171600
2025-08-06,521.908203125,528.6291703469228,521.0034855448089,527.8338028961505,21355700
2025-08-07,517.8319091796875,525.0400367197672,514.5608717763297,523.757448292983,16079100
2025-08-08,519.0249633789062,521.629826851029,516.4101479520375,519.5817267008259,15531000
2025-08-11,518.7565307617188,524.5429245664681,516.7183220142601,519.2834381856256,20194400
2025-08-12,526.183349609375,527.9132904806338,519.6811434112465,520.7250669698358,18667000
2025-08-13,517.5734252929688,529.6234217995657,516.3703917601634,529.0368026236954,19619200
2025-08-14,519.4623413085938,522.9123315064297,517.1358902118243,519.5418962511537,20269100
2025-08-15,517.1657104492188,523.0614541020369,516.0820397908819,519.7507304052322,25213300
2025-08-18,514.1134033203125,519.8003983365775,511.0512359172718,518.5775217659684,23760600
2025-08-19,506.8258056640625,512.1846598699071,505.61285057663105,512.0256106523992,21481000
2025-08-20,502.7991943359375,508.0486982628479,501.52658824278717,506.925219770199,27723000
2025-08-21,502.15185546875,505.5278315490841,500.6381609615915,501.6041452591809,18443300
2025-08-22,505.1295166015625,508.6150227226763,500.32946944945456,502.1618461633245,24324200
2025-08-25,502.17181396484375,506.0855321115255,502.0323791323648,504.5319946732823,21638600
2025-08-26,499.96099853515625,502.88882606141556,496.4456179190968,502.2713680297872,30835700
2025-08-27,504.6415100097656,505.1892506185915,497.82983904056124,499.9211487290224,17277900
2025-08-28,507.5295104980469,508.9734875719172,503.4066403395377,504.9900522378754,18015600
2025-08-29,504.59173583984375,507.4896888132377,502.40083415821226,506.5535790393771,20961600
2025-09-02,503.0282287597656,503.90458943006223,494.75264396148896,498.3974910813857,18128000
2025-09-03,503.2572937011719,505.68719181229375,500.2398424947412,501.70375627159575,16345100
2025-09-04,505.866455078125,506.04570238922344,501.0664078062513,502.2116394820944,15509500
2025-09-05,492.9501647949219,509.8498918622262,490.3310509759443,506.9619070760115,31994800
2025-09-08,496.13690185546875,499.1244784694731,492.9800158612091,496.04724781279185,16771000
2025-09-09,496.3460388183594,500.17013335375145,495.6389875077243,499.3535217605099,14410500
2025-09-10,498.29791259765625,501.1460848531792,494.6630336933239,500.8971201283455,21611800
2025-09-11,498.9352722167969,501.08633106619584,495.8182290284252,500.17012751524385,18881600
2025-09-12,507.7884521484375,510.42747218178897,501.7635178992086,504.55191069082485,23624900
2025-09-15,513.225830078125,513.3353599697668,504.9004642300766,506.68306017742736,17143800
2025-09-16,506.9320068359375,515.0880630075219,506.4938265025834,514.7395367165727,19711900
2025-09-17,507.9079284667969,509.1726886784055,503.8348693472275,508.5054498653079,15816600
2025-09-18,506.3444519042969,510.9453149965379,505.55771489166153,509.37184097126715,18913700
2025-09-19,515.78515625,517.1494779837726,508.1967168320822,508.44568153944795,52474100
2025-09-22,512.319580078125,515.5959337012963,510.4174557013089,513.4548737162081,20009300
2025-09-23,507.1212463378906,512.4590659268906,505.2091838485409,511.67229848312854,19799600
2025-09-24,508.0373840332031,510.35772177145367,504.82077941210207,508.26644250853604,13533700
2025-09-25,504.9303283691406,507.89799878212006,502.94857891661616,506.1950582100621,15786500
2025-09-26,509.34197998046875,511.8117209714621,504.52202659403474,507.94778361103766,16213100
2025-09-29,512.4689331054688,514.7096154882738,506.77264973451184,509.3817950243417,17617800
2025-09-30,515.8051147460938,516.0142062084105,507.54943619028296,511.11459757878936,19728200
2025-10-01,517.557861328125,518.3545363078492,509.5710533372991,512.6681599915194,22632300
2025-10-02,513.604248046875,519.439966484546,508.5652045551738,515.496404228155,21222900
2025-10-03,515.20751953125,518.3345307125708,512.8672756929882,514.9585548343116,15112300
2025-10-06,526.3811645507812,528.8309994124726,516.0541122577388,516.4623876768178,21388600
2025-10-07,521.8101196289062,527.6060256392368,519.2806599401652,526.1022689962125,14615200
2025-10-08,522.676513671875,524.7678538085896,520.923853084141,521.1130687043808,13363400
2025-10-09,520.2366943359375,522.158694647609,515.2574000210162,520.1769452354545,18343600
2025-10-10,508.84405517578125,521.4118200258811,507.5195762105422,517.4881335274953,24133800
2025-10-13,511.9212341308594,514.2714464494894,509.56105349845876,514.2714464494894,14284200
2025-10-14,511.4432373046875,513.1461778212379,503.9045785101632,508.11707238992415,14684300
2025-10-15,511.3038024902344,515.0482414945574,507.888013925759,512.8274957075639,14694700
2025-10-16,509.4913330078125,514.7096236704256,506.02576365101777,510.4573477017149,15559600
2025-10-17,511.4532470703125,513.3453425707617,505.2091921192977,506.93203901166436,19867800
2025-10-20,514.6498413085938,516.5519656323323,511.30377036778043,512.4788764440519,14665600
2025-10-21,515.5162963867188,516.5420602391357,510.91543308707116,515.3569857054445,15586200
2025-10-22,518.3843994140625,523.0549803520576,515.5661623300699,518.9919195722497,18962700
2025-10-23,518.404296875,521.7802730707533,516.4623598997719,520.2964530626382,14023500
2025-10-24,521.441650390625,523.1744351060786,518.5536961256696,520.6250388201142,15532400
2025-10-27,529.3189697265625,532.3662956890146,526.819354031342,529.577902779321,18734700
2025-10-28,539.8252563476562,551.4269763883988,538.5306518978505,547.7224103521172,29986700
2025-10-29,539.307373046875,544.0078586434945,534.507325873603,542.6833492925585,36023000
2025-10-30,523.582763671875,532.7545848667123,519.9578228356851,528.2831883129468,41023100
2025-10-31,515.6656494140625,527.1279940743384,512.9668501497666,526.6898137654194,34006400
2025-11-03,514.888916015625,522.7860691817526,512.4590180581705,517.657371934483,22374700
2025-11-04,512.2001342773438,513.4150529816625,505.73698923396887,509.6407695643784,20958700
2025-11-05,505.0597839355469,512.6980347767452,504.4821687767013,511.17434154282535,23024300
2025-11-06,495.04144287109375,503.6058351018555,493.75677643867937,503.5659922381216,27406500
2025-11-07,494.7626037597656,497.31199999791255,491.2073803526309,494.89207027354036,24019800
2025-11-10,503.9045715332031,504.7510576229119,496.73437575016374,497.9692613740871,26101500
2025-11-11,506.573486328125,507.48968986721945,500.26971300797675,502.70954902224156,17980000
2025-11-12,509.0233154296875,509.5511194130969,497.05307240824305,507.2506574723947,26574900
2025-11-13,501.205810546875,511.3735209246628,499.2140928412288,508.1967287528611,25273100
2025-11-14,508.0672607421875,509.4813936811572,495.3800287197931,496.166765720741,28505700
2025-11-17,505.3883972167969,509.9992285471841,502.8190947602184,506.34444359286346,19092800
2025-11-18,491.74517822265625,500.89712400975867,484.76419755903834,493.31862192366924,33815100
2025-11-19,485.1027526855469,493.13934080841636,480.8305097576304,488.0704229659532,23245300
2025-11-20,477.3404846191406,492.4460215630244,474.41716428973194,491.5879641710541,26802500
2025-11-21,471.04486083984375,477.8293938228302,467.20362215472323,477.4103368698009,31769200
2025-11-24,472.92059326171875,475.8139832068258,466.9542001322548,473.9183160323131,34421000
2025-11-25,475.90374755859375,478.0588322743821,463.8313270788984,472.9904142849383,28019800
2025-11-26,484.3943786621094,487.1979770584782,480.10418316215106,485.2025316262965,25709100
2025-11-28,490.88958740234375,491.5081706450152,485.54177754838196,486.48962635446395,14386700
2025-12-01,485.6315612792969,488.7444513856018,483.5463243869077,487.32770213243884,23964000
2025-12-02,488.8841552734375,492.3761849539621,485.2125428025972,485.6116258193264,19562700
2025-12-03,476.64208984375,483.13724409881166,474.1178525596479,475.23529714339696,34615100
2025-12-04,479.7449951171875,480.2239129901724,475.40489514051177,478.6674679630734,22318200
2025-12-05,482.0597229003906,482.299166614698,477.78947078944657,481.4211657314621,22608700
2025-12-08,489.9018249511719,491.17890888246444,483.2769615726175,483.7858099301447,21965900
2025-12-09,490.8995361328125,490.99931449735556,487.3875630167038,487.9862027558801,14696100
2025-12-10,477.4701843261719,483.14722906115725,473.99809828560024,482.92772884397027,35756200
2025-12-11,482.3690185546875,484.92318635563356,474.7763326037194,475.5445986070271,24669200
2025-12-12,477.4402770996094,481.3513637649093,475.2552617920193,478.72734800157895,21248100
2025-12-15,473.73870849609375,479.6252664455081,471.44392797474177,479.0066832317436,23727700
2025-12-16,475.3051452636719,476.80172935648005,469.8076832860371,470.8353364785088,20705600
2025-12-17,475.0357360839844,478.9069051052783,473.9182915104317,475.8239455574328,24527200
2025-12-18,482.87786865234375,488.4850656489584,476.8017407441929,477.10104539067044,28573500
2025-12-19,484.8134460449219,486.73904362092316,481.39123391446003,486.2501387748106,70836100
2025-12-22,483.81573486328125,487.6170561484318,481.5908021440126,485.01298390813173,16963000
2025-12-23,485.7413330078125,486.71908182827985,483.63612214595605,483.8755963136496,14683600
2025-12-24,486.90863037109375,488.04604888584674,483.7258924615979,484.5739628623746,5855900
2025-12-26,486.599365234375,487.00843522519267,484.85335038112265,485.601642461088,8842200
2025-12-29,485.9907531738281,487.23790659993216,483.0773893732932,483.7558335295542,10893400
2025-12-30,486.3699035644531,488.56487537463653,484.39440153201394,484.82341501264875,13944500
2025-12-31,482.5186767578125,487.0284031238816,482.1993981667827,486.7290680267604,15601600
2026-01-02,471.8630065917969,483.5563186075122,469.0893385249197,483.2869444224563,25571600
2026-01-05,471.773193359375,474.9858617296903,468.4308161640092,472.98042932285466,25250300
2026-01-06,477.4203186035156,477.64977534720424,468.68025764779384,472.72102257015473,23037700
2026-01-07,482.3690185546875,488.5848422406915,476.86159994291296,478.6674756822987,25564200
2026-01-08,477.0212097167969,481.5608665012806,474.7763335277468,480.14408679814625,18162600
2026-01-09,478.1885681152344,478.72734693664125,471.1247042989064,472.9804540365218,18491000
2026-01-12,476.09332275390625,479.89464390147504,474.59673866594744,475.5845048686955,23519900
2026-01-13,469.5981750488281,474.6965236309785,464.888922501957,473.5990225282599,28545800
2026-01-14,458.3338928222656,467.13381499707015,456.1289340170423,465.39775666549855,28184300
2026-01-15,455.6200866699219,463.1927988881192,454.8618076165624,463.0630900555096,23225800
2026-01-16,458.8127746582031,462.13520850615447,455.4404972994736,456.78739866953146,34246700
2026-01-20,453.48492431640625,455.7597309230742,448.2568669541529,450.1924514863621,26130000
2026-01-21,443.0986328125,451.65911099901973,437.68100562513575,451.56931960591265,37980500
2026-01-22,450.1126403808594,451.8087507279656,443.6873036586902,446.600636936346,25349400
2026-01-23,464.888916015625,470.0271819611143,449.50401819491054,450.8409629929935,38000200
2026-01-26,469.20904541015625,473.1700058760031,460.94790240319116,464.25036221183507,29291200
2026-01-27,479.485595703125,481.7703893732875,472.0825097961169,472.62128861771004,29213900
2026-01-28,480.533203125,482.63838346935967,476.9114647448887,482.10959164059926,36875400
2026-01-29,432.5128173828125,441.49232224197124,420.06122635013605,438.98802836564175,128855300
2026-01-30,429.31011962890625,438.5989157576861,425.47886802078926,438.1699022937122,58566800
2026-02-02,422.4058837890625,429.7590957240154,421.28843915961005,429.2602343395754,42219900
2026-02-03,410.2735595703125,421.0888704228976,407.6296003977664,421.0489834358989,61424100
2026-02-04,413.2467956542969,418.84400576689177,408.3080557741746,410.0640575889883,45012400
2026-02-05,392.7735290527344,407.37018733348754,391.4265972483441,406.51216038211834,66289200
2026-02-06,400.22650146484375,400.87501513504304,392.0252195920243,398.2609865133262,53515300
2026-02-09,412.65814208984375,413.94521298339265,399.9571203178888,403.9280678877113,45480500
2026-02-10,412.328857421875,422.7151545880433,411.76017861216997,418.66440278178237,44857900
2026-02-11,403.4491271972656,415.51159110220135,400.096793508188,415.2322299614449,42491000
2026-02-12,400.9248962402344,405.2749831551046,397.1036315998776,404.07770370563327,40802400
2026-02-13,400.4060974121094,404.61648859375555,397.1435245648219,403.528974460687,34091600
2026-02-17,395.95623779296875,399.60790672873594,393.6315571718042,398.31087932693146,32078800
2026-02-18,398.69000244140625,401.6432531481791,395.41747315874426,397.2233488345012,23223400
2026-02-19,398.4599914550781,404.42999267578125,396.6700134277344,400.69000244140625,28234000
2026-02-20,397.2300109863281,400.1199951171875,395.1600036621094,396.1099853515625,34015200
2026-02-23,384.4700012207031,395.3599853515625,383.1000061035156,395.0,43238300
2026-02-24,389.0,389.3599853515625,381.7099914550781,384.1400146484375,33884700
2026-02-25,400.6000061035156,401.4700012207031,390.1600036621094,390.5299987792969,43625500
2026-02-26,401.7200012207031,407.489990234375,398.739990234375,404.7099914550781,34405900
2026-02-27,392.739990234375,396.82000732421875,389.8800048828125,390.8800048828125,51367200
2026-03-02,398.54998779296875,401.19000244140625,390.6300048828125,392.8599853515625,35474900
2026-03-03,403.92999267578125,406.70001220703125,392.6700134277344,393.1400146484375,38199200
2026-03-04,405.20001220703125,411.0299987792969,400.30999755859375,401.2699890136719,35808000
2026-03-05,410.67999267578125,411.6099853515625,404.3999938964844,404.4200134277344,39001300
2026-03-06,408.9599914550781,413.04998779296875,408.510009765625,409.20001220703125,31123900
2026-03-09,409.4100036621094,410.2099914550781,403.5,404.9200134277344,30131900
2026-03-10,405.760009765625,410.20001220703125,402.92999267578125,410.0299987792969,31706400
2026-03-11,404.8800048828125,409.010009765625,401.5899963378906,405.57000732421875,25512100
2026-03-12,401.8599853515625,406.1199951171875,401.7099914550781,404.6300048828125,27263900
2026-03-13,395.54998779296875,404.79998779296875,394.25,401.0,26848000
2026-03-16,399.95001220703125,400.6300048828125,394.7900085449219,398.07000732421875,27733700
2026-03-17,399.4100036621094,404.3999938964844,397.75,400.2699890136719,26228300
2026-03-18,391.7900085449219,398.0,391.0,397.1300048828125,25908500
2026-03-19,389.0199890136719,392.489990234375,387.05999755859375,390.1000061035156,25138800
2026-03-20,381.8699951171875,387.0,380.1199951171875,386.7900085449219,50853200
2026-03-23,383.0,387.2099914550781,381.67999267578125,383.8999938964844,29680100
2026-03-24,372.739990234375,382.4700012207031,371.8500061035156,382.3599853515625,42733600
2026-03-25,371.0400085449219,377.05999755859375,369.6300048828125,376.9200134277344,31181200
2026-03-26,365.9700012207031,374.7200012207031,365.19000244140625,370.82000732421875,36836600
2026-03-27,356.7699890136719,362.45001220703125,356.510009765625,361.8999938964844,37883400
2026-03-30,358.9599914550781,365.3599853515625,356.2799987792969,361.8999938964844,44797000
2026-03-31,370.1700134277344,372.8999938964844,363.07000732421875,364.54998779296875,45244400
2026-04-01,369.3699951171875,373.989990234375,368.20001220703125,373.489990234375,29417200
2026-04-02,373.4599914550781,373.6400146484375,364.1499938964844,367.2099914550781,24099100
2026-04-06,372.8800048828125,373.7300109863281,369.5,373.489990234375,16146600
2026-04-07,372.2900085449219,372.45001220703125,366.55999755859375,370.3399963378906,21443300
2026-04-08,374.3299865722656,385.0,371.4100036621094,384.9800109863281,33064800
2026-04-09,373.07000732421875,373.5,367.04998779296875,372.5,30435300
2026-04-10,370.8699951171875,375.6400146484375,370.0299987792969,372.9800109863281,28111100
2026-04-13,384.3699951171875,384.5400085449219,371.0199890136719,373.6099853515625,35745800
2026-04-14,393.1099853515625,394.69000244140625,386.5199890136719,387.9200134277344,37504500
2026-04-15,411.2200012207031,414.3699951171875,396.7300109863281,398.0,45063400
2026-04-16,420.260009765625,420.82000732421875,412.1400146484375,419.8599853515625,41642400
2026-04-17,422.7900085449219,431.5799865722656,420.69000244140625,424.82000732421875,48568200
2026-04-20,418.07000732421875,423.3299865722656,416.29998779296875,421.1499938964844,27582200
2026-04-21,424.1600036621094,427.17999267578125,417.20001220703125,420.239990234375,32048500
2026-04-22,432.9200134277344,433.70001220703125,423.6700134277344,426.19000244140625,29378200
2026-04-23,415.75,423.6600036621094,411.4100036621094,419.8900146484375,38308000
2026-04-24,424.6199951171875,424.95001220703125,415.79998779296875,416.9700012207031,27457400
2026-04-27,424.82000732421875,427.1099853515625,417.07000732421875,422.3800048828125,30867300
2026-04-28,429.25,429.9200134277344,421.8999938964844,424.57000732421875,30438100
2026-04-29,424.4599914550781,426.82000732421875,420.2900085449219,424.5799865722656,38288300
2026-04-30,407.7799987792969,414.4200134277344,398.010009765625,410.80999755859375,70909400
2026-05-01,414.44000244140625,417.1099853515625,410.44000244140625,412.79998779296875,31372400
2026-05-04,413.6199951171875,420.7799987792969,410.79998779296875,411.5400085449219,28066500
2026-05-05,411.3800048828125,416.7799987792969,408.79998779296875,415.32000732421875,25700900
2026-05-06,413.9599914550781,418.4200134277344,405.1099853515625,408.0,30285900
2026-05-07,420.7699890136719,427.9800109863281,418.760009765625,420.1099853515625,34942400
2026-05-08,415.1199951171875,418.6300048828125,414.0,417.3900146484375,33304300
