Price,Close,Dividends,High,Low,Open,Stock Splits,Volume
Ticker,AAPL,AAPL,AAPL,AAPL,AAPL,AAPL,AAPL
Date,,,,,,,
2021-01-04,125.74085998535156,0.0,129.82177500940742,123.16599358092327,129.73433032505793,0.0,143301900
2021-01-05,127.29547882080078,0.0,128.00479186519019,124.78862757117713,125.23559175221487,0.0,97664900
2021-01-06,123.01052856445312,0.0,127.33436285992687,122.79676500387103,124.09877604874403,0.0,155088000
2021-01-07,127.20806121826172,0.0,127.89793731653697,124.23482288794177,124.72064653214206,0.0,109578200
2021-01-08,128.30599975585938,0.0,128.86955684085643,126.53759495540402,128.67521556411702,0.0,105158200
2021-01-11,125.32303619384766,0.0,126.47929859092635,124.85664974689551,125.527088604103,0.0,100384500
2021-01-12,125.14817810058594,0.0,126.01294362454618,123.26317992278994,124.85668093860978,0.0,91951100
2021-01-13,127.17892456054688,0.0,127.72304471938705,124.84697678661405,125.1093109035219,0.0,88636800
2021-01-14,125.25501251220703,0.0,127.28575108963446,125.10925657328106,127.0914246638891,0.0,90221800
2021-01-15,123.53520965576172,0.0,126.52788445335536,123.39917965706009,125.12871028033413,0.0,111598500
2021-01-19,124.20563507080078,0.0,125.06068915645737,123.34086985277312,124.15704975663279,0.0,90757300
2021-01-20,128.28652954101562,0.0,128.73349360549489,124.90520273020637,125.01208447435442,0.0,104319500
2021-01-21,132.9893341064453,0.0,135.7099489572785,129.80233279797613,130.00638521290585,0.0,120150900
2021-01-22,135.1269989013672,0.0,135.88488261922302,131.19182431947797,132.41609459613093,0.0,114459400
2021-01-25,138.8677978515625,0.0,140.97627022018892,132.6686847833474,139.01355380816258,0.0,157611700
2021-01-26,139.10096740722656,0.0,140.20864422957436,137.3617112330404,139.52849439587914,0.0,98390600
2021-01-27,138.03219604492188,0.0,140.20869106595407,136.42898412808006,139.36334793740457,0.0,140843800
2021-01-28,133.20306396484375,0.0,137.96414245615455,132.82412228395296,135.56417353512813,0.0,142621100
2021-01-29,128.21856689453125,0.0,132.86303917443942,126.51818434944722,131.97883669271752,0.0,177523800
2021-02-01,130.3367462158203,0.0,131.5415940017464,127.21775238608966,129.95780442586786,0.0,106239800
2021-02-02,131.16262817382812,0.0,132.44519444855226,130.7933975854858,131.8816374338767,0.0,83305400
2021-02-03,130.14239501953125,0.0,131.92051071941538,129.82174974648763,131.91078476116337,0.0,89880900
2021-02-04,133.49459838867188,0.0,133.5043095225396,130.7739834636992,132.43550657690793,0.0,84183100
2021-02-05,133.0810089111328,0.205,133.72325779067754,132.20522578325316,133.65514858435046,0.0,75693800
2021-02-08,133.2269744873047,0.0,133.2756324021585,131.29050232328603,132.3706427004726,0.0,71297200
2021-02-09,132.3511962890625,0.0,134.17090160726997,132.19551172596402,132.94478730279516,0.0,76774200
2021-02-10,131.7478790283203,0.0,133.3048434386966,130.78450562896475,132.80855342312873,0.0,73046600
2021-02-11,131.49485778808594,0.0,132.72095704438246,130.17144270344224,132.24413324277845,0.0,64280000
2021-02-12,131.7284393310547,0.0,131.88413877300763,130.09363973549668,130.73588879731562,0.0,60145100
2021-02-16,129.60702514648438,0.0,132.3511559058319,129.21777673672364,131.84515524560578,0.0,80576300
2021-02-17,127.32024383544922,0.0,128.6631249352014,125.98710322664614,127.71921790831898,0.0,97918500
2021-02-18,126.22071075439453,0.0,126.50290300476138,123.98257950080088,125.7244206319919,0.0,96856700
2021-02-19,126.3763656616211,0.0,127.19378012757379,125.33515742569439,126.73642239782728,0.0,87668800
2021-02-22,122.61046600341797,0.0,126.23039523519333,122.22122494397281,124.56638952046134,0.0,103916400
2021-02-23,122.47425079345703,0.0,123.30138352656303,115.20519947854247,120.43074421044315,0.0,158273000
2021-02-24,121.97795867919922,0.0,122.18230857916163,118.94189453786483,121.57899194807914,0.0,111039900
2021-02-25,117.73524475097656,0.0,123.05809741548158,117.29735317502876,121.32598240071049,0.0,148199500
2021-02-26,117.99799346923828,0.0,121.49141551253575,117.93960247752109,119.29220956982277,0.0,164560400
2021-03-01,124.35234069824219,0.0,124.48857398468387,119.48684497058966,120.42101925940007,0.0,116307900
2021-03-02,121.75415802001953,0.0,125.25731317881322,121.6471165286429,124.95565484356455,0.0,102260900
2021-03-03,118.77647399902344,0.0,122.32828720569532,118.56239100874602,121.45249652917722,0.0,112966300
2021-03-04,116.89838409423828,0.0,120.27503892466773,115.42900990064756,118.47480719948628,0.0,178155000
2021-03-05,118.1536865234375,0.0,118.65970219404976,114.40725661331615,117.72552798386944,0.0,153766600
2021-03-08,113.22978973388672,0.0,117.74496808125187,113.08382341259126,117.67685145453473,0.0,154376600
2021-03-09,117.83255004882812,0.0,118.77645723226702,115.59442688495044,115.827968557669,0.0,129525800
2021-03-10,116.75242614746094,0.0,118.88350799775948,116.23667741969722,118.41642461584055,0.0,111943300
2021-03-11,118.67916107177734,0.0,119.89553490297892,117.99799469596714,119.24356031125248,0.0,103026500
2021-03-12,117.77417755126953,0.0,117.91041082516712,115.9544870681418,117.16112781873039,0.0,88105100
2021-03-15,120.65455627441406,0.0,120.66428934425417,117.18059275719496,118.14396621912681,0.0,92403800
2021-03-16,122.1920394897461,0.0,123.79765430298438,121.36490683570095,122.31853968534864,0.0,115227900
2021-03-17,121.40383911132812,0.0,122.47424657756945,119.04893377660937,120.71293967926185,0.0,111932600
2021-03-18,117.28760528564453,0.0,119.86631876877308,117.08325541441393,119.5743861389264,0.0,121229700
2021-03-19,116.76214599609375,0.0,118.16341092060107,116.4604876842397,116.67457065039011,0.0,185549500
2021-03-22,120.0707015991211,0.0,120.53779245026008,117.02490398115997,117.09302062360135,0.0,111912300
2021-03-23,119.24356079101562,0.0,120.89782623844285,118.8543196786337,120.0123099463268,0.0,95467100
2021-03-24,116.8594741821289,0.0,119.59388786129526,116.84001546562122,119.51603814694975,0.0,88530500
2021-03-25,117.34600830078125,0.0,118.38723138862223,115.79878440882977,116.32425877519718,0.0,98844700
2021-03-26,117.94932556152344,0.0,118.2120664416162,115.72092802368101,117.1124598512715,0.0,94071200
2021-03-29,118.12448120117188,0.0,119.28247132989765,117.48223975334861,118.37748900748083,0.0,80819200
2021-03-30,116.67456817626953,0.0,117.16111766205535,115.66254435493632,116.87891806940085,0.0,85671900
2021-03-31,118.86405181884766,0.0,120.19719278132602,117.89095275757859,118.37750228821312,0.0,118323800
2021-04-01,119.69117736816406,0.0,120.83943448866229,119.19489479787379,120.33342627373456,0.0,75089100
2021-04-05,122.5131607055664,0.0,122.76616851425374,119.75928886344587,120.53777100210417,0.0,88651200
2021-04-06,122.8148193359375,0.0,123.71006860087718,122.26988629191437,123.09701892635115,0.0,80171300
2021-04-07,124.45938110351562,0.0,124.47883981962588,121.77362540670963,122.44506618695044,0.0,83466700
2021-04-08,126.85320281982422,0.0,126.88239460577601,125.06270398931379,125.48112948683244,0.0,88844600
2021-04-09,129.42218017578125,0.0,129.46109760648577,125.9871415439433,126.30826602843275,0.0,106686700
2021-04-12,127.70954132080078,0.0,129.27623158953074,127.1159502289636,128.95510707935833,0.0,91420000
2021-04-13,130.813720703125,0.0,131.03754421397457,128.38097265896974,128.87726276289945,0.0,91266500
2021-04-14,128.47825622558594,0.0,131.36836136344672,128.11821435701262,131.3099778007929,0.0,87222800
2021-04-15,130.88182067871094,0.0,131.36837019796266,130.04495491166549,130.22012045971883,0.0,89347100
2021-04-16,130.5509796142578,0.0,131.04725481288563,129.69464764958488,130.68721289515452,0.0,84922400
2021-04-19,131.2127227783203,0.0,131.82578016694794,129.75307364221177,129.9184987625058,0.0,94264200
2021-04-20,129.52920532226562,0.0,131.88410306298763,128.26417368348118,131.38782793049364,0.0,94812300
2021-04-21,129.90872192382812,0.0,130.15199668398512,127.76790700410929,128.7993896114448,0.0,68847100
2021-04-22,128.39068603515625,0.0,130.54122653689166,127.8749447465964,129.46108603950333,0.0,84566500
2021-04-23,130.70668029785156,0.0,131.48514771146148,128.60478264515086,128.60478264515086,0.0,78657500
2021-04-26,131.09588623046875,0.0,131.42673629598994,129.96708793224363,131.20292770440926,0.0,66905100
2021-04-27,130.77479553222656,0.0,131.76736083305914,130.5023289552631,131.3781122600293,0.0,66015800
2021-04-28,129.98654174804688,0.0,131.3878064201636,129.4999923395791,130.69689972688315,0.0,107760100
2021-04-29,129.8892822265625,0.0,133.38271977828063,128.88699119854815,132.79885429572334,0.0,151101000
2021-04-30,127.92362976074219,0.0,129.96712921001927,127.54412165956818,128.2350137894491,0.0,109839500
2021-05-03,128.97451782226562,0.0,130.4633727552625,128.283625938946,128.48796838679135,0.0,75135100
2021-05-04,124.41071319580078,0.0,127.95280060042849,123.29164779323206,127.66086791309522,0.0,137564700
2021-05-05,124.65399169921875,0.0,126.94076551104096,124.5274840738415,125.72439172337612,0.0,84000900
2021-05-06,126.24987030029297,0.0,126.25959594495404,123.71007387822482,124.44963120105919,0.0,78128300
2021-05-07,126.92245483398438,0.22,127.94593245749884,126.2108752190309,127.54629547170842,0.0,78973300
2021-05-10,123.64728546142578,0.0,126.26936319427197,123.60829449035425,126.14265555263232,0.0,88071200
2021-05-11,122.73099517822266,0.0,123.08189896287028,119.67026787217047,120.38183991469329,0.0,126142800
2021-05-12,119.6702880859375,0.0,121.4930768252382,119.16342036759427,120.28438654552215,0.0,112172300
2021-05-13,121.81475830078125,0.0,122.96496595514449,121.1226852750631,121.43460561674969,0.0,105861300
2021-05-14,124.23212432861328,0.0,124.66101753625983,122.67252280548946,123.06242504546209,0.0,81918000
2021-05-17,123.08191680908203,0.0,123.72525662054227,122.0096912267483,123.61803331863223,0.0,74244600
2021-05-18,121.6977767944336,0.0,123.78374532662899,121.62954445690447,123.36460169987382,0.0,63342900
2021-05-19,121.54181671142578,0.0,121.76600548369002,119.75801895076617,120.050447495282,0.0,92612000
2021-05-20,124.09567260742188,0.0,124.49532449020155,121.94147161685788,122.06819413421118,0.0,76857100
2021-05-21,122.26313018798828,0.0,124.76824225453443,122.04868358173061,124.59278661639331,0.0,79295400
2021-05-24,123.89097595214844,0.0,124.70977148763245,122.76026751533502,122.82849985689472,0.0,63092900
2021-05-25,123.69603729248047,0.0,125.08019086281091,123.13067931563903,124.59280739844195,0.0,72009500
2021-05-26,123.64728546142578,0.0,124.17365241574042,123.228141818366,123.75450877268065,0.0,56575900
2021-05-27,122.11693572998047,0.0,124.41735116472775,121.92198829453461,123.2476516785167,0.0,94625600
2021-05-28,121.4638442993164,0.0,122.62380153028337,121.405361560534,122.39960530367183,0.0,71311100
2021-06-01,121.14218139648438,0.0,122.18516577367905,120.81076927511776,121.92198599710954,0.0,67637100
2021-06-02,121.9024658203125,0.0,122.07792145343016,120.9179717914318,121.14216055572481,0.0,59278900
2021-06-03,120.42085266113281,0.0,121.6977752920281,120.02120080570538,121.53206925104124,0.0,76229200
2021-06-04,122.7115249633789,0.0,122.97471215998662,120.72303005127523,120.93747667465416,0.0,75169300
2021-06-07,122.72126007080078,0.0,123.13065406520676,121.67827588309044,122.98443979955707,0.0,71057600
2021-06-08,123.54005432128906,0.0,125.21663622404847,123.02343700167279,123.4035896495703,0.0,74403800
2021-06-09,123.92021179199219,0.0,124.52456067367201,123.32561251203367,123.99819373222839,0.0,56877900
2021-06-10,122.92595672607422,0.0,124.95344236430199,122.7602506959565,123.81297704481983,0.0,71186400
2021-06-11,124.1346435546875,0.0,124.22237508614661,122.91620377217826,123.33534735483208,0.0,53522400
2021-06-14,127.18565368652344,0.0,127.2441364345247,123.8617527922061,124.59281688929634,0.0,96906500
2021-06-15,126.36685180664062,0.0,127.30262029411195,126.1231638006209,126.65928038857137,0.0,62746300
2021-06-16,126.86393737792969,0.0,127.58525904482703,125.21661937439929,127.0783839579929,0.0,91815000
2021-06-17,128.46253967285156,0.0,129.20336059736883,126.37657131032402,126.52279301183641,0.0,96721700
2021-06-18,127.16613006591797,0.0,128.1896075868194,126.95168347380675,127.40981802299594,0.0,108953300
2021-06-21,128.95968627929688,0.0,129.06690958900398,125.9477063159808,127.01018237446559,0.0,79663300
2021-06-22,130.5972442626953,0.0,130.6947253937975,128.29682937988724,128.79396232556323,0.0,74783600
2021-06-23,130.32432556152344,0.0,130.92868185123652,129.8661909803765,130.39256533356104,0.0,60214200
2021-06-24,130.04165649414062,0.0,131.240597184488,129.5737648661965,131.05539194095186,0.0,68711000
2021-06-25,129.7491912841797,0.0,130.50949637284592,129.4567628177243,130.09036030729925,0.0,70783700
2021-06-28,131.37705993652344,0.0,131.83519451956099,129.98317185834844,130.04165459260284,0.0,62111300
2021-06-29,132.88790893554688,0.0,133.043872786454,130.95790461954863,131.39653993588485,0.0,64556100
2021-06-30,133.50204467773438,0.0,133.94068011687085,132.439553660315,132.7319822442512,0.0,63261400
2021-07-01,133.80416870117188,0.0,133.86265142282898,132.33228412965926,133.1510868534501,0.0,52485800
2021-07-02,136.42630004882812,0.0,136.4652835854969,134.27209152787285,134.41829838230024,0.0,78852600
2021-07-06,138.43426513671875,0.0,139.53572463895688,136.53350195950557,136.53350195950557,0.0,108181800
2021-07-07,140.919921875,0.0,141.23183482081484,139.05814174627804,139.9159135024217,0.0,104911600
2021-07-08,139.6234588623047,0.0,140.42274763655988,137.11833949517367,138.00536723887996,0.0,105575500
2021-07-09,141.44627380371094,0.0,141.972633378387,139.04837716154248,139.14585831818513,0.0,99890800
2021-07-12,140.8516845703125,0.0,142.6257406086967,140.36430849913495,142.51851727809614,0.0,76299700
2021-07-13,141.96286010742188,0.0,143.7369156295679,140.00361422588887,140.39350901995923,0.0,100827100
2021-07-14,145.38424682617188,0.0,145.79365573228569,143.95136027537654,144.36076918149035,0.0,127050800
2021-07-15,144.7311553955078,0.0,146.21278242197315,143.37625087333885,145.47197634550716,0.0,106820300
2021-07-16,142.6939697265625,0.0,145.97887978350332,142.1968514737954,144.71171385995527,0.0,93251400
2021-07-19,138.85342407226562,0.0,140.43253247911716,138.09311867670348,140.12060468938105,0.0,121434600
2021-07-20,142.45997619628906,0.0,143.3860023478585,139.35053030452949,139.83790622702588,0.0,96350000
2021-07-21,141.72894287109375,0.0,142.4405225803077,140.97839449756518,141.8556653977963,0.0,74993500
2021-07-22,143.09359741210938,0.0,144.4582442706814,142.12858757198936,142.2553100922622,0.0,77338200
2021-07-23,144.80914306640625,0.0,144.9651069434816,143.2105505102186,143.82464898024415,0.0,71447400
2021-07-26,145.22830200195312,0.0,146.04709009069717,143.97086362595675,144.52647939059113,0.0,72434100
2021-07-27,143.06434631347656,0.0,145.4427434254304,141.87514775749966,145.35500444699645,0.0,104818600
2021-07-28,141.31951904296875,0.0,143.25928057886588,138.94112214929507,141.15381301329907,0.0,118931200
2021-07-29,141.96286010742188,0.0,142.8498878684949,140.92962551695572,141.03684881635502,0.0,56699500
2021-07-30,142.1772918701172,0.0,142.63542638578699,140.4714762953773,140.73466343435456,0.0,70440600
2021-08-02,141.8459014892578,0.0,143.2397895751834,141.582714310116,142.6646895204393,0.0,62880000
2021-08-03,143.63951110839844,0.0,144.30233558656045,141.51454318876534,142.1286419468291,0.0,64786600
2021-08-04,143.2397918701172,0.0,144.058579914417,142.58670986762564,143.5517196242508,0.0,56368300
2021-08-05,143.34701538085938,0.0,144.107320690727,142.47948676454712,143.26903344221475,0.0,46397700
2021-08-06,142.66368103027344,0.22,143.61060825982952,142.16581806356817,142.86869219057516,0.0,54126800
2021-08-09,142.61483764648438,0.0,143.210327688173,142.0584044347056,142.72222158501236,0.0,48908700
2021-08-10,142.1365509033203,0.0,144.19635994581478,141.84368416396723,142.95656585685202,0.0,69023100
2021-08-11,142.39031982421875,0.0,143.22986295766566,142.0681679932176,142.57580253562702,0.0,48493500
2021-08-12,145.3482208251953,0.0,145.50441833818107,142.37077090309373,142.71245110077322,0.0,72282600
2021-08-13,145.5532684326172,0.0,145.88517705910473,144.7430103885552,145.42635605950554,0.0,59375000
2021-08-16,147.5252227783203,0.0,147.59356480078714,142.9858407795006,145.00659283395282,0.0,103296000
2021-08-17,146.61732482910156,0.0,148.07187159409528,145.5434853619502,146.65636676617194,0.0,92229700
2021-08-18,142.87844848632812,0.0,147.13473517673972,142.67343732669485,146.2366215497856,0.0,86326000
2021-08-19,143.21035766601562,0.0,144.4794367790495,141.06269334170713,141.5800847276963,0.0,86960300
2021-08-20,144.66490173339844,0.0,144.9675251601663,143.28843882859866,143.9327425154178,0.0,60549600
2021-08-23,146.1487274169922,0.0,146.61730507779947,144.3720141553827,144.78202147056598,0.0,60131800
2021-08-24,146.06089782714844,0.0,147.27140659304087,145.60207679709836,145.89494350289067,0.0,48606400
2021-08-25,144.8308563232422,0.0,146.74423897086186,144.28417982272728,146.24636116832204,0.0,58991300
2021-08-26,144.0303955078125,0.0,145.57281315038713,144.00111032248313,144.82114019917077,0.0,48597200
2021-08-27,145.06520080566406,0.0,145.21162673984585,143.33730030320672,143.97183254575776,0.0,55802400
2021-08-30,149.47764587402344,0.0,149.83885461039787,145.07493307828,145.45565533870288,0.0,90956700
2021-08-31,148.2183074951172,0.0,149.16523456794167,147.69114453920625,149.02856544896787,0.0,86453100
2021-09-01,148.88211059570312,0.0,151.29335581344367,148.71615631662897,149.19450563571235,0.0,80313700
2021-09-02,149.99501037597656,0.0,151.03956466217258,148.77474502994417,150.20977826854366,0.0,71115500
2021-09-03,150.62953186035156,0.0,150.95168364480844,149.44830865067632,150.1023689782168,0.0,57808700
2021-09-07,152.96267700195312,0.0,153.51911015556547,150.71738618296104,151.28359099093745,0.0,82278300
2021-09-08,151.4202880859375,0.0,153.30437064554417,150.31716343749,153.24580029178898,0.0,74420200
2021-09-09,150.40505981445312,0.0,152.3965266648195,150.28790419091163,151.79127971049815,0.0,57305700
2021-09-10,145.42637634277344,0.0,151.78151431271888,145.1627947987088,151.31293648668662,0.0,140893200
2021-09-13,145.99256896972656,0.0,147.818081410703,145.21159606216116,147.04688016056696,0.0,102404300
2021-09-14,144.59658813476562,0.0,147.47642687466802,143.4153793726529,146.77355269563384,0.0,109296300
2021-09-15,145.48492431640625,0.0,145.8851749521173,142.88819590848047,145.02610332343372,0.0,83281300
2021-09-16,145.25062561035156,0.0,145.42635157507343,143.71798000246844,144.90896023332135,0.0,68034100
2021-09-17,142.58555603027344,0.0,145.27991132028194,142.29268938190515,145.27991132028194,0.0,129868800
2021-09-20,139.53976440429688,0.0,141.39456149508126,137.90949193283979,140.3793074328847,0.0,123478900
2021-09-21,140.0181427001953,0.0,141.16032435989862,139.38361057442205,140.50624891873463,0.0,75834000
2021-09-22,142.38059997558594,0.0,142.94679012081193,140.28173414994058,141.01389352952881,0.0,76404300
2021-09-23,143.3372802734375,0.0,143.58133339351843,142.17558503852095,143.16155428115266,0.0,64838200
2021-09-24,143.42510986328125,0.0,143.96202960944674,142.09746053449825,142.1950877231893,0.0,53477900
2021-09-27,141.91195678710938,0.0,142.48793328173883,140.39883985731234,142.0095839613355,0.0,74150700
2021-09-28,138.53427124023438,0.0,141.30671020043195,138.3195033733077,139.84239196001295,0.0,108972300
2021-09-29,139.43240356445312,0.0,141.0138627120859,138.6514307510702,139.08096654322168,0.0,74602000
2021-09-30,138.13404846191406,0.0,140.9455448156453,137.9192805517919,140.2426707272125,0.0,89056700
2021-10-01,139.2567138671875,0.0,139.52029542569983,135.80092800506898,138.5245544569587,0.0,94639600
2021-10-04,135.83018493652344,0.0,138.82716398233575,134.98088496397907,138.38785651091933,0.0,98322000
2021-10-05,137.7533416748047,0.0,138.85646652806082,136.04496985928344,136.17188224652747,0.0,80861100
2021-10-06,138.6221466064453,0.0,138.76857249312508,135.07849119061893,136.15233067899587,0.0,83221100
2021-10-07,139.8814697265625,0.0,140.78935501402486,139.32503639848235,139.6569450430087,0.0,61732700
2021-10-08,139.50074768066406,0.0,140.75029837603776,139.16883903566588,140.60387247260306,0.0,58773200
2021-10-11,139.41290283203125,0.0,141.3653278052875,138.43669034540312,138.88575464341304,0.0,64452200
2021-10-12,138.143798828125,0.0,139.84241361250955,137.68497785008697,139.82288519545196,0.0,73035900
2021-10-13,137.55809020996094,0.0,138.03642474342516,135.88876048394778,137.88024208325538,0.0,78762700
2021-10-14,140.34030151367188,0.0,140.45745714105692,138.14382342191217,138.72955687137625,0.0,69907100
2021-10-15,141.39459228515625,0.0,141.45316264244676,140.0962280805495,140.35005282323274,0.0,67940300
2021-10-18,143.0639190673828,0.0,143.34701408719482,139.7545598847163,140.03765490452832,0.0,85589200
2021-10-19,145.2213134765625,0.0,145.62156403141842,143.0638929755576,143.51294222106137,0.0,76378900
2021-10-20,145.7094268798828,0.0,146.1877762179813,144.5965455732881,145.1627504339508,0.0,58418800
2021-10-21,145.92417907714844,0.0,146.0803765865811,144.3524770160413,145.27011876419027,0.0,61421000
2021-10-22,145.15296936035156,0.0,146.6075157540991,145.1041557796094,146.12918139194093,0.0,58883400
2021-10-25,145.1042022705078,0.0,145.8168331110648,144.10846150842693,145.14324421012236,0.0,50720600
2021-10-26,145.76805114746094,0.0,147.25188335627817,145.46541277347194,145.77780790953028,0.0,60893400
2021-10-27,145.30921936035156,0.0,146.16827612937263,144.9577823061733,145.80708231384622,0.0,56094900
2021-10-28,148.9407501220703,0.0,149.5264686918417,146.1585385042387,146.25616571377768,0.0,100077900
2021-10-29,146.23663330078125,0.0,146.37330245291255,142.92727357091124,143.718003300801,0.0,124953200
2021-11-01,145.4165802001953,0.0,146.13896771640327,144.28417043944881,145.44586537540286,0.0,74588300
2021-11-02,146.45140075683594,0.0,147.96453308347574,145.113979527006,145.12375118515345,0.0,69122000
2021-11-03,147.8863983154297,0.0,148.35497602206758,146.25612565424197,146.8125588879088,0.0,54511500
2021-11-04,147.36903381347656,0.0,148.80405236999567,147.05663868837075,147.9742807485948,0.0,60394600
2021-11-05,147.89691162109375,0.22,148.7963357946924,146.7041933888627,148.49327073720926,0.0,65463900
2021-11-08,147.07571411132812,0.0,148.18044870579655,146.80197694204415,148.02402320404659,0.0,55020900
2021-11-09,147.4374542236328,0.0,148.0435844748696,146.70422637098488,146.8410949734435,0.0,56787900
2021-11-10,144.61207580566406,0.0,146.7726603269792,144.54364896685252,146.66511965093986,0.0,65187100
2021-11-11,144.5631866455078,0.0,146.0882980655143,144.37743321812488,145.62882237351127,0.0,41000000
2021-11-12,146.6357879638672,0.0,147.03660782102534,144.18190939663026,145.11066161989166,0.0,63804000
2021-11-15,146.64556884765625,0.0,148.483531417499,146.08830852560698,147.00728981052836,0.0,59222800
2021-11-16,147.6232147216797,0.0,148.1022623119589,146.0003334167105,146.5869216938867,0.0,59256200
2021-11-17,150.0574951171875,0.0,151.5337214852073,147.61340283516802,147.62317383397615,0.0,88807000
2021-11-18,154.33953857421875,0.0,155.12165110785514,149.62733629184328,150.27258025090998,0.0,137827700
2021-11-19,156.95962524414062,0.0,157.41911583313842,153.02952027938457,154.12446895909494,0.0,117305600
2021-11-22,157.41909790039062,0.0,161.99443143444842,157.39954098546454,158.064326917399,0.0,117467900
2021-11-23,157.8004150390625,0.0,158.18169292863084,155.502961782972,157.51689191338718,0.0,96041900
2021-11-24,158.3185577392578,0.0,158.51408217991857,156.06998937776268,157.15516717862224,0.0,69463600
2021-11-26,153.3032989501953,0.0,156.8618980401627,152.86336515925657,156.00158738073347,0.0,76959800
2021-11-29,156.65655517578125,0.0,157.58530732404222,155.23896961955737,155.8060008585356,0.0,88748200
2021-11-30,161.6033935546875,0.0,161.81847488073362,156.3437019010155,156.41214364910118,0.0,174048100
2021-12-01,161.08523559570312,0.0,166.4915664393558,160.85059737024878,163.7346232310991,0.0,152052500
2021-12-02,160.09783935546875,0.0,160.52800204808736,154.27113083970096,155.19011206164845,0.0,136739200
2021-12-03,158.22076416015625,0.0,161.27100166043388,156.14817855062066,160.35202051883033,0.0,118023100
2021-12-06,161.62294006347656,0.0,164.12568814988214,160.60618932990224,160.61596032861834,0.0,107497000
2021-12-07,167.35191345214844,0.0,167.7429772469704,164.57542763792551,165.2988844701773,0.0,120405400
2021-12-08,171.1647186279297,0.0,172.02504411674911,166.882663021836,168.28069194116756,0.0,116998900
2021-12-09,170.6563262939453,0.0,172.79735388590385,170.03063915946248,170.9985052389604,0.0,108923700
2021-12-10,175.4369659423828,0.0,175.61294836881706,170.78341894665584,171.29179439045112,0.0,115402700
2021-12-13,171.80995178222656,0.0,178.05705234389498,171.60464142456377,177.06962931153166,0.0,153237000
2021-12-14,170.4314727783203,0.0,173.76521877848376,168.35888695654498,171.33089709564845,0.0,139380400
2021-12-15,175.2903289794922,0.0,175.48585340924998,168.4566405154073,171.19402728468987,0.0,131063300
2021-12-16,168.4077911376953,0.0,177.08921488839127,166.93156422700537,175.27080896540932,0.0,150185800
2021-12-17,167.3127899169922,0.0,169.59068583995455,165.89521929851176,166.12984262332955,0.0,195432700
2021-12-20,165.95391845703125,0.0,166.76535914150864,163.71513578207376,164.51679054709132,0.0,107499100
2021-12-21,169.1214599609375,0.0,169.3267554134747,165.33799395674112,167.72343104614094,0.0,91185900
2021-12-22,171.7122039794922,0.0,171.92728536537462,168.30024464668514,169.1703411922784,0.0,92135300
2021-12-23,172.33786010742188,0.0,172.89512039322665,171.35045204505695,171.9174833311616,0.0,68356600
2021-12-27,176.29730224609375,0.0,176.3852860059842,173.1102106304085,173.12975263201184,0.0,74919600
2021-12-28,175.28054809570312,0.0,177.2749361221624,174.5375492742612,176.1311025117923,0.0,79144300
2021-12-29,175.3685302734375,0.0,176.59057652650236,174.1562550200767,175.31964543980357,0.0,62348900
2021-12-30,174.2149200439453,0.0,176.53193000592643,174.10737937130014,175.45652327947462,0.0,59773000
2021-12-31,173.5990447998047,0.0,175.22191121478994,173.2959647369927,174.10740540326523,0.0,64062300
2022-01-03,177.93971252441406,0.0,178.79026689432098,173.73588518068755,173.85319685203027,0.0,104487900
2022-01-04,175.68138122558594,0.0,178.84893075193062,175.1143499260673,178.54586564233023,0.0,99310400
2022-01-05,171.00827026367188,0.0,176.14086475419518,170.73453308424857,175.59339039534856,0.0,94537600
2022-01-06,168.15357971191406,0.0,171.3797850968752,167.80162976232634,168.83792269234627,0.0,96904000
2022-01-07,168.31979370117188,0.0,170.24574016447164,167.20528789803654,169.02369367342152,0.0,86709100
2022-01-10,168.33932495117188,0.0,168.64239004792708,164.40921985835627,165.2988731483881,0.0,106765600
2022-01-11,171.1647186279297,0.0,171.26247339503044,166.99998962694013,168.46644539148625,0.0,76138300
2022-01-12,171.60464477539062,0.0,173.21774007794218,170.91053076473975,172.18144710369126,0.0,74805200
2022-01-13,168.33932495117188,0.0,172.6702498945838,167.94826118313497,171.8490383580425,0.0,84505800
2022-01-14,169.1996612548828,0.0,169.89377524696252,167.26392904254132,167.50833831927105,0.0,80440800
2022-01-18,166.00279235839844,0.0,168.68150862321704,165.62151446360372,167.6745435442064,0.0,90956700
2022-01-19,162.5126190185547,0.0,167.25416515581253,162.22911080921511,166.19831524532339,0.0,94815000
2022-01-20,160.83106994628906,0.0,165.8854518373375,160.50844792121475,163.24583471657064,0.0,91420500
2022-01-21,158.7780303955078,0.0,162.61036568511253,158.67048972769118,160.74307541554964,0.0,122848900
2022-01-24,158.00570678710938,0.0,158.67050778679211,151.24045969712583,156.44149634340394,0.0,162294600
2022-01-25,156.20684814453125,0.0,159.1202024043847,153.5085752311325,155.4247355135648,0.0,115798400
2022-01-26,156.11886596679688,0.0,160.7137572085088,154.29068942101793,159.84366081362626,0.0,108275300
2022-01-27,155.6593780517578,0.0,160.1760566161972,154.74039680395836,158.8171416631375,0.0,121954600
2022-01-28,166.52093505859375,0.0,166.54049197821774,159.15932862262193,162.00425626677838,0.0,179935700
2022-01-31,170.87139892578125,0.0,171.0864802658057,165.71924760028926,166.3547206203823,0.0,115541600
2022-02-01,170.70518493652344,0.0,170.93003725349797,168.4566170141108,170.11859681152686,0.0,86213900
2022-02-02,171.90771484375,0.0,171.94682868403083,169.45385093947993,170.84209391826516,0.0,84914300
2022-02-03,169.033447265625,0.0,172.29876649074853,168.27089152715305,170.57811566132818,0.0,89418100
2022-02-04,168.74957275390625,0.22,170.42346859121156,167.0756769166009,168.05455952783922,0.0,82465400
2022-02-07,168.03501892089844,0.0,170.27665387927516,167.3400055860888,169.20967525085985,0.0,77251200
2022-02-08,171.13804626464844,0.0,171.64706939744136,167.80983647215697,168.1035042386361,0.0,74829200
2022-02-09,172.5574188232422,0.0,172.9196005956565,171.20655609241282,172.33228001362485,0.0,71285000
2022-02-10,168.48526000976562,0.0,171.77430598076174,167.92730472233933,170.46260694632986,0.0,90865900
2022-02-11,165.07876586914062,0.0,169.42500712943504,164.49143031742815,168.6908451580762,0.0,98670700
2022-02-14,165.31373596191406,0.0,165.99895095084156,163.04272064253541,163.83561333947773,0.0,86185500
2022-02-15,169.14112854003906,0.0,169.29775335068365,166.65477315145358,167.35956986279012,0.0,62527400
2022-02-16,168.9062042236328,0.0,169.67951494494773,166.45899759893967,168.2209893560315,0.0,61177400
2022-02-17,165.31373596191406,0.0,168.27974972128825,164.9123904196256,167.41832805716996,0.0,69589300
2022-02-18,163.76707458496094,0.0,166.93864489391834,162.68051421778296,166.23386310925557,0.0,82772700
2022-02-22,160.85000610351562,0.0,163.16995323151656,158.72581758393332,161.49605730830203,0.0,91162800
2022-02-23,156.68975830078125,0.0,162.6413518716535,156.37650867254357,162.04423283731927,0.0,90009200
2022-02-24,159.30337524414062,0.0,159.4110529381091,148.7901697172211,149.3579234730035,0.0,141147500
2022-02-25,161.36880493164062,0.0,161.6330924831591,157.47284137265066,160.38012393186045,0.0,91974200
2022-02-28,161.63307189941406,0.0,161.92673963359974,158.9998756125995,159.6165763607333,0.0,95056600
2022-03-01,159.7536163330078,0.0,163.08182569745117,158.5495950755146,161.22194003999604,0.0,83474400
2022-03-02,163.0426788330078,0.0,163.82578787806702,159.50891214996344,160.91850544375748,0.0,79724800
2022-03-03,162.7196502685547,0.0,165.3430634011942,162.05401727070716,164.91235266773373,0.0,76678400
2022-03-04,159.7242889404297,0.0,162.0540345545001,158.67689221468046,161.01642127862274,0.0,83737200
2022-03-07,155.93600463867188,0.0,161.53521443024337,155.68148559760553,159.91026569329455,0.0,96418800
2022-03-08,154.11526489257812,0.0,159.4403881412621,152.50989817230385,155.4661275372027,0.0,131148300
2022-03-09,159.5089111328125,0.0,159.959203685233,156.04367342146804,158.06995256595388,0.0,91454900
2022-03-10,155.17245483398438,0.0,157.00296029096637,152.6860849715575,156.81697023000987,0.0,105342000
2022-03-11,151.46253967285156,0.0,155.9164596416208,151.23740079888486,155.57384466842046,0.0,96970100
2022-03-14,147.43930053710938,0.0,150.86538982544317,146.9302923114544,148.25177493215907,0.0,108732100
2022-03-15,151.81491088867188,0.0,152.28478532825997,147.20438184151632,147.713390079557,0.0,92964300
2022-03-16,156.21987915039062,0.0,156.6212246232631,151.19822129277074,153.73352378158447,0.0,102300200
2022-03-17,157.2281036376953,0.0,157.6000837703935,154.30125449850178,155.26055517399735,0.0,75615400
2022-03-18,160.51718139648438,0.0,161.00662274780382,156.38629519642316,157.1204572234023,0.0,123511700
2022-03-21,161.88760375976562,0.0,162.83712104497158,159.56764191840216,160.05708320205216,0.0,95811400
2022-03-22,165.25494384765625,0.0,165.842264360941,161.42750984935597,162.01483036264074,0.0,81532000
2022-03-23,166.61563110351562,0.0,168.99430889731204,164.1096788423283,164.44251031244588,0.0,98062700
2022-03-24,170.39410400390625,0.0,170.46261801995993,166.61561651162776,167.44765777264146,0.0,90131400
2022-03-25,171.03036499023438,0.0,171.578536843318,169.10196511927478,170.20810721060892,0.0,80546200
2022-03-28,171.8917999267578,0.0,172.0190445148475,168.36781639958284,168.53422465828777,0.0,90371900
2022-03-29,175.18084716796875,0.0,175.22977935165113,172.6161644453855,172.95877935054617,0.0,100589400
2022-03-30,174.01596069335938,0.0,175.8171010585222,172.96854916161706,174.77948791199498,0.0,92633200
2022-03-31,170.92269897460938,0.0,174.27047582290578,170.7171270473916,174.08448573079536,0.0,103049300
2022-04-01,170.6290283203125,0.0,171.18699858724577,168.30908127405286,170.35494237968112,0.0,78751300
2022-04-04,174.67184448242188,0.0,174.720791608407,170.75631338866327,170.88357292891146,0.0,76468400
2022-04-05,171.36318969726562,0.0,174.53477477488693,170.73670541562527,173.7516656886956,0.0,73401800
2022-04-06,168.2014617919922,0.0,169.96345411760126,166.53736373758255,168.7202685688981,0.0,89058800
2022-04-07,168.50486755371094,0.0,169.69910564386342,166.26323274049562,167.54556668896316,0.0,77594700
2022-04-08,166.49813842773438,0.0,168.1524524173325,165.62693350816983,168.1524524173325,0.0,76575500
2022-04-11,162.24981689453125,0.0,165.46055114101816,162.0050962053992,165.14731642594322,0.0,72246700
2022-04-12,164.1194305419922,0.0,166.2827523312548,163.1209662888,164.47182881155646,0.0,79265200
2022-04-13,166.80160522460938,0.0,167.42808955183875,163.24827119923606,163.85517369033073,0.0,70618900
2022-04-14,161.7994842529297,0.0,167.653212444084,161.55476362429968,167.0169298477089,0.0,75329400
2022-04-18,161.58419799804688,0.0,163.08188755230427,160.1158737341422,160.45847376711322,0.0,69023900
2022-04-19,163.8649444580078,0.0,164.2760883021938,160.44865367684753,161.53521398147984,0.0,67723800
2022-04-20,163.69854736328125,0.0,165.31371275678185,162.59242008519655,165.19623667762264,0.0,67929800
2022-04-21,162.9056396484375,0.0,167.90773030576432,162.40641490220864,165.34306268686478,0.0,87227800
2022-04-22,158.37339782714844,0.0,164.32500539707067,158.08952846576778,162.9447923826861,0.0,84882400
2022-04-25,159.4403839111328,0.0,159.72425325965065,155.11372512050855,157.71754117840766,0.0,96046400
2022-04-26,153.48880004882812,0.0,158.91180327087787,153.41048764569481,158.82370741856425,0.0,95623200
2022-04-27,153.26365661621094,0.0,156.41564486229873,152.0987839265491,152.61759051221244,0.0,88063200
2022-04-28,160.18435668945312,0.0,161.04577820352466,155.57381282317428,155.88706244158715,0.0,130216800
2022-04-29,154.32086181640625,0.0,162.6903124384376,153.9293146853147,158.42238298865084,0.0,131747600
2022-05-02,154.62429809570312,0.0,154.88858563658798,150.0333364297974,153.40069487713816,0.0,123055300
2022-05-03,156.1121826171875,0.0,157.31621889046943,153.01892515604405,154.8102670522691,0.0,88966500
2022-05-04,162.5140838623047,0.0,162.9643614673084,155.89682831665468,156.29817374379095,0.0,108256500
2022-05-05,153.45947265625,0.0,160.615104090122,151.67789865233715,160.38996521087574,0.0,130525300
2022-05-06,154.1848602294922,0.23,156.30235682996496,151.1458596477854,152.93984857664353,0.0,116124600
2022-05-09,149.067626953125,0.0,152.76344175992415,148.50885169375428,151.88114377776745,0.0,131577900
2022-05-10,151.46937561035156,0.0,153.65550196924158,149.92046680625165,152.45950928453797,0.0,115366700
2022-05-11,143.61700439453125,0.0,152.39087300235883,142.9405806152843,150.47925033829725,0.0,142689800
2022-05-12,139.75454711914062,0.0,143.32291464808353,136.06854586723028,139.9604210928437,0.0,182602000
2022-05-13,144.21499633789062,0.0,145.18551933414366,140.29371306035543,141.74458368466105,0.0,113990900
2022-05-16,142.67591857910156,0.0,144.61696502202452,141.3426813570236,142.68573136301794,0.0,86643800
2022-05-17,146.3031005859375,0.0,146.8226694807634,143.7934664467187,145.9305738468132,0.0,78336300
2022-05-18,138.04876708984375,0.0,144.46005783667513,137.14685888931075,143.96009966859182,0.0,109742900
2022-05-19,134.6470947265625,0.0,138.87227582415818,133.91185397987616,137.1273056487035,0.0,136095600
2022-05-20,134.88235473632812,0.0,137.93115346240322,130.00036063657,136.3528361484188,0.0,137426100
2022-05-23,140.29373168945312,0.0,140.44077384848245,134.94117272312687,135.07841705772444,0.0,117726300
2022-05-24,137.5978240966797,0.0,139.1761411372566,134.62745335548652,138.0389654521871,0.0,104132700
2022-05-25,137.7547149658203,0.0,138.99971190055481,135.61760734755066,135.70583264997845,0.0,92482700
2022-05-26,140.95054626464844,0.0,141.49952360823445,134.44121569632296,134.68629593603174,0.0,90601500
2022-05-27,146.69520568847656,0.0,146.73441193920726,142.4013957458045,142.5288422380691,0.0,90978500
2022-05-31,145.9109649658203,0.0,147.69515625482543,143.95032308788612,146.13644955191023,0.0,103718400
2022-06-01,145.78350830078125,0.0,148.753879037452,144.77376414576858,146.95007745203338,0.0,74286600
2022-06-02,148.23431396484375,0.0,148.29313081917098,143.96991252402043,144.920824891666,0.0,72348100
2022-06-03,142.51904296875,0.0,145.05807025566116,141.61714962601158,144.00911981753086,0.0,88570300
2022-06-06,143.2640838623047,0.0,145.6462712304333,142.0484806619193,144.13656879270374,0.0,71598400
2022-06-07,145.78350830078125,0.0,146.06779474236185,141.26422895235845,141.5093091448792,0.0,67808200
2022-06-08,145.04827880859375,0.0,146.9206802540853,144.55811838609154,145.6560729457736,0.0,53950200
2022-06-09,139.8329315185547,0.0,145.03843157570358,139.7250956528781,144.18555742985592,0.0,69473000
2022-06-10,134.43142700195312,0.0,137.98998215242344,134.36279735008839,137.5194322486073,0.0,91437900
2022-06-13,129.28472900390625,0.0,132.53938671229503,128.85338540144875,130.25523715092532,0.0,122207100
2022-06-14,130.14739990234375,0.0,131.25516732822615,128.89259032192393,130.5101288143863,0.0,84784300
2022-06-15,132.7648468017578,0.0,134.63726323315953,129.5592083618082,131.64728162043858,0.0,91533000
2022-06-16,127.50054931640625,0.0,129.78469908531477,126.50061768881059,129.48080196283757,0.0,108123900
2022-06-17,128.9709930419922,0.0,130.46108474224513,127.25543176187765,127.51032472551074,0.0,134520300
2022-06-21,133.19618225097656,0.0,134.36276639582726,130.6963761788774,130.7943992837295,0.0,81000500
2022-06-22,132.68643188476562,0.0,135.04899374439105,131.27476747959807,132.13743964836019,0.0,73409200
2022-06-23,135.54898071289062,0.0,135.86267563561398,132.96093402675356,134.1275183400123,0.0,72433800
2022-06-24,138.8722381591797,0.0,139.1173183416044,137.01943257838917,137.1468641014651,0.0,89116800
2022-06-27,138.8722381591797,0.0,140.66622688954945,138.19581446232633,139.8917651363233,0.0,70207900
2022-06-28,134.73532104492188,0.0,140.59763645444562,134.61768731128618,139.33302894232776,0.0,67083400
2022-06-29,136.49009704589844,0.0,137.90176176618252,133.9804775247322,134.75493953918553,0.0,66242400
2022-06-30,134.02947998046875,0.0,135.64700354645933,131.13753620204082,134.5490488814723,0.0,98964500
2022-07-01,136.19595336914062,0.0,136.3037892489926,132.99031531614665,133.36282702594735,0.0,71051600
2022-07-05,138.7742156982422,0.0,138.82323473193733,134.2353254229341,135.05880629688934,0.0,73353800
2022-07-06,140.1074676513672,0.0,141.28384979355582,138.30368070277723,138.5683715462856,0.0,74064300
2022-07-07,143.46995544433594,0.0,143.66601661315485,140.46036340026106,140.4701612232241,0.0,66253700
2022-07-08,144.14637756347656,0.0,144.64635079248632,142.1465295229667,142.40140757015126,0.0,64547800
2022-07-11,142.0190887451172,0.0,143.7542609845207,140.95054251842944,142.80334848304327,0.0,63141600
2022-07-12,142.9895782470703,0.0,145.5286052761855,142.19552087150592,142.89154019342988,0.0,77588800
2022-07-13,142.6269073486328,0.0,143.56800712971256,139.3232154144063,140.17610485424197,0.0,71185600
2022-07-14,145.54824829101562,0.0,146.01879814456234,140.4309718883509,141.244640047542,0.0,78140700
2022-07-15,147.21478271484375,0.0,147.8912065060331,145.2835494113212,146.83245817528143,0.0,76259900
2022-07-18,144.17578125,0.0,148.58722466683977,143.81305239727462,147.77355664160174,0.0,81420900
2022-07-19,148.02847290039062,0.0,148.25394254490203,144.01896354895925,145.0090823866063,0.0,82982400
2022-07-20,150.0283203125,0.0,150.69494637561027,147.41086501912858,148.14610577429508,0.0,64823400
2022-07-21,152.2928466796875,0.0,152.50851845862235,148.94994906470606,151.45956799212024,0.0,65086600
2022-07-22,151.0576629638672,0.0,153.2045683993023,150.39105184778396,152.33208328648058,0.0,66675400
2022-07-25,149.94007873535156,0.0,151.9889458272938,149.28326552705713,150.97921649648936,0.0,53623900
2022-07-26,148.61663818359375,0.0,150.0773065915356,147.83237855759032,149.2636385384265,0.0,55138700
2022-07-27,153.70448303222656,0.0,154.2338646113094,149.1656081545016,149.57734107239523,0.0,78620700
2022-07-28,154.25347900390625,0.0,154.53776544520662,151.37133354934207,153.89075014754778,0.0,81378700
2022-07-29,159.31192016601562,0.0,160.40988958103017,156.36116008489938,158.0669235799792,0.0,101786900
2022-08-01,158.3315887451172,0.0,160.37065756874782,157.72379470600367,157.84142840170136,0.0,67829400
2022-08-02,156.8611297607422,0.0,159.2139087149108,156.48861801917639,156.94937000342367,0.0,59907000
2022-08-03,162.86070251464844,0.0,163.3116417148104,157.58657171952117,157.67479700322565,0.0,82507500
2022-08-04,162.54698181152344,0.0,163.8998292386339,161.19413438441296,162.7430429706028,0.0,55474100
2022-08-05,162.32127380371094,0.23,162.812115254609,160.01431299277306,160.22047299303887,0.0,56697000
2022-08-08,161.85000610351562,0.0,164.73615535552312,161.1922805564501,163.32253000929188,0.0,60276900
2022-08-09,161.8991241455078,0.0,162.78264764526216,160.25971568153318,161.0156156250441,0.0,63135500
2022-08-10,166.13998413085938,0.0,166.23814341245296,163.8428352480907,164.60854654925055,0.0,70170500
2022-08-11,165.40371704101562,0.0,167.85792369494868,165.10920924668594,166.94495103045548,0.0,57149200
2022-08-12,168.94760131835938,0.0,169.01631131920942,166.2970460032489,166.70936592550703,0.0,68039400
2022-08-15,170.01760864257812,0.0,170.21394216296972,168.21131628811554,168.3782005294128,0.0,54091700
2022-08-16,169.86053466796875,0.0,170.52808660786044,168.51563433427114,169.61511402434292,0.0,56377100
2022-08-17,171.35267639160156,0.0,172.92335934005538,169.4089493149704,169.60528281111644,0.0,79542000
2022-08-18,170.95999145507812,0.0,171.69625328732099,169.94885973714076,170.56732446959606,0.0,62290100
2022-08-19,168.37820434570312,0.0,170.55754092380556,168.1720444080825,169.86053968443733,0.0,70346300
2022-08-22,164.50057983398438,0.0,166.74862666169574,164.07844847706937,166.58174239756778,0.0,69026800
2022-08-23,164.16677856445312,0.0,165.6196796113523,163.5974008535258,164.0195321647684,0.0,54147100
2022-08-24,164.4613037109375,0.0,165.03068148199358,163.20475103663767,164.2551587296091,0.0,53841500
2022-08-25,166.9154815673828,0.0,167.02346724627097,165.2662620854037,165.688378388784,0.0,51218200
2022-08-26,160.62290954589844,0.0,167.91681938586046,160.56401098389765,167.44561591056575,0.0,78961000
2022-08-29,158.42393493652344,0.0,159.91608162954805,156.89251255304256,158.19813716461735,0.0,73314000
2022-08-30,155.99917602539062,0.0,159.58231130465205,154.8309714061125,159.16019500251252,0.0,77906200
2022-08-31,154.34014892578125,0.0,157.6386032608909,154.2616125155062,157.37354474862363,0.0,87991100
2022-09-01,155.06661987304688,0.0,155.5181855673853,151.8368751102563,153.77079140207798,0.0,74229900
2022-09-02,152.9559783935547,0.0,157.4226376540656,152.13136852434044,156.82381061062185,0.0,76957800
2022-09-06,151.6993865966797,0.0,154.2124912520568,150.8747769402501,153.60385293125665,0.0,73714800
2022-09-07,153.1032257080078,0.0,153.80021196934476,150.79626559392008,151.9841081371773,0.0,87449600
2022-09-08,151.63070678710938,0.0,153.49589780674214,149.88329791132227,151.8074024718103,0.0,84923800
2022-09-09,154.48736572265625,0.0,154.92913481819144,151.91536244109605,152.62217501880943,0.0,68028800
2022-09-12,160.43638610839844,0.0,161.25118449428555,156.38204700518378,156.66672837890903,0.0,104956000
2022-09-13,151.02206420898438,0.0,157.59933535695706,150.56067213786505,156.97105902298662,0.0,122656600
2022-09-14,152.465087890625,0.0,154.2223077374898,150.79623084212912,151.95460885932926,0.0,87965400
2022-09-15,149.5789337158203,0.0,152.39637222437804,148.60707778360086,151.81716825811523,0.0,90481100
2022-09-16,147.9395751953125,0.0,148.57767791761873,145.6522527794473,148.4402429431555,0.0,162278800
2022-09-19,151.65028381347656,0.0,151.72882019825508,146.36884300585444,146.57498790902477,0.0,81474200
2022-09-20,154.02603149414062,0.0,155.18442503374376,150.27601083725375,150.5901415565976,0.0,107689800
2022-09-21,150.9042510986328,0.0,155.83230196535132,150.78645397951445,154.4579373320565,0.0,101696800
2022-09-22,149.94219970703125,0.0,151.6405063427645,148.14571882351763,149.58879338602387,0.0,86652500
2022-09-23,147.6745147705078,0.0,148.69547312127722,145.83877299693037,148.4206031759059,0.0,96029900
2022-09-26,148.00830078125,0.0,150.95334879982894,146.89899456754617,146.91863241520423,0.0,93339400
2022-09-27,148.98011779785156,0.0,151.8859043349913,147.20327502469917,149.94217734892632,0.0,84442700
2022-09-28,147.09530639648438,0.0,147.8806554147203,142.18689375661808,144.93560783080054,0.0,146691400
2022-09-29,139.87014770507812,0.0,144.0324877695267,138.10311583907216,143.42384928540386,0.0,128138200
2022-09-30,135.66851806640625,0.0,140.4787712884576,135.47218456289696,138.69210195416497,0.0,124925300
2022-10-03,139.84068298339844,0.0,140.44933637961338,135.1678792129988,135.67835835777296,0.0,114311700
2022-10-04,143.42379760742188,0.0,143.54159469628158,141.6174906956308,142.37339030080975,0.0,87830100
2022-10-05,143.71836853027344,0.0,144.68042854372132,140.39046414563674,141.431060587486,0.0,79471000
2022-10-06,142.76608276367188,0.0,144.8374334955695,142.5599378213271,143.13912691743977,0.0,68402200
2022-10-07,137.52389526367188,0.0,140.47876912027488,136.89561907456743,139.9290143479333,0.0,85925600
2022-10-10,137.84786987304688,0.0,139.29094450363405,136.03176603772727,137.84786987304688,0.0,74899000
2022-10-11,136.43423461914062,0.0,138.76083241469453,135.68816128454225,137.33738075448184,0.0,77033700
2022-10-12,135.80593872070312,0.0,137.78894134975735,135.6292430799311,136.58147619996143,0.0,70433700
2022-10-13,140.37078857421875,0.0,140.95978909716513,131.90867508719168,132.51732843397534,0.0,113224000
2022-10-14,135.8452606201172,0.0,141.8727919675868,135.65873850521228,141.66663200393148,0.0,88598000
2022-10-17,139.80142211914062,0.0,140.282437004532,137.7006219624551,138.48597103526853,0.0,85250900
2022-10-18,141.1168670654297,0.0,144.0128276023933,138.03438444661543,142.82500010106065,0.0,99136600
2022-10-19,141.224853515625,0.0,142.2948839097448,138.9080820775627,139.09460416043055,0.0,61758300
2022-10-20,140.76345825195312,0.0,143.21766459219867,140.0370077826972,140.40024050696854,0.0,64522000
2022-10-21,144.57237243652344,0.0,145.14175003074126,140.0369895251427,140.25296085326963,0.0,86548600
2022-10-24,146.71246337890625,0.0,147.47817461798252,143.3256613631015,144.49386606815804,0.0,75981900
2022-10-25,149.5495147705078,0.0,149.69677613929844,146.62410499116672,147.3407290522299,0.0,74732300
2022-10-26,146.61431884765625,0.0,149.2059606049606,145.32830191392304,148.19482861119383,0.0,88194300
2022-10-27,142.1476593017578,0.0,146.3198108162611,141.48993368404496,145.35776595535313,0.0,109180200
2022-10-28,152.8872528076172,0.0,154.61500878306214,145.11232844918345,145.4853576495381,0.0,164762400
2022-10-31,150.53121948242188,0.0,151.41474288743174,149.13723186575905,150.35452378899333,0.0,97943200
2022-11-01,147.89048767089844,0.0,152.60256746450293,146.39834080336652,152.23934967138234,0.0,80379300
2022-11-02,142.37339782714844,0.0,149.38260959122607,142.34394855337672,146.2215910525945,0.0,93604600
2022-11-03,136.33609008789062,0.0,140.1842842462697,136.2084665510831,139.45783369878677,0.0,97918500
2022-11-04,136.0706024169922,0.23,140.28900066971147,132.13735779737468,139.71867839937045,0.0,140814800
2022-11-07,136.6015625,0.0,136.827719829141,133.40580174577732,134.82177198830993,0.0,83374600
2022-11-08,137.17190551757812,0.0,139.069688836373,135.19545550623369,138.06672226567503,0.0,89908500
2022-11-09,132.61917114257812,0.0,136.23776400792798,132.34384521853534,136.18859544917657,0.0,74917800
2022-11-10,144.4188995361328,0.0,144.4188995361328,137.171901375878,138.88286812786214,0.0,118854000
2022-11-11,147.20167541503906,0.0,147.5064994693465,141.9606252113591,143.3864383750097,0.0,93979700
2022-11-14,145.80535888671875,0.0,147.77198095425382,144.96953850636208,146.48384590068005,0.0,73374100
2022-11-15,147.53598022460938,0.0,151.02673737922098,146.08068410249945,149.67960607049233,0.0,89868300
2022-11-16,146.30686950683594,0.0,147.36884742264508,144.831902680013,146.64120672406102,0.0,64218300
2022-11-17,148.2046661376953,0.0,148.95197725260945,143.71092672522755,143.98625266251898,0.0,80389400
2022-11-18,148.76510620117188,0.0,150.15157823399846,147.4671435564981,149.7680875657841,0.0,74829600
2022-11-21,145.53988647460938,0.0,147.8605015253363,145.25473282614936,147.6540145740021,0.0,58724100
2022-11-22,147.67367553710938,0.0,147.9096756373434,144.47791399161687,145.65789948864827,0.0,51804100
2022-11-23,148.54881286621094,0.0,149.29612388958984,146.84767388557262,146.95583870512687,0.0,58301400
2022-11-25,145.63824462890625,0.0,146.39539856946286,144.66476099104776,145.83490389805146,0.0,35195900
2022-11-28,141.81314086914062,0.0,144.19275214587688,140.98716307142482,142.7177853624681,0.0,69246000
2022-11-29,138.81402587890625,0.0,142.39327767480953,138.007718580844,141.8819517027843,0.0,83763800
2022-11-30,145.55953979492188,0.0,146.23802684928043,138.2043770255708,139.04018245155586,0.0,111380900
2022-12-01,145.83489990234375,0.0,146.64122238912947,144.16327365419926,145.7365777725353,0.0,71250400
2022-12-02,145.3432159423828,0.0,145.53004745802465,143.2192602974079,143.5240993516398,0.0,65447400
2022-12-05,144.1829071044922,0.0,148.4013049961633,143.33725898348703,145.3038811249747,0.0,68826400
2022-12-06,140.52500915527344,0.0,144.84174478338647,139.55152565219004,144.61558740538712,0.0,64727200
2022-12-07,138.58787536621094,0.0,140.97731424983792,137.66356048798676,139.8170142991394,0.0,69721100
2022-12-08,140.2693328857422,0.0,141.12482380942538,138.7452125702619,139.98417924727298,0.0,62128300
2022-12-09,139.78750610351562,0.0,143.14060047218985,138.54852454565471,139.96449489513216,0.0,76097000
2022-12-12,142.07862854003906,0.0,142.08845624970894,138.70586361029962,140.31849324023466,0.0,70462700
2022-12-13,143.04226684570312,0.0,147.4671667934874,141.83279839446703,147.00500937638787,0.0,93886200
2022-12-14,140.8199920654297,0.0,144.21241242784126,138.80420126905452,142.92427726159215,0.0,82291200
2022-12-15,134.2219696044922,0.0,139.43352160827794,133.7598121718234,138.75503452609877,0.0,98931900
2022-12-16,132.26516723632812,0.0,135.35276341025192,131.49818579850947,134.40879318099954,0.0,160156900
2022-12-19,130.16087341308594,0.0,132.94364536804903,129.12840885731634,132.8551509782634,0.0,79592600
2022-12-20,130.092041015625,0.0,131.02618341248566,127.72225803734129,129.19722445474264,0.0,77432800
2022-12-21,133.1894989013672,0.0,134.52680273214906,130.53456166494178,130.7607190395491,0.0,85928000
2022-12-22,130.02322387695312,0.0,132.31434056379908,128.12544063659777,132.10785363301125,0.0,77852100
2022-12-23,129.65939331054688,0.0,130.21004508793624,127.47644161865645,128.73507853958517,0.0,63814900
2022-12-27,127.85993957519531,0.0,129.21691367798962,126.57180445054807,129.18741554567987,0.0,69007800
2022-12-28,123.93653106689453,0.0,128.84325132058044,123.76936998157427,127.50594763388183,0.0,85438400
2022-12-29,127.44694519042969,0.0,128.30242099857716,125.59832312588058,125.8539785961876,0.0,75703700
2022-12-30,127.7615966796875,0.0,127.78126710171549,125.30332657301084,126.26697469654857,0.0,77034200
2023-01-03,122.98271942138672,0.0,128.7154174535332,122.09773792777466,128.10576937065363,0.0,112117500
2023-01-04,124.2511978149414,0.0,126.51281646624362,122.99256074022561,124.77235152537197,0.0,89113600
2023-01-05,122.93355560302734,0.0,125.63766124201173,122.67790010774006,125.00834271164995,0.0,80962700
2023-01-06,127.4567642211914,0.0,128.11558077623516,122.80570749443298,123.90701849100518,0.0,87754700
2023-01-09,127.97794342041016,0.0,131.18354745345354,127.72228791640812,128.292610198386,0.0,70790800
2023-01-10,128.54824829101562,0.0,129.06940194282927,125.98180587179891,128.08609090104719,0.0,63896200
2023-01-11,131.26217651367188,0.0,131.28183192855658,128.28274570808514,129.0595547117696,0.0,69458900
2023-01-12,131.18353271484375,0.0,132.0193381171801,129.24640871746402,131.6456901154858,0.0,71379600
2023-01-13,132.510986328125,0.0,132.6683196907436,129.46273119909978,129.82655147153693,0.0,57809700
2023-01-17,133.67132568359375,0.0,134.99878678874634,131.89153482883353,132.57984966159466,0.0,63646600
2023-01-18,132.95347595214844,0.0,136.29672707490226,132.776472184589,134.5366071318126,0.0,69672800
2023-01-19,133.01254272460938,0.0,133.97618373490067,131.53757556422514,131.84239971004186,0.0,58280400
2023-01-20,135.56912231445312,0.0,135.7166280099619,131.98004211916552,133.02234968254703,0.0,80223600
2023-01-23,138.75502014160156,0.0,140.92814412125819,135.59858513124948,135.81491475833332,0.0,81760300
2023-01-24,140.1513214111328,0.0,140.77081216801105,137.95854199183503,137.9683697007518,0.0,66435100
2023-01-25,139.4925079345703,0.0,140.0529874380773,136.49340619294276,138.53869500355867,0.0,65799300
2023-01-26,141.55746459960938,0.0,141.8426182007582,139.53183124401355,140.78064047196506,0.0,54105100
2023-01-27,143.49456787109375,0.0,144.77287517943125,140.69214050710963,140.77080718806803,0.0,70555800
2023-01-30,140.61349487304688,0.0,143.12094131391822,140.46600420175812,142.54079133466578,0.0,64015300
2023-01-31,141.88197326660156,0.0,141.93114182979278,139.90552306108117,140.31851198443744,0.0,65874500
2023-02-01,143.0029296875,0.0,144.16324461699494,138.961535368266,141.56730384751015,0.0,77663600
2023-02-02,148.30296325683594,0.0,148.65694079146772,145.69718026187857,146.4149930473278,0.0,118339000
2023-02-03,151.9215545654297,0.0,154.75349514117664,145.36287177724367,145.5595309829737,0.0,154357300
2023-02-06,149.1977996826172,0.0,150.5449461888697,148.2636570715711,150.02379246889225,0.0,69858300
2023-02-07,152.0690460205078,0.0,152.63936822302708,148.12597415973434,148.12597415973434,0.0,83322600
2023-02-08,149.3845977783203,0.0,152.00020850727236,148.64711456554969,151.31189384284664,0.0,64120100
2023-02-09,148.3521270751953,0.0,151.75438976697808,147.9096401221254,151.21356571138807,0.0,56007100
2023-02-10,148.71653747558594,0.23,149.04152741969745,146.95372962642622,147.19009004770194,0.0,57450700
2023-02-13,151.51341247558594,0.0,151.91717418893083,148.62790397291747,148.65744714640496,0.0,62199000
2023-02-14,150.8732452392578,0.0,151.4345954776921,148.56878800441328,149.80964612462722,0.0,61707600
2023-02-15,152.97091674804688,0.0,153.13833305811258,150.5581292969133,150.78463194852628,0.0,65573800
2023-02-16,151.37551879882812,0.0,153.95572244720177,151.02098573800205,151.17854429955682,0.0,68167900
2023-02-17,150.233154296875,0.0,150.6763169294936,148.55897600306773,150.03619479649413,0.0,59144100
2023-02-21,146.22494506835938,0.0,149.00212332766463,146.15601601247863,147.91882364629484,0.0,58867200
2023-02-22,146.64842224121094,0.0,147.67262055430007,144.9250004924314,146.60902132895072,0.0,51011300
2023-02-23,147.1309814453125,0.0,148.05670759936388,145.00379786650186,147.8105044744373,0.0,48394200
2023-02-24,144.48182678222656,0.0,144.95453250364176,143.50685714395402,144.87574571223192,0.0,55469600
2023-02-27,145.67343139648438,0.0,146.90444675275575,145.2105684203629,145.46662923177482,0.0,44998500
2023-02-28,145.1711883544922,0.0,146.81582313308783,144.5999954030627,144.81665531660641,0.0,50547000
2023-03-01,143.1031036376953,0.0,144.99394185647634,142.80765687884437,144.600022862706,0.0,55479000
2023-03-02,143.69398498535156,0.0,144.481837933212,141.71450238763347,142.1872231725768,0.0,52238100
2023-03-03,148.73623657226562,0.0,148.81502337863614,145.09243318314816,145.79164167073546,0.0,70732300
2023-03-06,151.49371337890625,0.0,153.926201531547,151.1293375512549,151.4543124625378,0.0,87558000
2023-03-07,149.29759216308594,0.0,151.69067950386318,148.83472905134718,151.36568955134143,0.0,56182000
2023-03-08,150.54827880859375,0.0,151.13917230662574,149.52408044265695,150.48919246419973,0.0,47204800
2023-03-09,148.30291748046875,0.0,152.19292402611515,147.94838436334126,151.22781194000862,0.0,53833600
2023-03-10,146.24462890625,0.0,148.64757336129242,145.3681465462101,147.92866457828165,0.0,68572400
2023-03-13,148.18472290039062,0.0,150.81417020284252,145.4567883472071,145.56511831219402,0.0,84457100
2023-03-14,150.2725067138672,0.0,151.07020228030825,147.82033368029548,148.98240499263105,0.0,73695900
2023-03-15,150.66647338867188,0.0,150.92251923505987,147.64309172837056,148.89380784086057,0.0,77167900
2023-03-16,153.48300170898438,0.0,154.08373780814682,149.33693534803646,149.84904194741503,0.0,76161100
2023-03-17,152.64593505859375,0.0,154.35951419092353,151.93686886777078,153.70953434482817,0.0,98944600
2023-03-20,155.00946044921875,0.0,155.4230948668754,151.80882025865256,152.71486085947325,0.0,73641400
2023-03-21,156.8609161376953,0.0,156.9790888157361,154.1625247817563,154.93069227015488,0.0,73938300
2023-03-22,155.43295288085938,0.0,159.67749219321786,155.41325242402124,156.88062840402722,0.0,75701800
2023-03-23,156.51622009277344,0.0,159.09643867673987,155.28520465118157,156.41774787367245,0.0,67622100
2023-03-24,157.81617736816406,0.0,157.90480687220796,155.45263376473136,156.44728881765926,0.0,59196500
2023-03-27,155.87611389160156,0.0,158.32830230982592,155.47233717929535,157.5109061704178,0.0,52390300
2023-03-28,155.2556610107422,0.0,156.08291480553032,153.61102618902072,155.57080817581272,0.0,45992200
2023-03-29,158.3282928466797,0.0,158.60403911493316,156.92986104995282,156.94954647836764,0.0,51305700
2023-03-30,159.89414978027344,0.0,160.00247975071784,158.82070781762587,159.07675364456477,0.0,49501700
2023-03-31,162.39553833007812,0.0,162.49402556851254,159.45095924162882,159.972908545837,0.0,68749800
2023-04-03,163.6462860107422,0.0,163.76445869825218,161.7259047034759,161.77514833228696,0.0,56976200
2023-04-04,163.114501953125,0.0,164.3061166832112,162.60239523685718,164.06977129650792,0.0,46278300
2023-04-05,161.2728729248047,0.0,162.54328933366952,159.34264903941414,162.2379998945446,0.0,51511700
2023-04-06,162.15921020507812,0.0,162.45465692468338,159.5396056660462,159.96306777674639,0.0,45390100
2023-04-10,159.56915283203125,0.0,159.56915283203125,157.64877164706385,158.96841666370352,0.0,47716900
2023-04-11,158.35781860351562,0.0,159.89412336543904,158.0722146254148,159.88428065231392,0.0,47644200
2023-04-12,157.66848754882812,0.0,159.59871163720814,157.35334033527027,158.77147274218814,0.0,50133100
2023-04-13,163.04556274414062,0.0,163.28192316496492,158.9684394039646,159.17525665056672,0.0,68445600
2023-04-14,162.70089721679688,0.0,163.79403981032135,161.33200829581108,162.09030318280583,0.0,49386500
2023-04-17,162.72055053710938,0.0,162.8781241294329,161.53877864877254,162.5826774005875,0.0,41516200
2023-04-18,163.94174194335938,0.0,164.86746811951792,163.13418846133288,163.57736611842117,0.0,49923000
2023-04-19,165.08412170410156,0.0,165.60607111909823,163.02585218946155,163.2819130529251,0.0,47720200
2023-04-20,164.11898803710938,0.0,165.32046042282218,163.04554607797024,163.56749547193866,0.0,52456400
2023-04-21,162.5137481689453,0.0,163.9220227028112,161.991798793606,162.5432913390932,0.0,58337300
2023-04-24,162.81903076171875,0.0,163.08493430890758,161.40089854610392,162.49404087672,0.0,41949600
2023-04-25,161.28273010253906,0.0,163.78414697340926,161.24332919160244,162.68116189989732,0.0,48714100
2023-04-26,161.2728729248047,0.0,162.76979197769046,160.32746143764658,160.58350725145092,0.0,45498800
2023-04-27,165.8522491455078,0.0,165.99996498511996,162.68115222078845,162.68115222078845,0.0,64902300
2023-04-28,167.1029815673828,0.0,167.27041291997128,165.33033104891717,165.93106728858945,0.0,55275900
2023-05-01,167.0143585205078,0.0,167.86129792357815,166.07878959348815,166.70906903109534,0.0,52472900
2023-05-02,165.98025512695312,0.0,167.76277797719564,164.99544284655173,167.50671716698386,0.0,48425700
2023-05-03,164.90682983398438,0.0,168.32412999077732,164.62124085601573,166.9256982160475,0.0,65136000
2023-05-04,163.27206420898438,0.0,164.50307988258416,161.81454585901537,162.38573893481126,0.0,81235400
2023-05-05,170.93394470214844,0.0,171.6528537535889,168.16660843856448,168.38326843111625,0.0,113453200
2023-05-08,170.864990234375,0.0,171.20968066353447,169.49610128833427,169.8604771504957,0.0,55962800
2023-05-09,169.1612548828125,0.0,170.90436226614003,168.9938385535857,170.42181373691182,0.0,45326900
2023-05-10,170.92404174804688,0.0,171.38690478906514,169.28924951921832,170.39224965147537,0.0,53724500
2023-05-11,171.1111602783203,0.0,171.93839911576495,169.5551548305296,171.20964753246403,0.0,49514700
2023-05-12,170.18417358398438,0.24,171.65356424240227,168.63587209674515,171.21964497087455,0.0,45533100
2023-05-15,169.6910400390625,0.0,170.8152782783789,169.09932936665282,170.76596654770685,0.0,37266700
2023-05-16,169.6910400390625,0.0,170.7462388458725,169.4247687316954,169.6121442795527,0.0,42110300
2023-05-17,170.302490234375,0.0,170.53916250241704,168.06386972955488,169.3360433616003,0.0,57951600
2023-05-18,172.62991333007812,0.0,172.81728896230115,170.19406020684744,170.6082518448926,0.0,65496700
2023-05-19,172.73834228515625,0.0,173.9513327998332,172.5213826746833,173.9513327998332,0.0,55809500
2023-05-22,171.79159545898438,0.0,172.2945540862593,171.05196458153654,171.57463586444004,0.0,43570900
2023-05-23,169.18809509277344,0.0,170.98293990870613,168.91196743614205,170.73639628329747,0.0,50747300
2023-05-24,169.46426391601562,0.0,170.03624707165045,168.16252108250686,168.724632860117,0.0,45143500
2023-05-25,170.59835815429688,0.0,171.49576564962197,169.31632809947834,170.02637505144457,0.0,56058300
2023-05-26,173.00460815429688,0.0,173.33991896491864,170.71669083708804,170.92379413047703,0.0,54835000
2023-05-30,174.84877014160156,0.0,176.51540772383512,174.1288668535482,174.51347436884586,0.0,55964400
2023-05-31,174.7994384765625,0.0,176.87041104464083,174.3162075312564,174.87833424607143,0.0,99625300
2023-06-01,177.60018920898438,0.0,177.62977324467488,174.4838737017158,175.24323239604442,0.0,68901800
2023-06-02,178.4482879638672,0.0,179.2668146743205,176.78165050926717,178.52718373632618,0.0,61996900
2023-06-05,177.0972137451172,0.0,182.3929658521557,175.57849662924414,180.10504889865823,0.0,121946500
2023-06-06,176.7323760986328,0.0,177.62978364684957,174.97697127382227,177.48186345973468,0.0,64848400
2023-06-07,175.36158752441406,0.0,178.70471906299082,174.86850018805862,175.9730110061888,0.0,61944600
2023-06-08,178.0735626220703,0.0,178.33981894141047,175.0065588784877,175.44046308150416,0.0,50214900
2023-06-09,178.45816040039062,0.0,179.71059129506313,178.13272098000036,178.99068805786467,0.0,48900000
2023-06-12,181.24900817871094,0.0,181.34763164971682,178.46800386072707,178.76385922591572,0.0,54274900
2023-06-13,180.77565002441406,0.0,181.60403301510047,179.91768300176238,180.272706433175,0.0,54929100
2023-06-14,181.40682983398438,0.0,181.84074910193183,179.50351991974284,180.8348467124019,0.0,57462900
2023-06-15,183.43833923339844,0.0,183.94129793003785,181.23917400121888,181.4166932611595,0.0,65433200
2023-06-16,182.3634033203125,0.0,184.40479194393566,181.72239585614398,184.14837692000424,0.0,101256200
2023-06-20,182.45217895507812,0.0,183.52712083284334,181.86048315364175,181.86048315364175,0.0,49799100
2023-06-21,181.41671752929688,0.0,182.8466679379569,180.06564786023924,182.3437091740366,0.0,49515700
2023-06-22,184.4146270751953,0.0,184.46393880857786,181.13066426325057,181.1997036995518,0.0,51245300
2023-06-23,184.0990753173828,0.0,184.96691381940127,182.45216546765664,182.98470820219737,0.0,53117000
2023-06-26,182.7085723876953,0.0,185.4501365723536,182.6691169769034,184.24700235631448,0.0,48088700
2023-06-27,185.4600067138672,0.0,185.78544616190248,183.10304984582174,183.32000947784528,0.0,50730800
2023-06-28,186.633544921875,0.0,187.27455239917202,185.00636283468697,185.33178721386028,0.0,51216800
2023-06-29,186.96884155273438,0.0,187.4422162021352,186.32783407243755,186.4658979165552,0.0,46347300
2023-06-30,191.2882843017578,0.0,191.79122791985353,188.6157445714927,188.98063939826477,0.0,85213200
2023-07-03,189.79916381835938,0.0,191.19952989799955,189.10882958307744,191.10090642215079,0.0,31458200
2023-07-05,188.68479919433594,0.0,190.31198136153697,187.98460856583768,188.92148652956726,0.0,46920300
2023-07-06,189.1581268310547,0.0,189.36523009534062,186.5842108059987,187.21536187872596,0.0,45094300
2023-07-07,188.04376220703125,0.0,190.0062550438309,187.60985803081866,188.7636804868427,0.0,46815000
2023-07-10,186.00241088867188,0.0,187.36333679085425,184.45410938571575,186.6434184249519,0.0,59922200
2023-07-11,185.47970581054688,0.0,186.68283993061024,184.02017173211044,186.5447760995126,0.0,46638100
2023-07-12,187.1463623046875,0.0,189.04967210294507,185.86433228601203,187.05759515232103,0.0,60750200
2023-07-13,187.9057159423828,0.0,188.54673850979384,187.15622860664624,187.86627557643092,0.0,41342300
2023-07-14,188.05364990234375,0.0,188.53686585918993,187.00830716161786,187.6000029338883,0.0,41616200
2023-07-17,191.3080291748047,0.0,191.6334686208352,189.1581605746784,189.2469126832782,0.0,50520200
2023-07-18,191.0515899658203,0.0,191.64330071063998,189.75970372238763,190.6768538720752,0.0,48288200
2023-07-19,192.4026641845703,0.0,195.48938034906212,189.9865244553515,190.4303150490968,0.0,80507300
2023-07-20,190.4599151611328,0.0,193.7537348839622,189.8386203157028,192.39280905028917,0.0,59581200
2023-07-21,189.28634643554688,0.0,192.2744541324422,188.58615588066942,191.4164870851642,0.0,71951700
2023-07-24,190.0851593017578,0.0,192.21530010696893,189.59207198839397,190.73603816687742,0.0,45377800
2023-07-25,190.943115234375,0.0,191.75178560391285,190.2527960456413,190.65713123041024,0.0,37283200
2023-07-26,191.81094360351562,0.0,192.93518195125802,190.64726489612826,190.99241694846552,0.0,47471900
2023-07-27,190.5486602783203,0.0,194.47363103189025,189.8879250921341,193.3099522093675,0.0,47460200
2023-07-28,193.12258911132812,0.0,193.9115318637554,191.45595149688123,191.97862287270013,0.0,48291400
2023-07-31,193.73399353027344,0.0,193.77344894031904,192.56044337061044,193.34938604539337,0.0,38824100
2023-08-01,192.9055938720703,0.0,194.0101044929012,192.58015448246934,193.52688862020202,0.0,35175100
2023-08-02,189.91751098632812,0.0,192.48155598125388,189.19760772385698,192.3434921357412,0.0,50389300
2023-08-03,188.5270233154297,0.0,189.71042999433632,188.0536636534335,188.9215022402868,0.0,61235200
2023-08-04,179.47393798828125,0.0,184.7894189873242,179.40489853673822,182.95513345446872,0.0,115956800
2023-08-07,176.37733459472656,0.0,180.59816071157974,174.89807268327345,179.6119861039443,0.0,97576100
2023-08-08,177.314208984375,0.0,177.77771228390873,175.12490000933562,177.20572916857282,0.0,67823000
2023-08-09,175.7264404296875,0.0,178.42854898853972,174.56274666920834,178.36938092489027,0.0,60378500
2023-08-10,175.50949096679688,0.0,178.25105509162734,175.14461118800062,176.99860916334498,0.0,54686900
2023-08-11,175.5687255859375,0.24,176.38835756307438,174.34422750725284,175.10461152163393,0.0,52036700
2023-08-14,177.2178955078125,0.0,177.44501774834183,175.09474782272636,175.74650562753334,0.0,43675600
2023-08-15,175.23301696777344,0.0,177.23765386072782,174.8380204140677,176.6451590301692,0.0,43622600
2023-08-16,174.36398315429688,0.0,176.30935657463468,174.29485048513217,174.9169842350172,0.0,46964900
2023-08-17,171.82611083984375,0.0,175.29225282363015,171.31260330101006,174.92688028330798,0.0,66062900
2023-08-18,172.30996704101562,0.0,172.9123464424467,169.81157749118245,170.14732599213767,0.0,61172200
2023-08-21,173.6431121826172,0.0,173.92949746098708,171.56935789788312,172.88274314562352,0.0,46311900
2023-08-22,175.01573181152344,0.0,175.46010661888187,174.04797988711957,174.84785755399471,0.0,42038900
2023-08-23,178.85714721679688,0.0,179.2817827873095,176.10201110060572,176.28963972003098,0.0,52722800
2023-08-24,174.17640686035156,0.0,178.8374388948203,173.81101919732555,178.41280325080464,0.0,54945800
2023-08-25,176.3784942626953,0.0,176.91174101480664,173.62335841851225,175.16386577811136,0.0,51449600
2023-08-28,177.93878173828125,0.0,178.33377827348758,176.31927183489213,177.8400250704037,0.0,43820700
2023-08-29,181.8196563720703,0.0,182.58991008586239,177.2573820568172,177.45488030453177,0.0,53003900
2023-08-30,185.30557250976562,0.0,185.5030858470339,182.43194029759772,182.62943856671393,0.0,60813900
2023-08-31,185.52279663085938,0.0,186.75717945843076,185.1376697913831,185.49317264844964,0.0,60794500
2023-09-01,187.09298706054688,0.0,187.54723160980876,185.9277215617056,187.12261104992686,0.0,45766500
2023-09-05,187.32994079589844,0.0,187.6064413525269,185.26605625958229,185.92768366781115,0.0,45280000
2023-09-06,180.6248016357422,0.0,186.49059214043663,179.20278998997966,186.0462022000218,0.0,81755800
2023-09-07,175.34161376953125,0.0,175.98350189646143,171.37183427986267,172.99134398653018,0.0,112488800
2023-09-08,175.95387268066406,0.0,177.98814840122637,175.56874581023814,176.12176201867752,0.0,65551300
2023-09-11,177.119140625,0.0,178.0473990105972,175.12437356668377,177.82027676778657,0.0,58953100
2023-09-12,174.09738159179688,0.0,177.8795329175836,172.63587633671216,177.2475294233725,0.0,90370200
2023-09-13,172.03346252441406,0.0,175.08485308011382,171.80632524830068,174.30471474035696,0.0,84267900
2023-09-14,173.5443572998047,0.0,173.89986015970092,171.4113401404273,171.82609096561458,0.0,60895800
2023-09-15,172.82345581054688,0.0,174.29484548306786,171.64833608181547,174.2750911398521,0.0,109259500
2023-09-18,175.74647521972656,0.0,177.13886254322455,173.96896109059597,174.2750855940285,0.0,67257600
2023-09-19,176.83274841308594,0.0,177.38574949277796,174.91698390976052,175.30211073798526,0.0,51826900
2023-09-20,173.29750061035156,0.0,177.45489404541186,173.20861358406935,177.0203888259045,0.0,58436200
2023-09-21,171.75694274902344,0.0,174.09734264324985,171.6878251518227,172.36920682730067,0.0,63149100
2023-09-22,172.6062469482422,0.0,174.86764517240317,171.87550181385268,172.48775099523908,0.0,56725400
2023-09-25,173.88009643554688,0.0,174.75897636563758,171.97420160197885,172.02357992644104,0.0,46172700
2023-09-26,169.8115997314453,0.0,173.01111068359924,169.51534481079926,172.63586851438868,0.0,64588900
2023-09-27,168.3007049560547,0.0,170.87809720821267,166.93795639924983,170.4633463371719,0.0,66921800
2023-09-28,168.55743408203125,0.0,169.88068876106084,165.52578284422083,167.22429469748067,0.0,56294400
2023-09-29,169.07095336914062,0.0,170.90771561508154,168.21181267677895,169.870831028669,0.0,51861100
2023-10-02,171.5792236328125,0.0,172.12235512412923,168.79444856905252,169.0808338409062,0.0,52164500
2023-10-03,170.24606323242188,0.0,171.46070671019788,168.68581669291316,170.1078129668395,0.0,49594600
2023-10-04,171.4903564453125,0.0,172.03348795172127,168.8339619515459,168.9524578917983,0.0,53020300
2023-10-05,172.72474670410156,0.0,173.25799352598938,170.52259660006877,171.6187292983148,0.0,48527900
2023-10-06,175.2725067138672,0.0,175.76625988669193,171.0163417068709,171.6286058875163,0.0,57266700
2023-10-09,176.75375366210938,0.0,176.81300162773064,173.60360623261292,174.60098214625398,0.0,42390800
2023-10-10,176.16123962402344,0.0,177.4746247468579,175.72673446240606,175.87486944103904,0.0,43698000
2023-10-11,177.55364990234375,0.0,177.60302823490863,175.38113888285298,175.9736336691769,0.0,47551100
2023-10-12,178.45228576660156,0.0,180.0619109305439,176.80313684087554,177.8202822818536,0.0,56743100
2023-10-13,176.61553955078125,0.0,179.65704624189655,175.91440332167903,179.15342336284206,0.0,51427100
2023-10-16,176.4871368408203,0.0,176.84263973108403,174.3047411678942,174.54174811745375,0.0,52517000
2023-10-17,174.93673706054688,0.0,176.19087429527403,172.61610626933813,174.44298390478113,0.0,57549400
2023-10-18,173.6431121826172,0.0,175.36137864838344,172.9222367694585,173.3863659573123,0.0,54764400
2023-10-19,173.26785278320312,0.0,175.61810740546204,173.00122187734726,173.84059314667203,0.0,59302900
2023-10-20,170.72010803222656,0.0,173.2283676109075,170.48310107616433,173.11974130623128,0.0,64244000
2023-10-23,170.83860778808594,0.0,171.8359838309846,167.80695589693704,168.77472302133776,0.0,55980100
2023-10-24,171.27305603027344,0.0,171.50017820840435,169.30791351681904,170.8879292638137,0.0,43816600
2023-10-25,168.9623565673828,0.0,170.89786073622298,168.5179666183954,169.73261037900426,0.0,57157000
2023-10-26,164.80494689941406,0.0,169.23885617849143,163.6001878537521,168.24146504420852,0.0,70625300
2023-10-27,166.11831665039062,0.0,166.8490767618186,164.7456834493569,164.82468576422622,0.0,58499100
2023-10-30,168.1624298095703,0.0,169.0314401165317,166.7601727667049,166.90830774256386,0.0,51131000
2023-10-31,168.63645935058594,0.0,168.76482492650203,165.80230595130433,167.23420217717043,0.0,44846000
2023-11-01,171.7964630126953,0.0,172.0532092124064,167.99455793411695,168.86356825336904,0.0,56934900
2023-11-02,175.3515167236328,0.0,175.55888462715336,173.26787764016203,173.32712561259646,0.0,77334800
2023-11-03,174.44297790527344,0.0,174.61086723243213,171.1842192438163,172.06309922812656,0.0,79829200
2023-11-06,176.99078369140625,0.0,177.18828197544954,174.00852494560027,174.17639924044474,0.0,63841300
2023-11-07,179.5483856201172,0.0,180.1606346460721,176.73398690556192,176.94135477067297,0.0,70530000
2023-11-08,180.60501098632812,0.0,181.1580120556029,179.3212498937122,180.07176426042716,0.0,49340300
2023-11-09,180.1310272216797,0.0,181.81965455110011,179.53851741631973,180.67415869856794,0.0,53763500
2023-11-10,184.31369018554688,0.24,184.48180071812672,181.47581782404296,181.91089548671326,0.0,66133400
2023-11-13,182.73159790039062,0.0,183.94782669363863,182.1482051958573,183.74018560328048,0.0,43627500
2023-11-14,185.34202575683594,0.0,186.0045247766197,184.214786141562,185.5991101996175,0.0,60108400
2023-11-15,185.9056854248047,0.0,187.3790139742788,185.67826393327664,185.7474876978312,0.0,53790500
2023-11-16,187.5866241455078,0.0,188.8226331691939,186.53847581950137,187.44819173837502,0.0,54412900
2023-11-17,187.56687927246094,0.0,188.24915879673333,186.45941980581802,188.1206090057824,0.0,50922700
2023-11-20,189.30714416503906,0.0,189.76200213676566,187.75472463510502,187.76460727588125,0.0,46505100
2023-11-21,188.50621032714844,0.0,189.37636552049437,187.61628985249988,189.26759612132614,0.0,38134500
2023-11-22,189.16871643066406,0.0,190.77057938008178,188.6940931656517,189.3467095850447,0.0,39617700
2023-11-24,187.84371948242188,0.0,188.76330300712377,187.13177703645835,188.73363999587542,0.0,24048300
2023-11-27,187.66574096679688,0.0,188.5358962659671,186.7857030257735,187.79429075090235,0.0,40552600
2023-11-28,188.26889038085938,0.0,188.9412871423915,187.28008315178343,187.6558347269926,0.0,38415400
2023-11-29,187.2504425048828,0.0,189.93999969621768,186.85492560121705,188.76331653900834,0.0,43014200
2023-11-30,187.82394409179688,0.0,188.18981305356235,186.08364867108205,187.71517468500207,0.0,48794400
2023-12-01,189.09950256347656,0.0,189.4159130354433,187.11199034893104,188.1996843513192,0.0,45704800
2023-12-04,187.30972290039062,0.0,187.92279356612363,185.35188905459586,187.85356982644447,0.0,43389500
2023-12-05,191.25509643554688,0.0,192.2241233156588,188.05135551468544,188.081033613139,0.0,66628400
2023-12-06,190.16741943359375,0.0,192.58009647341478,189.95976327032974,192.27356863697858,0.0,41089700
2023-12-07,192.09559631347656,0.0,192.81742141001197,191.42319951100376,191.46276025185608,0.0,47477700
2023-12-08,193.51947021484375,0.0,193.79633503305183,191.50229501018384,192.0263616366492,0.0,53406400
2023-12-11,191.0177764892578,0.0,191.32431940935732,189.2774811684409,190.94856782781682,0.0,60943700
2023-12-12,192.5306854248047,0.0,192.54056806660662,189.57414602172835,190.9189246189266,0.0,52696900
2023-12-13,195.74429321289062,0.0,195.7838388648497,192.66910200901862,192.90640609677627,0.0,70404200
2023-12-14,195.8926239013672,0.0,197.3857175620074,193.964452594447,195.8036348613561,0.0,66831600
2023-12-15,195.35867309570312,0.0,196.1793699091571,194.79504567055722,195.3191123528845,0.0,128538400
2023-12-18,193.6974639892578,0.0,194.4291868327445,192.21425301938103,193.8952224343076,0.0,55751900
2023-12-19,194.73570251464844,0.0,194.74558515548247,193.69745188302565,193.96443406555753,0.0,40714100
2023-12-20,192.6493377685547,0.0,195.46742966263125,192.6493377685547,194.69616113684165,0.0,52242800
2023-12-21,192.50096130371094,0.0,194.87410742508595,191.3341761539009,193.90508068005738,0.0,46482500
2023-12-22,191.43309020996094,0.0,193.22282892375426,190.81013681243016,192.9953923922105,0.0,37149600
2023-12-26,190.88925170898438,0.0,191.719846217368,190.6717128965979,191.44298138124012,0.0,28919300
2023-12-27,190.9881134033203,0.0,191.3342019743918,188.9511728919884,190.33551208827305,0.0,48087700
2023-12-28,191.41331481933594,0.0,192.48122849088116,191.00790021395272,191.96704448132198,0.0,34049900
2023-12-29,190.3750457763672,0.0,192.22411038080966,189.5839970121992,191.7297067892047,0.0,42672100
2024-01-02,183.5621795654297,0.0,186.33084291740326,181.83176685644636,185.0552730997862,0.0,82488700
2024-01-03,182.18771362304688,0.0,183.7994740724038,181.37688453456076,182.15805061619977,0.0,58414500
2024-01-04,179.87396240234375,0.0,181.04074792224714,178.85549196107084,180.11126652815247,0.0,71983600
2024-01-05,179.15211486816406,0.0,180.71443234786256,178.1534248404595,179.95306152436652,0.0,62379700
2024-01-08,183.48309326171875,0.0,183.52265400582175,179.46853775144191,180.05193047893468,0.0,59144500
2024-01-09,183.06777954101562,0.0,183.07766218215258,180.68475037086026,181.86143345023166,0.0,42841800
2024-01-10,184.1060333251953,0.0,184.31367440860302,181.8614365329183,182.2866315170422,0.0,46792900
2024-01-11,183.51275634765625,0.0,184.9564217479187,181.56480461990643,184.45212033242825,0.0,49128400
2024-01-12,183.8390350341797,0.0,184.64986419021457,183.1172099941003,183.9774674403319,0.0,40477800
2024-01-16,181.57470703125,0.0,182.19764543114704,178.9049149905355,180.12115895148446,0.0,65603000
2024-01-17,180.63531494140625,0.0,180.8825167727283,178.281963767062,179.24110807963172,0.0,47317400
2024-01-18,186.5187225341797,0.0,187.02300881659582,183.75005912545993,184.0071435872404,0.0,78005800
2024-01-19,189.41595458984375,0.0,189.80158889565502,186.70663180624828,187.21091817907703,0.0,68903000
2024-01-22,191.71983337402344,0.0,193.14371820043874,190.1080727596782,190.14763349819026,0.0,60133900
2024-01-23,192.9954071044922,0.0,193.55903452389106,191.66052626402544,192.83720939883855,0.0,42355600
2024-01-24,192.32302856445312,0.0,194.18199120084623,192.16481576816378,193.23272951111284,0.0,53631300
2024-01-25,191.9967041015625,0.0,194.07320538533628,190.9485708187439,193.0349547434494,0.0,54822100
2024-01-26,190.26629638671875,0.0,192.58010181757646,189.7916731135176,192.09559590318426,0.0,44594000
2024-01-29,189.58401489257812,0.0,190.04875551955823,187.4580852833725,189.86087972294905,0.0,47145600
2024-01-30,185.935302734375,0.0,189.65322753238257,185.37169046557113,188.80285272092348,0.0,55859400
2024-01-31,182.33607482910156,0.0,185.00586682539145,182.28664653050623,184.94652570867123,0.0,55467800
2024-02-01,184.76853942871094,0.0,184.85752846784007,181.76257176566293,181.93066720224104,0.0,64885400
2024-02-02,183.76983642578125,0.0,185.2332669548565,177.24370243482153,177.84687547061628,0.0,102551700
2024-02-05,185.579345703125,0.0,187.1317803970082,183.75994390321247,186.0440863383638,0.0,69668800
2024-02-06,187.18121337890625,0.0,187.19109601961685,184.67953227102765,184.76852130142626,0.0,43490800
2024-02-07,187.29000854492188,0.0,188.91165203661865,186.49895962721544,188.50623739169367,0.0,53439000
2024-02-08,186.21218872070312,0.0,187.41851968576853,185.25304448034683,187.27020463334281,0.0,40962000
2024-02-09,186.9745330810547,0.24,188.10321111496148,186.13296840440984,186.77650719907678,0.0,45155200
2024-02-12,185.29139709472656,0.0,186.79630612181433,184.93497167008087,186.5487888854563,0.0,41781900
2024-02-13,183.20236206054688,0.0,184.360756090923,181.68755769129083,183.92512331150874,0.0,56529500
2024-02-14,182.3212127685547,0.0,183.6875129162611,180.62820312290157,183.4796068721132,0.0,54630500
2024-02-15,182.0341033935547,0.0,182.65785175424014,179.54903541760635,181.727184392981,0.0,65434500
2024-02-16,180.49949645996094,0.0,183.0142804515248,179.86585283584154,181.5984737728991,0.0,49752500
2024-02-20,179.75694274902344,0.0,180.6182980286837,178.2124373755958,179.98465441119404,0.0,53665600
2024-02-21,180.50938415527344,0.0,181.0737156195715,178.8658660184515,180.13315310757224,0.0,41371400
2024-02-22,182.53904724121094,0.0,183.12319953047427,180.64802661628633,181.6578862880503,0.0,52292200
2024-02-23,180.70741271972656,0.0,183.20237592421455,180.42028422645075,183.17267506039363,0.0,45119700
2024-02-26,179.3609161376953,0.0,180.9450175834942,178.85597124394113,180.43019254491847,0.0,40867400
2024-02-27,180.8163299560547,0.0,182.09351248592515,177.77681047698752,179.30152539649055,0.0,54318900
2024-02-28,179.6183319091797,0.0,181.30144633523983,178.34114943443706,180.69750358801915,0.0,48953900
2024-02-29,178.95498657226562,0.0,180.75691955299587,177.74710108364005,179.4698267249393,0.0,136682600
2024-03-01,177.8758087158203,0.0,178.73716395290236,175.61845249589473,177.76690051629518,0.0,73563100
2024-03-04,173.36109924316406,0.0,175.14321147352493,172.06409607852763,174.4006596751229,0.0,81510100
2024-03-05,168.43055725097656,0.0,170.33148818677603,167.93552268101038,169.06420089624305,0.0,95132400
2024-03-06,167.44046020507812,0.0,169.53941670485264,167.00482743895031,169.36119643359416,0.0,68587700
2024-03-07,167.3216552734375,0.0,169.0344703547855,166.81672553933012,167.47015957545335,0.0,71765100
2024-03-08,169.03448486328125,0.0,171.9749911536114,167.26226790901475,167.32166963491963,0.0,76267000
2024-03-11,171.03443908691406,0.0,172.6482565736913,170.34139373001014,171.2225546353428,0.0,60139500
2024-03-12,171.50967407226562,0.0,172.30173241116674,169.31171935776177,171.43046672764987,0.0,59825400
2024-03-13,169.43052673339844,0.0,171.4700666239107,169.06419090034882,171.05423942259554,0.0,52488700
2024-03-14,171.28195190429688,0.0,172.57893998999515,170.34138929390355,171.19284931228447,0.0,72913500
2024-03-15,170.9057159423828,0.0,170.9057159423828,168.59885322457814,169.47011882986195,0.0,121752700
2024-03-18,171.9947967529297,0.0,175.94517770513775,171.7967859641753,173.82643054023092,0.0,75604200
2024-03-19,174.33135986328125,0.0,174.85609525037736,171.31164624406932,172.6086342803731,0.0,55215200
2024-03-20,176.8956298828125,0.0,176.8956298828125,173.3511809805003,173.97492929704185,0.0,53423100
2024-03-21,169.66812133789062,0.0,175.72735394947048,169.14338597139206,175.29172116809335,0.0,106181300
2024-03-22,170.56910705566406,0.0,171.33146450930536,168.37115239719608,170.05426688241553,0.0,71160100
2024-03-25,169.15330505371094,0.0,170.2324767040703,167.76719930445816,168.87608692531137,0.0,54288300
2024-03-26,168.02462768554688,0.0,169.71763732680742,167.8959138727621,168.31174106723407,0.0,57388400
2024-03-27,171.58888244628906,0.0,171.87601096065072,168.42066417893392,168.7176879462108,0.0,60273300
2024-03-28,169.77703857421875,0.0,170.51959037094832,168.81667037520143,170.0443614510728,0.0,65672700
2024-04-01,168.3414306640625,0.0,169.54931605122675,167.79688969325008,169.48991432845702,0.0,46240500
2024-04-02,167.1632537841797,0.0,167.65828830624176,166.55931106297376,167.40087579338118,0.0,49329500
2024-04-03,167.96519470214844,0.0,168.98496453257434,166.90582876011774,167.11373478373662,0.0,47691700
2024-04-04,167.1434783935547,0.0,170.2126836435028,167.1434783935547,168.59886612133832,0.0,53704400
2024-04-05,167.89590454101562,0.0,168.69785802201392,167.27215623034843,167.90579979250484,0.0,42104800
2024-04-08,166.77713012695312,0.0,167.51968192191484,166.5692240844266,167.3513719945941,0.0,37425500
2024-04-09,167.9850311279297,0.0,168.3909631058002,166.6781477036779,167.02466284236104,0.0,42373800
2024-04-10,166.11378479003906,0.0,167.4107728345435,165.45044033625643,167.12365945587084,0.0,49709300
2024-04-11,173.3016815185547,0.0,173.7175238179071,166.49001666248702,166.66822184170525,0.0,91070300
2024-04-12,174.79669189453125,0.0,176.5887144383463,172.47993396851362,172.52942533467058,0.0,101670900
2024-04-15,170.97500610351562,0.0,174.87588010863277,170.78689058947398,173.61848833629102,0.0,73531800
2024-04-16,167.6979217529297,0.0,172.03441446797186,166.59894436401518,170.0443808641566,0.0,73711200
2024-04-17,166.3315887451172,0.0,168.9552655008738,166.3315887451172,167.9256004082147,0.0,50901200
2024-04-18,165.381103515625,0.0,166.96521980912772,164.8959794200199,166.36127717179573,0.0,43122900
2024-04-19,163.36138916015625,0.0,164.74747975255278,162.45052746983075,164.559379327856,0.0,68149400
2024-04-22,164.1930389404297,0.0,165.59893510418706,163.13367296874276,163.8762247169617,0.0,48116400
2024-04-23,165.24252319335938,0.0,165.39104261951863,163.28219064755024,163.70792820716713,0.0,49537800
2024-04-24,167.3415069580078,0.0,167.618725136268,164.5594148143738,164.88612436876372,0.0,48251800
2024-04-25,168.2028350830078,0.0,168.9156860278579,166.4801094484109,167.84640961058278,0.0,50558300
2024-04-26,167.6186981201172,0.0,169.63843239437367,167.49987955768663,168.19293999888993,0.0,44838400
2024-04-29,171.77696228027344,0.0,174.2818355072499,171.38094074443057,171.64824848286057,0.0,68169400
2024-04-30,168.63845825195312,0.0,173.25218351807536,168.31173366197407,171.6086653165762,0.0,65934800
2024-05-01,167.6186981201172,0.0,170.99483730573115,167.43058257791944,167.8959162536964,0.0,50383100
2024-05-02,171.31166076660156,0.0,171.69778712393833,169.19291342760516,170.79682058773386,0.0,94214900
2024-05-03,181.5588836669922,0.0,185.14292911827533,180.84603267784937,184.7963988764884,0.0,163224100
2024-05-06,179.90545654296875,0.0,182.3707188474722,178.62825898838415,180.53910014061182,0.0,78569700
2024-05-07,180.58859252929688,0.0,183.06376520709566,179.51933122687228,181.6281680754234,0.0,77305800
2024-05-08,180.92523193359375,0.0,181.25195654794928,179.6480343404535,181.03414013837894,0.0,45057100
2024-05-09,182.73704528808594,0.0,182.82614787366472,180.3014688648197,180.74699689996783,0.0,48983000
2024-05-10,181.47799682617188,0.25,183.5004709530996,180.56589946479278,183.31210022442642,0.0,50759500
2024-05-13,184.68020629882812,0.0,185.4931713127623,183.03445892506747,183.84742393900163,0.0,72044800
2024-05-14,185.82032775878906,0.0,186.68286641073877,184.69011878206607,185.89964252722956,0.0,52393600
2024-05-15,188.09068298339844,0.0,189.01268886802714,185.76085876781028,186.2962297111884,0.0,70400000
2024-05-16,188.2096405029297,0.0,189.458829238671,188.03119361367854,188.83423487080034,0.0,52845200
2024-05-17,188.2393798828125,0.0,189.1713095252472,187.55530322495105,187.8824709799172,0.0,41282900
2024-05-20,189.3993377685547,0.0,190.2717851507536,187.38677266186554,187.70403175639103,0.0,44361300
2024-05-21,190.69808959960938,0.0,191.07481584379752,189.28036268210627,189.44890089382775,0.0,42309400
2024-05-22,189.26052856445312,0.0,191.16405275409193,188.63594934473116,190.61877317517173,0.0,34648500
2024-05-23,185.27505493164062,0.0,189.35966699130785,185.0272019643745,189.33983451815809,0.0,51005900
2024-05-24,188.34844970703125,0.0,188.94330296502375,186.4251079843019,187.1984232707908,0.0,36327000
2024-05-28,188.35836791992188,0.0,191.3425125399711,187.4760118609873,189.86530324069457,0.0,52280100
2024-05-29,188.6558074951172,0.0,190.5989819254429,187.88250724420914,187.98165450827366,0.0,53068000
2024-05-30,189.647216796875,0.0,190.52957297399752,188.99289629815092,189.12176958621487,0.0,49889100
2024-05-31,190.59893798828125,0.0,190.9161970579539,188.2790377703441,189.79589676882185,0.0,75158300
2024-06-03,192.36366271972656,0.0,193.31542486412093,190.86663609575578,191.24336235629542,0.0,50080500
2024-06-04,192.68089294433594,0.0,193.64256361833955,191.37222208281784,192.96839571544555,0.0,47471400
2024-06-05,194.18783569335938,0.0,195.20898869639487,193.19642383583022,193.7218709101011,0.0,54156800
2024-06-06,192.80979919433594,0.0,194.8124556459051,192.5024638984892,194.0094143560484,0.0,41181800
2024-06-07,195.1990966796875,0.0,195.24867030234284,192.47271383884646,192.97832848334124,0.0,53103900
2024-06-10,191.46145629882812,0.0,195.60556579928584,190.49978557066368,195.20899197297106,0.0,97010200
2024-06-11,205.37098693847656,0.0,205.38091074009856,191.96710777388114,191.98692512163242,0.0,172373300
2024-06-12,211.24017333984375,0.0,218.30893098905233,205.12314766198512,205.58911253699537,0.0,198134300
2024-06-13,212.40008544921875,0.0,214.88852380834695,209.782758705521,212.8957913864929,0.0,97862700
2024-06-14,210.66514587402344,0.0,213.32212283006638,209.48536314811375,212.01346682824212,0.0,70122700
2024-06-17,214.80921936035156,0.0,217.06963733267014,210.8931452933454,211.5375569916551,0.0,93728300
2024-06-18,212.4496307373047,0.0,216.75236950252116,211.17071615482777,215.72129274553387,0.0,79943300
2024-06-20,207.87924194335938,0.0,212.4000929584359,207.05638337080816,212.0927425591543,0.0,86172500
2024-06-21,205.7080841064453,0.0,210.07029091430852,205.33134270047418,208.58317289420788,0.0,241805100
2024-06-24,206.3524932861328,0.0,210.87332959032133,204.8158016590104,205.93610206103614,0.0,80727000
2024-06-25,207.2744903564453,0.0,209.56464939365068,206.8184342324815,207.35378999494392,0.0,55549700
2024-06-26,211.41860961914062,0.0,213.0147835489249,208.83102368645302,209.68363861405976,0.0,66213200
2024-06-27,212.2613067626953,0.0,213.88722177256454,210.5263358320774,212.8462361886446,0.0,49772700
2024-06-28,208.81117248535156,0.0,214.21437951883613,208.4939285392998,213.91695291908772,0.0,82542700
2024-07-01,214.88851928710938,0.0,215.6419868499251,210.09999821846176,210.2685364182596,0.0,60402900
2024-07-02,218.37831115722656,0.0,218.4873670751859,213.25271326862932,214.2936836981781,0.0,58046200
2024-07-03,219.6473388671875,0.0,219.6473388671875,217.14897630904898,218.1106471909744,0.0,37369800
2024-07-05,224.39617919921875,0.0,224.50523511983306,219.74645469045154,219.74645469045154,0.0,60412400
2024-07-08,225.86346435546875,0.0,225.89320550199054,221.3327047505454,225.13972278278513,0.0,59085900
2024-07-09,226.71607971191406,0.0,227.42989753320916,224.4259205051531,225.97252074204383,0.0,48076100
2024-07-10,230.97914123535156,0.0,231.07828847688273,227.28117906796422,227.3307526887298,0.0,62627700
2024-07-11,225.61563110351562,0.0,230.39422897123262,223.83108651749725,229.40281699319425,0.0,64710600
2024-07-12,228.5601043701172,0.0,230.64207551688347,226.71607753741577,226.9540218514806,0.0,53046500
2024-07-15,232.38694763183594,0.0,235.1926451763578,231.08820043911544,234.44908623752588,0.0,62631300
2024-07-16,232.8033447265625,0.0,234.24088892580107,230.3347237014565,232.98179160349451,0.0,43234300
2024-07-17,226.91436767578125,0.0,229.47221227385296,224.69359950369105,227.47946461019197,0.0,57345900
2024-07-18,222.25473022460938,0.0,228.46097889584826,220.36114484151935,228.3023493485251,0.0,66034600
2024-07-19,222.3836212158203,0.0,224.85224251867803,221.36246807560826,222.88925101284036,0.0,49151500
2024-07-22,222.03662109375,0.0,225.82380677595344,221.174082433242,225.06041535891617,0.0,48201800
2024-07-23,223.07760620117188,0.0,224.9910392063895,220.7676144514488,222.44310313331528,0.0,39960300
2024-07-24,216.6631622314453,0.0,222.86941075843336,215.26528287042115,222.07627816799848,0.0,61777600
2024-07-25,215.62217712402344,0.0,218.95332167523742,212.77681471652627,217.0497975364767,0.0,51391200
2024-07-26,216.088134765625,0.0,217.60499369491455,214.15486954444728,216.82176985722595,0.0,41601300
2024-07-29,216.36575317382812,0.0,217.41664743865044,213.8971319294418,215.09674706599597,0.0,36311800
2024-07-30,216.9209442138672,0.0,218.43780333279796,214.26395224147618,217.3075942808937,0.0,41643800
2024-07-31,220.17276000976562,0.0,221.89782218872546,218.7352157578384,219.53825698895486,0.0,50036300
2024-08-01,216.48471069335938,0.0,222.55214689360594,215.15622233135366,222.44309097566543,0.0,62501000
2024-08-02,217.97183227539062,0.0,223.66254232334134,215.84030263063204,217.2679231335739,0.0,105568600
2024-08-05,207.47274780273438,0.0,211.66641540377168,194.31670922313467,197.3801679980859,0.0,119548600
2024-08-06,205.45028686523438,0.0,208.18659343179937,199.34320096724198,203.53686913101606,0.0,69660500
2024-08-07,208.01805114746094,0.0,211.80523672133984,204.61750047992084,205.12311510057037,0.0,63516400
2024-08-08,211.47808837890625,0.0,212.36044444161047,207.0365669160157,211.27980900719393,0.0,47161100
2024-08-09,214.3829345703125,0.0,214.91829038971974,210.1496011292121,210.27848952903548,0.0,42201600
2024-08-12,215.9114532470703,0.25,217.8767166928247,213.99582080224636,214.46232494953352,0.0,38028100
2024-08-13,219.62364196777344,0.0,220.23902400333975,217.38044783379533,217.38044783379533,0.0,44155300
2024-08-14,220.07029724121094,0.0,221.37054778476931,218.06532277692483,218.92885985517657,0.0,41960600
2024-08-15,223.04798889160156,0.0,223.67330627029455,221.10256546081067,222.92888658909135,0.0,46414000
2024-08-16,224.3680877685547,0.0,225.1422830006272,221.98593577772976,222.25393109506462,0.0,44340200
2024-08-19,224.20925903320312,0.0,224.30852103873067,221.38045847347976,224.0405257400108,0.0,40687800
2024-08-20,224.8246612548828,0.0,225.4797542015927,223.7725505409132,224.09017687092657,0.0,30299000
2024-08-21,224.71546936035156,0.0,226.28371522001356,223.37552309496598,224.8345868015738,0.0,34765500
2024-08-22,222.85939025878906,0.0,226.64103964823346,222.23407290784718,226.09512887719345,0.0,43695300
2024-08-23,225.15219116210938,0.0,226.52192810531062,222.66087229355688,223.98097823318813,0.0,38677300
2024-08-26,225.48965454101562,0.0,225.58891654674125,222.22414052811973,225.0727813784282,0.0,30602200
2024-08-27,226.3333282470703,0.0,227.14723425887112,223.21669220638537,224.31843379232603,0.0,35934600
2024-08-28,224.80479431152344,0.0,228.14971479709,224.0008084384826,226.22414704916858,0.0,38052200
2024-08-29,228.08026123046875,0.0,231.18697758967758,227.1770435151196,228.38796742499142,0.0,51906300
2024-08-30,227.29612731933594,0.0,228.68570457235603,225.78743262658827,228.4772755570311,0.0,52990800
2024-09-03,221.11248779296875,0.0,227.2961293418145,219.52438650802387,226.84948058831634,0.0,50190600
2024-09-04,219.206787109375,0.0,220.12986023982222,215.86185105944423,220.01075793789536,0.0,43840200
2024-09-05,220.7253875732422,0.0,223.80231295165626,219.87178579311316,219.9809679444758,0.0,36615400
2024-09-06,219.17701721191406,0.0,223.5641288078718,218.1348266072838,222.28371844795942,0.0,48423000
2024-09-09,219.2663116455078,0.0,219.62363365317324,215.0975649862482,219.17698492990527,0.0,67180000
2024-09-10,218.47225952148438,0.0,219.83206111139577,215.1174037589381,217.29111136152258,0.0,51591000
2024-09-11,221.0032958984375,0.0,221.43008920211523,216.26878297144034,219.81222755985956,0.0,44587100
2024-09-12,221.11248779296875,0.0,221.8866830044339,218.1844402475294,220.84449248276735,0.0,37455600
2024-09-13,220.844482421875,0.0,222.37301734416337,220.25887596851652,221.91644846858938,0.0,36766600
2024-09-16,214.71046447753906,0.0,215.6037619118882,212.32831274384958,214.9288136198369,0.0,59357400
2024-09-17,215.17698669433594,0.0,215.28616885496612,212.9040318988166,214.14473138540643,0.0,45519300
2024-09-18,219.04795837402344,0.0,221.05293280374121,215.92138686335736,215.9313221513165,0.0,59894900
2024-09-19,227.16709899902344,0.0,228.11004268622213,222.95865620671253,223.31597824995185,0.0,66781300
2024-09-20,226.5020751953125,0.0,231.3556905514529,225.92638886705737,228.2589097535001,0.0,318679900
2024-09-23,224.78492736816406,0.0,227.74275012420983,224.12983453268782,225.64844919522082,0.0,54146000
2024-09-24,225.67825317382812,0.0,227.64353192764617,224.05045616714196,226.94872814757065,0.0,43556100
2024-09-25,224.68568420410156,0.0,225.59883710649478,222.35317851779175,223.2563961324406,0.0,42308700
2024-09-26,225.82713317871094,0.0,226.7998372114188,223.73283210674714,225.60876888531146,0.0,36636700
2024-09-27,226.09510803222656,0.0,227.81224676693589,225.60876359989413,226.76013618443497,0.0,34026000
2024-09-30,231.26637268066406,0.0,231.26637268066406,227.94129216556473,228.32838978012126,0.0,54541900
2024-10-01,224.52688598632812,0.0,227.9412778656533,222.07526286618742,227.81225543239978,0.0,63285000
2024-10-02,225.0926513671875,0.0,225.67825786117984,221.36063294746157,224.2092739820147,0.0,32880600
2024-10-03,223.99090576171875,0.0,225.12242301224842,221.65839996957536,223.4648504260935,0.0,34044200
2024-10-04,225.1125030517578,0.0,226.30357145139808,222.46237094034984,226.20430944090455,0.0,37245100
2024-10-07,220.04051208496094,0.0,224.01074997862722,219.68319006872073,222.8296017820206,0.0,39505400
2024-10-08,224.0901641845703,0.0,224.298593199742,221.58890998571715,222.63110049734397,0.0,31855700
2024-10-09,227.8321075439453,0.0,228.04055170887608,223.1571606453159,223.554178398676,0.0,33591100
2024-10-10,227.3358154296875,0.0,227.7923994519787,225.47973405841245,226.0851959438118,0.0,28183500
2024-10-11,225.85691833496094,0.0,227.70307961960657,225.6484741750507,227.5938974682738,0.0,31759200
2024-10-14,229.57901000976562,0.0,230.0058033150611,226.89910245149323,226.99834931201846,0.0,39882100
2024-10-15,232.11004638671875,0.0,235.7229623804217,230.6410474142004,231.87182665313995,0.0,64751400
2024-10-16,230.05543518066406,0.0,230.3929017691756,228.12986736523644,229.87678174389526,0.0,34082200
2024-10-17,230.4226837158203,0.0,232.11004699556463,228.8048220166126,231.69315867439417,0.0,32993800
2024-10-18,233.25148010253906,0.0,234.4226930307779,232.26884075534687,234.4226930307779,0.0,46431500
2024-10-21,234.720458984375,0.0,235.08771628667242,232.7055644739604,232.7055644739604,0.0,36254500
2024-10-22,234.10508728027344,0.0,234.4624093106695,230.86934872103873,232.14974382855843,0.0,38846600
2024-10-23,229.04302978515625,0.0,233.39044533687328,226.0653512199268,232.33833466706656,0.0,52287000
2024-10-24,228.8544464111328,0.0,229.10258628095696,226.71051430099084,228.26882480795348,0.0,31109500
2024-10-25,229.68821716308594,0.0,231.48474758840828,227.86191116183892,228.03064447383113,0.0,38802300
2024-10-28,231.6633758544922,0.0,232.98348177622344,230.81970938626554,231.5839844241638,0.0,36087100
2024-10-29,231.93136596679688,0.0,232.5864588417728,230.59141979007921,231.36561495313973,0.0,35417200
2024-10-30,228.38795471191406,0.0,231.73287549326048,227.8420439394486,230.8792736886572,0.0,47070900
2024-10-31,224.22911071777344,0.0,228.11994197442104,223.693120129287,227.63358238786932,0.0,64370100
2024-11-01,221.25144958496094,0.0,223.67329727363756,218.63109301833273,219.32588166379162,0.0,65276700
2024-11-04,220.3581085205078,0.0,221.13230364643434,218.07523400035532,219.34570882983752,0.0,44944500
2024-11-05,221.78741455078125,0.0,222.28369429475046,219.49460455688452,220.14969745378525,0.0,28111300
2024-11-06,221.06283569335938,0.0,224.38791581537038,219.54422098922427,220.95365355112233,0.0,54561100
2024-11-07,225.78744506835938,0.0,226.18447798056903,222.89910825147632,222.95865940199351,0.0,42137700
2024-11-08,225.51914978027344,0.25,227.20835428792034,224.9726384261151,225.72780810336752,0.0,38328800
2024-11-11,222.8064727783203,0.0,224.26714170400084,220.0938084143074,223.57158868270503,0.0,42005600
2024-11-12,222.8064727783203,0.0,224.15783943194586,221.9420008205612,223.12444853772337,0.0,40398300
2024-11-13,223.69082641601562,0.0,225.2111120360391,221.34580821096,222.58787261698694,0.0,48566200
2024-11-14,226.77114868164062,0.0,227.41701609796436,223.57158960851197,223.59146688403666,0.0,44923900
2024-11-15,223.5715789794922,0.0,225.4793879673537,222.84621765747355,224.96268496170848,0.0,47923700
2024-11-18,226.57241821289062,0.0,228.28149999782985,223.74050538640262,223.8199993254601,0.0,44633700
2024-11-19,226.83074951171875,0.0,228.69881907074455,225.22103903072198,225.53899960732684,0.0,36211800
2024-11-20,227.5461883544922,0.0,228.47027695087482,224.45593165289552,226.61215353970658,0.0,35169600
2024-11-21,227.0692596435547,0.0,228.6988476019872,224.27710117470866,227.42697481306035,0.0,42108300
2024-11-22,228.41067504882812,0.0,229.25528492407807,226.61216818417898,226.61216818417898,0.0,38168300
2024-11-25,231.39163208007812,0.0,231.76922452168117,228.2815130321861,229.99059491471002,0.0,90152800
2024-11-26,233.56771850585938,0.0,234.07449047305911,231.84870566104107,231.84870566104107,0.0,45986200
2024-11-27,233.43856811523438,0.0,234.19375305105456,232.3256831511884,232.98149686010998,0.0,33498400
2024-11-29,235.82333374023438,0.0,236.30028225823045,232.4846637904217,233.31932748739487,0.0,28481400
2024-12-02,238.06895446777344,0.0,239.26133321145704,235.654388648958,235.76369091824088,0.0,48137100
2024-12-03,241.10952758789062,0.0,241.21882985808793,237.3833345065081,238.28756099978403,0.0,38861000
2024-12-04,241.46725463867188,0.0,242.56027739454964,239.7184333911867,241.32814402991647,0.0,44383900
2024-12-05,241.49705505371094,0.0,242.98753231090083,240.59284370740727,242.4410361127995,0.0,40033900
2024-12-06,241.29832458496094,0.0,243.0769692456264,240.5431549096241,241.36788746709487,0.0,36870600
2024-12-09,245.18348693847656,0.0,245.67038159068719,240.21522985765637,240.29472379037958,0.0,44649200
2024-12-10,246.19703674316406,0.0,246.63424582967986,243.7824557106041,245.32261857013248,0.0,36914800
2024-12-11,244.92515563964844,0.0,249.2077910379196,244.69660488558225,246.38582450957213,0.0,45205800
2024-12-12,246.3858184814453,0.0,247.1608653940442,244.1202792424049,245.32260415969785,0.0,32777500
2024-12-13,246.5547332763672,0.0,247.7073574078961,244.6767326870094,246.24670376010008,0.0,33155300
2024-12-16,249.44627380371094,0.0,249.7841268474892,246.07779571830554,246.4156487620838,0.0,51694800
2024-12-17,251.8707733154297,0.0,252.21855739876366,248.19426586582333,248.49236434269267,0.0,51356400
2024-12-18,246.47525024414062,0.0,252.66569465886903,246.16722071424974,250.559158393614,0.0,56774100
2024-12-19,248.20420837402344,0.0,250.4001849209636,245.52135228225407,245.92875304737495,0.0,60882300
2024-12-20,252.8743896484375,0.0,253.3811464831127,244.13025293349912,246.4653249902114,0.0,147495300
2024-12-23,253.64942932128906,0.0,254.02700659111463,251.84097626600598,253.15260355822258,0.0,40858800
2024-12-24,256.56085205078125,0.0,256.5707679464462,253.6693071300515,253.86804957710976,0.0,23234700
2024-12-26,257.3755798339844,0.0,258.44874034869076,255.99442012888886,256.55086249805703,0.0,27237100
2024-12-27,253.96739196777344,0.0,257.05766400729357,251.45345479939442,256.19316170058187,0.0,42355300
2024-12-30,250.59889221191406,0.0,251.8906421270002,249.15810064436016,250.6287005424076,0.0,35557500
2024-12-31,248.83021545410156,0.0,251.6720594492945,247.84649497663966,250.83739579916153,0.0,39480700
2025-01-02,242.30191040039062,0.0,247.51858047528103,240.28479918438643,247.34964638751123,0.0,55740700
2025-01-03,241.81503295898438,0.0,242.62981931594805,240.3543640210219,241.81503295898438,0.0,40244100
2025-01-06,243.4446258544922,0.0,245.7598357483754,241.6560500607284,242.75900387005615,0.0,45045600
2025-01-07,240.67234802246094,0.0,243.9911405526811,239.81780708502322,241.4374487975533,0.0,40856000
2025-01-08,241.15921020507812,0.0,242.16280789951685,238.52603985831155,240.3841632667122,0.0,37628900
2025-01-10,235.3463592529297,0.0,238.63534322792128,231.52079498772144,238.48628640867517,0.0,61710900
2025-01-13,232.91192626953125,0.0,233.18021644375222,228.2616441132745,232.04745423938814,0.0,49630700
2025-01-14,231.7990264892578,0.0,234.62099318079112,230.99417118008773,233.25969544364762,0.0,39435300
2025-01-15,236.35987854003906,0.0,237.4429702030776,232.94171493841435,233.1503884256181,0.0,39832000
2025-01-16,226.8109130859375,0.0,236.4990163708154,226.58237745891398,235.84321782536014,0.0,71759100
2025-01-17,228.51998901367188,0.0,230.81532176659897,227.02951162481844,230.64640281529265,0.0,68488300
2025-01-21,221.2265625,0.0,222.99526090225285,217.98726416864307,222.57792910461188,0.0,98070400
2025-01-22,222.40899658203125,0.0,222.69714881925015,218.39463640105285,218.39463640105285,0.0,64126500
2025-01-23,222.24009704589844,0.0,225.58869773276695,220.88873040600683,223.3132424800993,0.0,60234800
2025-01-24,221.3656768798828,0.0,224.19758968028435,220.00437919561992,223.35297985225768,0.0,54697900
2025-01-27,228.40072631835938,0.0,230.67618150163648,222.5580508531902,222.5978054024586,0.0,94863400
2025-01-28,236.74740600585938,0.0,238.66516132615985,229.3447052045828,229.3844597561093,0.0,75707600
2025-01-29,237.84043884277344,0.0,238.33726462451705,232.52439691334908,232.63369919180946,0.0,45486100
2025-01-30,236.08164978027344,0.0,239.26133146080375,235.7040725307193,237.1547951903121,0.0,55658300
2025-01-31,234.5017547607422,0.0,245.62071750771995,231.95800933839706,245.62071750771995,0.0,100959800
2025-02-03,226.56248474121094,0.0,230.35824094469035,224.2671520837408,228.52992572925916,0.0,73063300
2025-02-04,231.3220672607422,0.0,231.64997406812495,225.21110156992967,225.80729852188347,0.0,45067300
2025-02-05,230.99417114257812,0.0,231.19289841511937,226.82083777153602,227.0791817096477,0.0,39620300
2025-02-06,231.7394256591797,0.0,232.31574540236795,228.96712922491054,229.8216702010973,0.0,29925300
2025-02-07,226.1848907470703,0.0,232.51444580894437,225.81722939017394,231.1233398047693,0.0,39707200
2025-02-10,226.45347595214844,0.25,229.3780258753388,226.00584416726187,228.36339787721977,0.0,33115600
2025-02-11,231.3973388671875,0.0,233.99362125199642,226.93094812871882,227.000572314181,0.0,53718400
2025-02-12,235.62501525878906,0.0,235.71455375787428,229.4675472393098,229.98481838871234,0.0,45243300
2025-02-13,240.26052856445312,0.0,241.06626881430705,234.33186254170715,235.66481592241834,0.0,53614100
2025-02-14,243.31439208984375,0.0,244.25939586817944,239.72336558929686,239.981993568851,0.0,40896200
2025-02-18,243.18505859375,0.0,243.89131830963376,240.56887710589865,242.86673323889264,0.0,48822500
2025-02-19,243.5829620361328,0.0,244.716969605811,241.88195827091008,243.37407429304395,0.0,32204200
2025-02-20,244.53790283203125,0.0,245.4829065325138,243.00598867544505,243.6525813389452,0.0,32316900
2025-02-21,244.25938415527344,0.0,247.38287960480025,243.93111682470231,244.6572756706751,0.0,53197400
2025-02-24,245.80123901367188,0.0,247.551982922016,243.1353173033831,243.64263125957103,0.0,51326400
2025-02-25,245.74156188964844,0.0,248.68601093773057,243.62276739789988,246.69652285022872,0.0,48013300
2025-02-26,239.09664916992188,0.0,243.6923612222431,237.8731183985742,243.0457837458091,0.0,44433600
2025-02-27,236.0527801513672,0.0,241.18566339775504,235.8140361008641,238.15169082894494,0.0,41153600
2025-02-28,240.5688934326172,0.0,240.8175794410065,228.9900734891547,235.70459571566596,0.0,56833400
2025-03-03,236.77890014648438,0.0,242.7473638198223,234.8689935924468,240.51913191748446,0.0,47184000
2025-03-04,234.68994140625,0.0,238.80819608105105,233.44651142335266,236.46059966619734,0.0,53798100
2025-03-05,234.50094604492188,0.0,235.30668622205877,228.02515316620742,234.18262069274581,0.0,47227600
2025-03-06,234.09310913085938,0.0,236.60981025581015,231.93451645578955,233.20778757123546,0.0,45170400
2025-03-07,237.81344604492188,0.0,240.10134501237943,233.5260868229449,233.8742532807345,0.0,46273600
2025-03-10,226.2843475341797,0.0,234.91873283818802,223.041487749586,234.30198127309518,0.0,72071200
2025-03-11,219.67926025390625,0.0,224.65298022983382,216.30707871737093,222.63365113389432,0.0,76137400
2025-03-12,215.83956909179688,0.0,220.58450266635003,213.78045671174684,218.98296406915986,0.0,62547500
2025-03-13,208.57791137695312,0.0,215.70028194858565,207.3245394208188,214.81496040955514,0.0,61368300
2025-03-14,212.36788940429688,0.0,212.82546311709572,208.47843695256688,210.13965751241793,0.0,60107600
2025-03-17,212.87522888183594,0.0,214.08881784956162,208.86641153353526,212.18885305172668,0.0,48073400
2025-03-18,211.57211303710938,0.0,214.019174884069,210.3784232206469,213.0343879953175,0.0,42432400
2025-03-19,214.1087188720703,0.0,217.6102070663037,212.6265447449941,213.09407567170305,0.0,54385400
2025-03-20,212.97471618652344,0.0,216.34689805154306,211.1045924362575,212.86529372925065,0.0,48862900
2025-03-21,217.12277221679688,0.0,217.68976839110027,210.16950634984832,210.4480334492585,0.0,94127800
2025-03-24,219.56985473632812,0.0,220.31591279023903,217.43116105321957,219.83843988574125,0.0,44299500
2025-03-25,222.57395935058594,0.0,222.9221258053629,218.9232508666907,219.60962662242414,0.0,34493600
2025-03-26,220.36563110351562,0.0,223.83729303324841,219.31120492080973,222.3352199198642,0.0,34466100
2025-03-27,222.67344665527344,0.0,223.80745418869535,219.40073045135125,220.22636977863218,0.0,37094800
2025-03-28,216.7547149658203,0.0,222.6336557419088,216.5358700680628,220.504904155295,0.0,39818600
2025-03-31,220.9624786376953,0.0,224.4341253115235,215.09348022110552,215.86937928840504,0.0,65299300
2025-04-01,222.01690673828125,0.0,222.5043215641154,217.74944665223015,218.65466729819107,0.0,36412700
2025-04-02,222.71322631835938,0.0,224.0063965120705,219.85831598824518,220.15674221426906,0.0,35905900
2025-04-03,202.12203979492188,0.0,206.39944211542388,200.19223396809613,204.4596791341039,0.0,103419000
2025-04-04,187.38987731933594,0.0,198.82943318150367,186.3553350717911,192.87091122900438,0.0,125910900
2025-04-07,180.50625610351562,0.0,193.12954493623218,173.70219548773406,176.26863687444822,0.0,160466300
2025-04-08,171.51376342773438,0.0,189.33957458197378,168.32064359895526,185.71870692843436,0.0,120859500
2025-04-09,197.80484008789062,0.0,199.55558397169528,170.9865365771085,171.04621878540135,0.0,184395900
2025-04-10,189.4191436767578,0.0,193.7562279640405,182.03814529024513,188.07624843340898,0.0,121880000
2025-04-11,197.1085205078125,0.0,198.49121408156802,185.0820690088969,185.12186726950821,0.0,87435900
2025-04-14,201.45555114746094,0.0,211.82078139531484,200.10269875392328,210.32866545443895,0.0,101352900
2025-04-15,201.07754516601562,0.0,202.44033954558066,198.74984792281177,200.7990180691496,0.0,51343900
2025-04-16,193.24891662597656,0.0,199.64511311117855,191.35889396287376,197.31741584829123,0.0,59732400
2025-04-17,195.94467163085938,0.0,197.78495412822454,193.39812938355274,196.16351652823,0.0,52164700
2025-04-21,192.14476013183594,0.0,192.78139570274652,188.8123615658979,192.25418258208256,0.0,46742500
2025-04-22,198.69017028808594,0.0,200.53043756485187,194.93998119085117,195.08918671811182,0.0,52976400
2025-04-23,203.52464294433594,0.0,206.9067667134076,201.7341005812904,204.9172785719325,0.0,52929200
2025-04-24,207.27479553222656,0.0,207.73238443559362,201.87334307751462,203.81309077731203,0.0,47311000
2025-04-25,208.18002319335938,0.0,208.6475540878433,205.1162098506388,205.28531450927932,0.0,38222300
2025-04-28,209.03549194335938,0.0,210.38834431536768,206.36958545714222,208.8962283982374,0.0,38743100
2025-04-29,210.09988403320312,0.0,211.12446912484504,207.27479957627347,207.59312493762445,0.0,36827600
2025-04-30,211.3831024169922,0.0,212.4574277707069,205.5837430092506,208.19992461631293,0.0,52286500
2025-05-01,212.1988067626953,0.0,213.43227966302132,207.80202473083082,207.98108655162656,0.0,57365700
2025-05-02,204.27069091796875,0.0,205.9020705063368,201.09745506032002,205.0067917796952,0.0,101010600
2025-05-05,197.84463500976562,0.0,203.02725796650907,197.1682163705072,202.03251395918386,0.0,69018500
2025-05-06,197.4666290283203,0.0,199.59538061408486,195.98447015970467,197.1682179665783,0.0,51216500
2025-05-07,195.218505859375,0.0,198.39174158064424,192.23427392267118,198.1231564563361,0.0,68536700
2025-05-08,196.4519805908203,0.0,198.99852257626176,193.65673744886013,196.6807674405125,0.0,50478900
2025-05-09,197.4865264892578,0.0,199.48595647897335,196.50172445806652,197.95405738682032,0.0,36453900
2025-05-12,209.95703125,0.26,210.43514541512562,205.9330024837247,210.13632786154514,0.0,63775800
2025-05-13,212.0885772705078,0.0,212.55672123163643,208.17411437678524,209.59845628513955,0.0,51909300
2025-05-14,211.490966796875,0.0,213.09460539099953,209.7478820292828,211.5905625216416,0.0,49325800
2025-05-15,210.61444091796875,0.0,212.11848379882832,208.71198473801002,210.11641669484823,0.0,45029500
2025-05-16,210.42520141601562,0.0,211.73003772257164,208.94109887256835,211.52086084946143,0.0,54737900
2025-05-19,207.9550018310547,0.0,208.65223273202483,203.45285841572866,207.0884445111699,0.0,46140500
2025-05-20,206.04258728027344,0.0,207.64622592622177,204.2198167548668,206.84938410987283,0.0,42496600
2025-05-21,201.2914276123047,0.0,206.22186440009241,199.91689108628387,204.3592586621154,0.0,59211800
2025-05-22,200.56431579589844,0.0,201.94882252859867,198.91087172706415,199.91689038506837,0.0,46742400
2025-05-23,194.4983673095703,0.0,196.91875752656549,192.69552221161257,192.90468385583864,0.0,78432900
2025-05-27,199.41885375976562,0.0,199.94675818770216,196.64982526808055,197.51639769762102,0.0,56288500
2025-05-28,199.62803649902344,0.0,201.9289060786693,199.11008702875665,199.79736291846774,0.0,45339700
2025-05-29,199.15988159179688,0.0,203.0046291598645,197.72556941325453,202.77554227533128,0.0,51396800
2025-05-30,200.05633544921875,0.0,201.1619498266407,196.00241099917397,198.5821728136608,0.0,70819900
2025-06-02,200.90298461914062,0.0,201.3312933884623,199.3292261245183,199.4885975362889,0.0,35423300
2025-06-03,202.46676635742188,0.0,202.9647905668523,200.16589694161215,200.55435521702816,0.0,46381600
2025-06-04,202.01856994628906,0.0,205.42505409163678,201.30141378953226,202.10821066626008,0.0,43604000
2025-06-05,199.8372039794922,0.0,203.94091870107042,199.35908978394463,202.69585814733983,0.0,55126100
2025-06-06,203.11419677734375,0.0,204.8871617909174,201.2515910514923,202.19783403313102,0.0,46607700
2025-06-09,200.65394592285156,0.0,205.18596915505242,199.22960401477,203.58233063284266,0.0,72862600
2025-06-10,201.869140625,0.0,203.54250994980842,199.77744796710627,199.8073282051838,0.0,54672600
2025-06-11,197.99452209472656,0.0,203.69192080198684,197.62598900862739,202.6958722895077,0.0,60989900
2025-06-12,198.412841796875,0.0,198.8909407818671,196.58011635566137,198.29332085025015,0.0,43904600
2025-06-13,195.67372131347656,0.0,199.57822954037988,194.92668495173118,198.94075911963023,0.0,51447300
2025-06-16,197.63592529296875,0.0,197.90486262143017,195.78327462738756,196.52035592822918,0.0,43020700
2025-06-17,194.86692810058594,0.0,197.6060614779548,194.43863454049264,196.4207613301707,0.0,38856200
2025-06-18,195.80320739746094,0.0,196.7893008408277,194.2991796996429,195.16573699325735,0.0,45394700
2025-06-20,200.20574951171875,0.0,200.90298042554332,196.08210930882012,197.45666110928434,0.0,96813500
2025-06-23,200.70376586914062,0.0,201.50060768152076,198.17380945321412,200.83325703321927,0.0,55814300
2025-06-24,199.50851440429688,0.0,202.63610603642124,199.4089034764897,201.78945874554142,0.0,54064000
2025-06-25,200.76351928710938,0.0,202.8651820841085,199.82723133036671,200.65395335177794,0.0,39525700
2025-06-26,200.20574951171875,0.0,201.8392684520338,198.67184150130464,200.63404307360597,0.0,50799100
2025-06-27,200.28543090820312,0.0,202.41697405518968,199.20969672208463,201.09222774816857,0.0,73188600
2025-06-30,204.3592529296875,0.0,206.57048164253425,198.4726031076903,201.211736268348,0.0,91912800
2025-07-01,206.99879455566406,0.0,209.35942450018746,205.3254252695324,205.85332972802502,0.0,78788900
2025-07-02,211.6005401611328,0.0,212.49697770796604,207.31752868499885,208.08449026524102,0.0,67941800
2025-07-03,212.70616149902344,0.0,213.80180573654258,210.97303162710094,211.31168447150716,0.0,34955800
2025-07-07,209.12039184570312,0.0,215.37557557805084,207.9749420826709,211.8396001551979,0.0,50229000
2025-07-08,209.1801300048828,0.0,210.59451698338924,207.6262968509882,209.26978591644843,0.0,42848900
2025-07-09,210.3056640625,0.0,210.49491569520316,206.40115605631001,208.70202548866368,0.0,48749400
2025-07-10,211.57066345214844,0.0,212.63642743345136,209.2000631819418,209.67816220166208,0.0,44443600
2025-07-11,210.3256072998047,0.0,211.29177557167307,209.03074119537857,209.73794232575938,0.0,39765800
2025-07-14,207.79562377929688,0.0,210.07658325197187,206.71988962428105,209.10044482334126,0.0,38840100
2025-07-15,208.28370666503906,0.0,211.05272033528996,208.09445501444372,208.39327261019983,0.0,42296300
2025-07-16,209.3295440673828,0.0,211.5606828488181,207.8155461810567,209.4689902412225,0.0,47490500
2025-07-17,209.19009399414062,0.0,210.96305897069354,208.761785269157,209.7379236663323,0.0,48068100
2025-07-18,210.3455047607422,0.0,210.95309492429405,208.87135730762196,210.0367321724359,0.0,48974600
2025-07-21,211.64036560058594,0.0,214.92732845073886,210.7937335563828,211.2618775331451,0.0,51377400
2025-07-22,213.5527801513672,0.0,214.1006098348481,211.39135685335447,212.29776458434165,0.0,46404100
2025-07-23,213.3037872314453,0.0,214.29983576430007,211.5706725113145,214.15043456376964,0.0,46989300
2025-07-24,212.91531372070312,0.0,214.83769515517375,212.68622683006964,213.05475989741393,0.0,46022600
2025-07-25,213.03485107421875,0.0,214.38947759784276,212.5567368669443,213.85160291428238,0.0,40268800
2025-07-28,213.2041778564453,0.0,214.00101967144602,212.2180844005514,213.18425263148458,0.0,37858000
2025-07-29,210.43516540527344,0.0,213.96117031669576,209.9869466315705,213.33365491441555,0.0,51411700
2025-07-30,208.2239227294922,0.0,211.55072076453234,206.89917652304968,211.06265157316113,0.0,45512500
2025-07-31,206.74978637695312,0.0,209.01080544085684,206.3414028602417,207.66614913739534,0.0,80698400
2025-08-01,201.58030700683594,0.0,212.7360475386617,200.7037794341265,210.03674932642843,0.0,104434500
2025-08-04,202.54644775390625,0.0,207.05854577965718,200.88303355505576,203.70185234439666,0.0,75109300
2025-08-05,202.11814880371094,0.0,204.52858421879685,201.36115745633876,202.59624780213056,0.0,44155100
2025-08-06,212.4073486328125,0.0,214.5289368613384,204.77761325937152,204.81746371165528,0.0,108483100
2025-08-07,219.16053771972656,0.0,219.97730473834642,215.7241736307253,218.01508808955717,0.0,90224800
2025-08-08,228.44374084472656,0.0,230.08721487155407,218.38364441813084,219.95740294972967,0.0,113854000
2025-08-11,226.53909301757812,0.26,228.91238364576833,224.12592192869855,227.27701087414155,0.0,61806100
2025-08-12,229.0021209716797,0.0,230.14888579943394,226.429412881848,227.36674823663387,0.0,55626200
2025-08-13,232.6717529296875,0.0,234.33703985510917,229.77992501054072,230.4181341091737,0.0,69878500
2025-08-14,232.12330627441406,0.0,234.4567012802976,230.19875827485632,233.39969406647393,0.0,51916300
2025-08-15,230.93667602539062,0.0,233.61908991261305,228.6930233233153,233.33988101583648,0.0,56038700
2025-08-18,230.23863220214844,0.0,232.46233685580373,229.46083388892833,231.04634466466607,0.0,37476200
2025-08-19,229.90957641601562,0.0,232.21305735738468,228.70299840660482,230.6275464777077,0.0,39402600
2025-08-20,225.3723907470703,0.0,229.81981519856654,225.13307755654054,229.33119207499826,0.0,42263900
2025-08-21,224.26551818847656,0.0,225.88095827873425,223.14868274098328,225.63166356522294,0.0,30621200
2025-08-22,227.11746215820312,0.0,228.44371192910324,224.77410085849388,225.53195134940427,0.0,42477800
2025-08-25,226.5191650390625,0.0,228.65312729963858,225.59178073979155,225.84107546750252,0.0,30983100
2025-08-26,228.6630859375,0.0,228.84258604761433,224.05612439304167,226.22996704217394,0.0,54575100
2025-08-27,229.8397674560547,0.0,230.24859923631865,227.6160475796746,227.96506627689797,0.0,31259500
2025-08-28,231.90391540527344,0.0,232.7515235304584,228.692998228932,230.16883391080088,0.0,38074700
2025-08-29,231.485107421875,0.0,232.7216147258446,230.71727541448905,231.85405874294378,0.0,39418400
2025-09-02,229.07192993164062,0.0,230.19874691737337,226.3296880547272,228.60325464814514,0.0,44075600
2025-09-03,237.7972412109375,0.0,238.1761740423919,233.69883553511272,236.54080133953738,0.0,66427800
2025-09-04,239.10354614257812,0.0,239.2232027368954,236.0721290991865,237.77729643117493,0.0,47549400
2025-09-05,239.01380920410156,0.0,240.63921565449175,237.8171975861315,239.3229322237051,0.0,54870400
2025-09-08,237.20892333984375,0.0,239.47250850410185,235.6732593017711,238.62491556233425,0.0,48999500
2025-09-09,233.6888885498047,0.0,238.10638391026913,232.70167593051625,236.33140663047269,0.0,66313900
2025-09-10,226.1501922607422,0.0,231.76431424305812,225.31256565050364,231.53496736029473,0.0,83440800
2025-09-11,229.3810577392578,0.0,229.7998710451417,226.010588238333,226.23995033725743,0.0,50208600
2025-09-12,233.40966796875,0.0,233.84841389514688,228.3739115767776,228.5733443098202,0.0,55824200
2025-09-15,236.03224182128906,0.0,237.5180438551372,234.36695488957946,236.33139853346725,0.0,42699500
2025-09-16,237.4781494140625,0.0,240.53949594661788,235.65332541334,236.51088466190768,0.0,63421100
2025-09-17,238.3157958984375,0.0,239.42266510979977,237.05934071942244,238.2958480596019,0.0,46508000
2025-09-18,237.20892333984375,0.0,240.51954939992544,235.98238232851827,239.29302360434258,0.0,44249600
2025-09-19,244.80740356445312,0.0,245.60514967420656,239.53233423145286,240.54944568604057,0.0,163741300
2025-09-22,255.35755920410156,0.0,255.9160073848096,247.42002368458668,247.5995237986898,0.0,105517400
2025-09-23,253.7122344970703,0.0,256.6140289111009,252.86464151383097,255.15815615601056,0.0,60275200
2025-09-24,251.59820556640625,0.0,255.01853710208397,250.33178410429736,254.49999981420794,0.0,42303700
2025-09-25,256.1453552246094,0.0,256.44452717224715,250.99992334214926,252.4956917858775,0.0,55202100
2025-09-26,254.73931884765625,0.0,256.87328100426123,253.06405044687503,253.38315498635407,0.0,46076300
2025-09-29,253.7122344970703,0.0,254.28063380560434,252.29624220529692,253.8418726304012,0.0,40127700
2025-09-30,253.9116668701172,0.0,255.1980209495745,252.39595068950493,254.1410137555297,0.0,37704300
2025-10-01,254.72933959960938,0.0,258.0599285933123,254.21080232618834,254.32049261064776,0.0,48713900
2025-10-02,256.40460205078125,0.0,257.45162766856953,253.43299812845933,255.85613542550084,0.0,42630200
2025-10-03,257.2920837402344,0.0,258.5086431914624,253.23357360959045,253.9515436206674,0.0,49155600
2025-10-06,255.96585083007812,0.0,258.3391414491699,254.33047806472084,257.2621712100349,0.0,44664100
2025-10-07,255.7564697265625,0.0,256.67385732493904,254.7094135633123,256.08552539236376,0.0,31955800
2025-10-08,257.33197021484375,0.0,257.7906639625656,255.3874592951906,255.7963062732735,0.0,36496900
2025-10-09,253.32330322265625,0.0,257.27213808351553,252.42584836214985,257.08267167133846,0.0,38322000
2025-10-10,244.57806396484375,0.0,255.6567217403356,243.3116425485481,254.2207817432353,0.0,61999100
2025-10-13,246.96131896972656,0.0,248.98559082884384,244.86723728717817,248.6764678182016,0.0,38142900
2025-10-14,247.07101440429688,0.0,248.14796941642882,244.00966795095763,245.90431694508948,0.0,35478000
2025-10-15,248.63658142089844,0.0,251.10959602979932,246.77186176083558,248.78616738422895,0.0,33893600
2025-10-16,246.75192260742188,0.0,248.33743345063007,244.43847540742667,247.54966879270205,0.0,39777000
2025-10-17,251.57826232910156,0.0,252.66519891282977,246.57243512001992,247.32031930793073,0.0,49147000
2025-10-20,261.5001525878906,0.0,263.6341297765207,254.90881548292631,255.16807648712648,0.0,90483000
2025-10-21,262.0286865234375,0.0,264.5415968076956,261.0913359303388,261.141213133835,0.0,46695900
2025-10-22,257.72088623046875,0.0,262.1084670888602,254.70938662410154,261.9090191460537,0.0,45015300
2025-10-23,258.84771728515625,0.0,259.88479198943105,257.2821693476752,259.20671755765045,0.0,32754900
2025-10-24,262.07855224609375,0.0,263.3848541030092,258.44880663072195,260.4531458541269,0.0,38253700
2025-10-27,268.0516357421875,0.0,268.3607587413759,263.9033682058253,264.13273028939324,0.0,44888200
2025-10-28,268.2410888671875,0.0,269.12859257872884,267.39348082722177,268.23110734142335,0.0,41534800
2025-10-29,268.93914794921875,0.0,270.6443152614699,266.35642794866993,268.5203194424725,0.0,51086700
2025-10-30,270.63433837890625,0.0,273.36662916750566,267.72259312931254,271.2226702585742,0.0,69886500
2025-10-31,269.60723876953125,0.0,276.53764389728985,268.4006608909581,276.2085578376442,0.0,86167100
2025-11-03,268.2909851074219,0.0,270.08592548154905,265.4988962118729,269.6571458353552,0.0,50194600
2025-11-04,269.2781982421875,0.0,270.72408938596277,266.86501191822913,267.5730004152706,0.0,49274800
2025-11-05,269.3778991699219,0.0,270.93349568379296,266.17693326929896,267.8521863717013,0.0,43683100
2025-11-06,269.0089416503906,0.0,272.6287059365568,267.1342708755924,267.1342708755924,0.0,51204000
2025-11-07,267.7126159667969,0.0,271.5218466038475,266.0173996929098,269.03885049148494,0.0,48227400
2025-11-10,268.9303283691406,0.26,273.2223721938244,266.9639805623884,268.46119877683986,0.0,41312400
2025-11-11,274.73956298828125,0.0,275.3983427074405,269.2996575494418,269.3096487524697,0.0,46208300
2025-11-12,272.962890625,0.0,275.2187095291286,271.19618380015726,274.49005224267427,0.0,48398000
2025-11-13,272.4438171386719,0.0,276.1868626363035,271.58539619817094,273.6016390736082,0.0,49602800
2025-11-14,271.90484619140625,0.0,275.4482508823214,269.10005949599775,270.5473523374902,0.0,47431300
2025-11-17,266.9639892578125,0.0,269.98836893107386,265.237217022597,268.3214829895084,0.0,45018300
2025-11-18,266.94403076171875,0.0,270.20795552947055,264.8279672087311,269.48928956232544,0.0,45677300
2025-11-19,268.0619812011719,0.0,271.70520656667077,265.0076580872151,265.0376012369211,0.0,40424500
2025-11-20,265.7562561035156,0.0,274.91922505965954,265.42688147061517,270.327749378444,0.0,45823600
2025-11-21,270.98651123046875,0.0,272.8230952896135,265.17732758833057,265.4568071090486,0.0,59030800
2025-11-24,275.4083557128906,0.0,276.48633959077114,270.397645153795,270.397645153795,0.0,65585800
2025-11-25,276.45635986328125,0.0,279.8600396675645,274.7395483878858,274.75950033189645,0.0,46914200
2025-11-26,277.0353088378906,0.0,279.0116481613461,276.11703191175064,276.4464065684995,0.0,33431400
2025-11-28,278.3328857421875,0.0,278.4826014787427,275.4781737009374,276.7458380127342,0.0,20135600
2025-12-01,282.57501220703125,0.0,282.89442609469603,275.62792768573877,277.4944549964911,0.0,46587700
2025-12-02,285.6592712402344,0.0,286.86701880065203,282.10587559562896,282.47518456741903,0.0,53669500
2025-12-03,283.623046875,0.0,288.0847586222564,282.77461708045536,285.6692634925469,0.0,43538700
2025-12-04,280.179443359375,0.0,284.20196835267484,278.07334059490756,283.5731318378766,0.0,43989100
2025-12-05,278.26300048828125,0.0,280.6186397013617,277.53434330937836,280.01974631085085,0.0,47265800
2025-12-08,277.3746643066406,0.0,279.15136205700173,275.6378704438954,277.6142094762677,0.0,38211800
2025-12-09,276.6659851074219,0.0,279.5107061083118,276.4064879695729,277.6441787437343,0.0,32193300
2025-12-10,278.26300048828125,0.0,279.2312028389952,275.92734368017386,277.23491184461454,0.0,33038300
2025-12-11,277.514404296875,0.0,279.07150890817053,273.3022288840155,278.5824273392719,0.0,33248000
2025-12-12,277.763916015625,0.0,278.70217518025987,276.30663218031253,277.38461586894516,0.0,39532900
2025-12-15,273.6016540527344,0.0,279.63046152672615,272.33402020742307,279.63046152672615,0.0,50409100
2025-12-16,274.1007385253906,0.0,274.9891026980292,271.2859911871425,272.3140798989353,0.0,37648600
2025-12-17,271.33587646484375,0.0,275.6478724530811,271.13626563598973,274.50001118897205,0.0,50138700
2025-12-18,271.68524169921875,0.0,273.12257373871984,266.4549687260805,273.1025913325419,0.0,51630700
2025-12-19,273.1625061035156,0.0,274.09077415448866,269.399477884542,271.6453053723066,0.0,144632000
2025-12-22,270.4674987792969,0.0,273.37210596231955,270.00836035897595,272.3539780142796,0.0,36571800
2025-12-23,271.85491943359375,0.0,271.99467443806464,269.06012395403746,270.3377490962612,0.0,29642000
2025-12-24,273.3022155761719,0.0,274.9192064044749,271.69521595033444,271.8349404799371,0.0,17910600
2025-12-26,272.89300537109375,0.0,274.8593534534055,272.35399820928086,273.65160578690546,0.0,21521800
2025-12-29,273.2523498535156,0.0,273.8512128461511,271.8449608988494,272.1843267483383,0.0,23715200
2025-12-30,272.57354736328125,0.0,273.57169281796894,271.77504318392386,272.30405905646904,0.0,22139600
2025-12-31,271.3558349609375,0.0,273.17246717497864,271.24605357156486,272.553621806917,0.0,27293600
2026-01-02,270.5074462890625,0.0,277.32476727085935,268.5011639041959,271.7551282774649,0.0,37838100
2026-01-05,266.764404296875,0.0,271.00652312062255,265.64648609237463,270.1381413175191,0.0,45647200
2026-01-06,261.87347412109375,0.0,267.05385240251036,261.63392891626114,266.5048844877732,0.0,52352100
2026-01-07,259.84722900390625,0.0,263.1910228349833,259.3282042611396,262.7119324450406,0.0,48309800
2026-01-08,258.55963134765625,0.0,258.80916773471864,255.22581364132833,256.5433578451618,0.0,50419300
2026-01-09,258.8890075683594,0.0,259.7274461787287,255.74485516422806,258.5995368285105,0.0,39997000
2026-01-12,259.7673645019531,0.0,260.81540508500296,256.32375036738995,258.679389570116,0.0,45263800
2026-01-13,260.5658874511719,0.0,261.3244878277737,257.9108470550362,258.24022168851656,0.0,45730800
2026-01-14,259.4779052734375,0.0,261.33447181199796,256.23393227813756,259.0087756526009,0.0,40019400
2026-01-15,257.7311706542969,0.0,260.55593980217856,256.57331808587395,260.16664839115424,0.0,39388600
2026-01-16,255.05612182617188,0.0,258.41986733264514,254.4572284259222,257.4217218192236,0.0,72142800
2026-01-20,246.2425079345703,0.0,254.31750190322293,242.9685916985444,252.26132447540706,0.0,80267500
2026-01-21,247.1907501220703,0.0,251.09350304772093,244.72532928784554,248.23880604127606,0.0,54641700
2026-01-22,247.8894500732422,0.0,250.53452965267718,247.68980878155546,248.737864640942,0.0,39708300
2026-01-23,247.58001708984375,0.0,248.94748685874615,244.22624741136653,246.86136630134166,0.0,41689000
2026-01-26,254.93637084960938,0.0,256.08423219515316,249.33677343540953,251.01365072947274,0.0,55969200
2026-01-27,257.7910461425781,0.0,261.4642450011371,257.73115984508394,258.6894015269614,0.0,49648300
2026-01-28,255.96444702148438,0.0,258.3799421919039,254.03801819206552,257.1721946066941,0.0,41288000
2026-01-29,257.801025390625,0.0,259.16847988830324,253.93820707645818,257.52154586161765,0.0,67253000
2026-01-30,258.99884033203125,0.0,261.4143357105436,251.71235892004358,254.6968198516284,0.0,92443400
2026-02-02,269.50927734375,0.0,269.98836769074944,258.72928762151224,259.5477742456141,0.0,73913400
2026-02-03,268.98028564453125,0.0,271.3758289780004,267.11372779647115,268.70080609664296,0.0,64394700
2026-02-04,275.97723388671875,0.0,278.432693698261,271.7850411492978,271.7850411492978,0.0,90545700
2026-02-05,275.3983459472656,0.0,278.98168486317746,272.72332314901723,277.6142303156022,0.0,52977400
2026-02-06,277.6042175292969,0.0,280.3890519626743,276.4164219647768,276.6060720438839,0.0,50453400
2026-02-09,274.3672180175781,0.26,277.9439398399519,271.4499228389202,277.6541982366954,0.0,44623400
2026-02-10,273.4280700683594,0.0,275.11651686144285,272.68876099546605,274.6369782150198,0.0,34376900
2026-02-11,275.24639892578125,0.0,279.92208361183503,274.1973776592452,274.44714753122867,0.0,51931300
2026-02-12,261.4891052246094,0.0,275.46621856633783,259.94051360693726,275.3363333447182,0.0,81077200
2026-02-13,255.5445556640625,0.0,261.9886306947134,255.21485759663088,261.7688319830923,0.0,56290700
2026-02-17,263.6371154785156,0.0,266.0449008431299,255.30478047881587,257.8124646511843,0.0,58469100
2026-02-18,264.106689453125,0.0,266.57441720150126,262.20844437502524,263.35737977838915,0.0,34203300
2026-02-19,260.3401184082031,0.0,264.2365527856389,259.81060750150084,262.35827847824623,0.0,30845300
2026-02-20,264.3364562988281,0.0,264.5063132392292,257.9223826043077,258.73163460792017,0.0,42070500
2026-02-23,265.9349670410156,0.0,269.1819753311392,263.13755670993424,263.24744081710827,0.0,37308200
2026-02-24,271.8895263671875,0.0,274.6369951599546,267.46358073991865,267.61343657617186,0.0,47014600
2026-02-25,273.97760009765625,0.0,274.6869380517792,270.8005039088116,271.5298429675081,0.0,33714300
2026-02-26,272.6987609863281,0.0,275.8558253670768,270.55071567552415,274.6969199809464,0.0,32345100
2026-02-27,263.93682861328125,0.0,272.5588900215503,262.6480379442022,272.5588900215503,0.0,72366500
2026-03-02,264.476318359375,0.0,266.2846497598317,259.960490133898,262.16844722421786,0.0,41827900
2026-03-03,263.5072326660156,0.0,265.31556422164516,259.8905695547566,263.23749216234586,0.0,38568900
2026-03-04,262.2783508300781,0.0,265.9050144519466,261.179387723623,264.4063951364299,0.0,39803100
2026-03-05,260.0504150390625,0.0,261.3192350446657,257.01320478174756,260.54995479568396,0.0,49658600
2026-03-06,257.2229919433594,0.0,258.53178361058343,254.13584003818684,258.39192833924307,0.0,41120000
2026-03-09,259.6407775878906,0.0,260.9095975388004,253.44647267699952,255.45463216869055,0.0,38218500
2026-03-10,260.58990478515625,0.0,262.2384104290217,256.71350175461305,257.4128391437035,0.0,30590800
2026-03-11,260.5699157714844,0.0,261.888707997661,259.3110658747261,260.8496568052655,0.0,26218900
2026-03-12,255.52456665039062,0.0,258.71164792954545,253.94601921584928,258.4219063383753,0.0,40794000
2026-03-13,249.8897705078125,0.0,256.0940459350445,249.29033192864068,255.24483747003174,0.0,36930000
2026-03-16,252.58729553222656,0.0,253.6563027081548,249.6499992581203,251.87794235419486,0.0,32074200
2026-03-17,253.99598693847656,0.0,254.89516767044782,251.94787083452104,252.72716690012706,0.0,32361600
2026-03-18,249.70994567871094,0.0,254.70534343896443,248.7708084606242,252.3974721128864,0.0,35757900
2026-03-19,248.73085021972656,0.0,251.5982036354298,247.0723745163624,249.17043241392184,0.0,34864100
2026-03-20,247.76173400878906,0.0,248.97061168291066,245.77356028907465,247.7517334570195,0.0,88331100
2026-03-23,251.25851440429688,0.0,254.3656523266213,250.0496214753341,253.73622734962268,0.0,40546100
2026-03-24,251.4083709716797,0.0,254.5954370944537,249.32029842391177,250.1195650925759,0.0,45152300
2026-03-25,252.38746643066406,0.0,254.76528059453105,251.3684162845015,253.86611511385965,0.0,28476700
2026-03-26,252.6572265625,0.0,256.76344411909713,250.53918279672283,251.88793104116345,0.0,41796700
2026-03-27,248.57098388671875,0.0,255.2548282141602,247.8416601166152,253.666280215245,0.0,47900000
2026-03-30,246.40298461914062,0.0,250.63907198816298,245.28400520065438,249.83982057534305,0.0,39446200
2026-03-31,253.55638122558594,0.0,255.24482803058763,246.87255213324852,247.6818040942864,0.0,49598100
2026-04-01,255.3946990966797,0.0,255.94418062939917,253.096813183035,253.8461228128272,0.0,40059400
2026-04-02,255.68443298339844,0.0,255.89424639361263,250.4192795609811,253.96601496217014,0.0,31289400
2026-04-06,258.6217041015625,0.0,261.9186847371787,256.2239194053331,256.27389167390277,0.0,29329900
2026-04-07,253.26666259765625,0.0,255.96418954301222,245.47383916108728,255.92421782448065,0.0,62148000
2026-04-08,258.66168212890625,0.0,259.51090582044134,256.29386854025813,258.2121146377317,0.0,41032800
2026-04-09,260.2502136230469,0.0,260.879638597066,255.8342992320816,258.7615948993736,0.0,28121600
2026-04-10,260.240234375,0.0,261.94865175168746,258.78155637925676,259.7406946341393,0.0,31291500
2026-04-13,258.96142578125,0.0,259.9405042051452,256.4237552437805,259.49093671136296,0.0,36234700
2026-04-14,258.59173583984375,0.0,261.68888841493145,256.9532612999924,259.01136264890187,0.0,48370700
2026-04-15,266.18475341796875,0.0,266.3146386359468,257.57269269729437,257.92237663273806,0.0,49913500
2026-04-16,263.15753173828125,0.0,266.91408037974617,261.0294875448873,266.55439590858066,0.0,43323100
2026-04-17,269.98126220703125,0.0,272.0493335842862,266.47448343207725,266.7142527536172,0.0,61436200
2026-04-20,272.79864501953125,0.0,274.0275237795767,270.04120633500696,270.08114756253855,0.0,36590200
2026-04-21,265.9250183105469,0.0,272.5488901425708,265.1557075406741,271.250098918132,0.0,50209800
2026-04-22,272.9185791015625,0.0,273.48803128351057,266.62435952726383,267.5734973129919,0.0,43249200
2026-04-23,273.1783142089844,0.0,275.5161566987003,271.39995382845746,274.79681820267325,0.0,33399600
2026-04-24,270.81048583984375,0.0,272.80864483253174,269.4017800912603,272.50893317942314,0.0,38157100
2026-04-27,267.3636474609375,0.0,268.1129570778125,264.8260075108844,265.84505761361925,0.0,41466800
2026-04-28,270.4608154296875,0.0,272.97851539952296,268.4127145556596,272.0893199684016,0.0,40018900
2026-04-29,269.92132568359375,0.0,270.7905199823619,266.7942019267937,267.3037117460274,0.0,30047900
2026-04-30,271.1002502441406,0.0,275.7459641951834,267.893213328058,270.25102650288807,0.0,91848200
2026-05-01,279.88214111328125,0.0,286.95561044034525,278.1137509144006,278.6032901046287,0.0,79915400
2026-05-04,276.5751647949219,0.0,280.3716851917065,274.60697695873915,279.4025768563376,0.0,46668400
2026-05-05,283.9184265136719,0.0,284.30808218316156,276.2455026895375,276.6750995896243,0.0,49311700
2026-05-06,287.245361328125,0.0,287.76487170009636,280.8112868075762,281.66051049385584,0.0,58336100
2026-05-07,287.1754150390625,0.0,291.8611003514943,285.5169394038565,289.00371711581823,0.0,45224300
2026-05-08,293.0500183105469,0.0,294.4886952888782,289.7330669166447,289.7430674686918,0.0,52692800
2026-05-11,292.67999267578125,0.27,293.8800048828125,290.2300109863281,291.9800109863281,0.0,42247300
2026-05-12,294.79998779296875,0.0,295.2699890136719,292.55999755859375,292.55999755859375,0.0,45748100
2026-05-13,298.8699951171875,0.0,300.9200134277344,293.5,293.5,0.0,52684300
2026-05-14,298.2099914550781,0.0,300.45001220703125,295.3800048828125,299.82000732421875,0.0,35324900
2026-05-15,300.2300109863281,0.0,303.20001220703125,296.5199890136719,297.8999938964844,0.0,54721100
