Price,Close,Dividends,High,Low,Open,Stock Splits,Volume
Ticker,MSFT,MSFT,MSFT,MSFT,MSFT,MSFT,MSFT
Date,,,,,,,
2021-01-04,208.4065399169922,0.0,213.4900908644091,205.64935379985505,213.04013300201316,0.0,37130100
2021-01-05,208.60757446289062,0.0,209.2011442852732,206.5013971335944,207.9948680651304,0.0,23823000
2021-01-06,203.19850158691406,0.0,207.2576901048468,202.90172401611616,203.12191147056765,0.0,35930700
2021-01-07,208.98094177246094,0.0,209.98616708451945,204.59627029591414,204.9121844778068,0.0,27694500
2021-01-08,210.25425720214844,0.0,211.17332424076446,207.77471176782262,209.3543413498572,0.0,22956200
2021-01-11,208.21505737304688,0.0,209.5744991531238,207.48745852732125,209.15326079150833,0.0,23031300
2021-01-12,205.76422119140625,0.0,207.84169356915027,204.22289427900293,207.26727495468438,0.0,23249300
2021-01-13,207.11412048339844,0.0,207.51620772033212,204.80689205921024,204.89306508775417,0.0,20087100
2021-01-14,203.93565368652344,0.0,208.1863098788865,203.6675956030474,206.7024075258848,0.0,29480800
2021-01-15,203.5814666748047,0.0,205.36214696231852,202.98791144832447,204.41437517914176,0.0,31746500
2021-01-19,207.2098388671875,0.0,207.7268039408653,203.5623200569144,204.63455257006677,0.0,30480900
2021-01-20,214.77293395996094,0.0,216.16109525037086,208.02358090402097,208.4160998078411,0.0,37777300
2021-01-21,215.37606811523438,0.0,216.64935150148284,212.93481093432405,215.11757827987228,0.0,30709400
2021-01-22,216.31427001953125,0.0,220.25858092455158,216.17067267204894,217.39608539747118,0.0,30172700
2021-01-25,219.74159240722656,0.0,219.9809310487722,214.65804199808883,219.3490735291546,0.0,33152100
2021-01-26,222.42222595214844,0.0,224.1933234360386,220.26817781179568,221.97226806085106,0.0,49169600
2021-01-27,222.96792602539062,0.0,230.18638936387475,220.32563204875703,227.85044132559767,0.0,69870600
2021-01-28,228.74072265625,0.0,232.29251457356312,225.064484577097,225.56231304867134,0.0,49111200
2021-01-29,222.0679931640625,0.0,227.86956006122185,221.4840062376579,225.9261312717925,0.0,42503100
2021-02-01,229.43002319335938,0.0,232.15848963643907,222.5179218384246,225.03576910164196,0.0,33314200
2021-02-02,229.2960205078125,0.0,231.97661660777806,228.51099724463657,231.0096936130651,0.0,25916300
2021-02-03,232.6371612548828,0.0,234.63802880665224,229.0566498927126,229.35344208114293,0.0,27158100
2021-02-04,231.6893310546875,0.0,232.86688747417756,230.11927043676945,232.3116201740754,0.0,25296100
2021-02-05,231.8712921142578,0.0,232.90523688390178,230.16720201467962,231.9000115849641,0.0,18054800
2021-02-08,232.1297607421875,0.0,233.28815157632502,230.54054867068731,232.78075482945962,0.0,22211900
2021-02-09,233.37432861328125,0.0,234.3221002924528,231.08625176555742,231.55534615768994,0.0,23565000
2021-02-10,232.46482849121094,0.0,235.4326186992125,230.61712669579214,234.5518543054015,0.0,22186700
2021-02-11,234.06362915039062,0.0,234.69547207814844,231.8234083059105,234.3412555541554,0.0,15751100
2021-02-12,234.54229736328125,0.0,234.8390749376285,232.37866672281444,233.52748926560795,0.0,16561100
2021-02-16,233.3073272705078,0.0,235.6337066860198,232.56059180579354,234.5806107188213,0.0,26728500
2021-02-17,234.324462890625,0.56,234.43001503747345,231.19630371213563,231.56094106337903,0.0,21653500
2021-02-18,233.93106079101562,0.0,234.06539856792395,231.11955780224875,232.02154629365586,0.0,16925600
2021-02-19,231.22508239746094,0.0,233.9982091087317,230.46702209962763,233.89265696504796,0.0,25262600
2021-02-22,225.02630615234375,0.0,228.30799807606732,223.0016349040027,227.81862797364326,0.0,36446900
2021-02-23,223.8364715576172,0.0,225.33338218803956,219.48006278270333,221.01536399641307,0.0,30228700
2021-02-24,225.06471252441406,0.0,225.68842042273627,219.73915368791364,220.70830363621744,0.0,26339700
2021-02-25,219.7295684814453,0.0,225.1030937109058,218.66445668933272,222.69460427185766,0.0,39542200
2021-02-26,222.9824676513672,0.0,225.8515415247869,220.2573072215553,222.166836123275,0.0,37819200
2021-03-01,227.35800170898438,0.0,227.86656700875446,223.7212634615181,226.36005175499895,0.0,25324000
2021-03-02,224.41220092773438,0.0,227.70349799818933,224.00918764921863,227.4252175123957,0.0,22812500
2021-03-03,218.35739135742188,0.0,224.1339445433861,218.06952053441296,222.77137159897669,0.0,34029500
2021-03-04,217.56092834472656,0.0,223.08800061349675,215.19081513202866,217.57053331073425,0.0,44727800
2021-03-05,222.23399353027344,0.0,223.8364561921573,217.3018581200775,220.23810794614715,0.0,41872800
2021-03-08,218.1942901611328,0.0,223.93245334526267,217.94480989807317,222.01333385234915,0.0,35267400
2021-03-09,224.32583618164062,0.0,225.86113735770795,222.30116489353895,223.46223842117595,0.0,33080500
2021-03-10,223.02084350585938,0.0,227.41562829059083,222.6562061675543,227.41562829059083,0.0,29746800
2021-03-11,227.54034423828125,0.0,229.49783913564707,224.83437947593785,225.4581019231332,0.0,29907600
2021-03-12,226.21615600585938,0.0,226.2833322000355,223.7980619246952,224.54651717619805,0.0,22653700
2021-03-15,225.314208984375,0.0,225.6788463527636,222.43552990775498,225.45815172323736,0.0,26034900
2021-03-16,228.09689331054688,0.0,230.35184933196322,226.39846890984123,226.724715623145,0.0,28092200
2021-03-17,227.4540252685547,0.0,228.90296978894895,223.7981051474322,226.6000177196356,0.0,29562100
2021-03-18,221.38958740234375,0.0,224.71926031527957,221.01535975192502,223.15517351500054,0.0,34833000
2021-03-19,221.03456115722656,0.0,223.06882283713475,220.07500155097284,221.67746433641042,0.0,46430700
2021-03-22,226.4464874267578,0.0,227.31967558191016,220.83305760883877,220.95780504888268,0.0,30127000
2021-03-23,227.97218322753906,0.0,231.30185638179913,227.48281307743645,227.8858263731183,0.0,31638400
2021-03-24,225.9379425048828,0.0,228.37521779869715,225.8036047271406,228.2312896945875,0.0,25620100
2021-03-25,222.94406127929688,0.0,227.35804104512198,222.20521097132493,225.78436397622824,0.0,34061900
2021-03-26,226.9166259765625,0.0,227.1373352031275,222.18600467967124,222.18600467967124,0.0,25479900
2021-03-29,225.72679138183594,0.0,227.22370192103884,222.50267074289255,227.02218797535386,0.0,25227500
2021-03-30,222.47390747070312,0.0,224.3930267427671,221.7542377436791,224.08596063121217,0.0,24792000
2021-03-31,226.23533630371094,0.0,229.4306710387862,222.99202066764897,223.49099568282355,0.0,43623500
2021-04-01,232.54925537109375,0.0,233.0194301648767,228.42314650954665,228.82615975066759,0.0,30338000
2021-04-05,238.99749755859375,0.0,239.8515049488845,232.88509343721387,232.94266466595224,0.0,36910600
2021-04-06,237.8364715576172,0.0,239.3141870764356,236.89610713655097,237.59658162885503,0.0,22931900
2021-04-07,239.79393005371094,0.0,240.7822752368662,237.1935318252326,237.7884540717137,0.0,22719800
2021-04-08,243.00845336914062,0.0,243.8624607735945,241.80900394481122,242.5478688898788,0.0,23625200
2021-04-09,245.50332641601562,0.0,245.63766417265026,242.2312247073296,242.64382830209405,0.0,24326800
2021-04-12,245.56088256835938,0.0,247.2497167100151,244.32304257664887,244.40941406195913,0.0,27148700
2021-04-13,248.03656005859375,0.0,248.70826351478416,246.44368755447493,246.85632045190187,0.0,23837500
2021-04-14,245.25384521484375,0.0,248.36280908207007,244.84124159709435,247.06742699301665,0.0,23070900
2021-04-15,249.00576782226562,0.0,249.41837150777954,247.3073575201988,247.49925190992008,0.0,25627500
2021-04-16,250.1956329345703,0.0,250.4451278732686,247.18263014846644,248.97700243293545,0.0,24878600
2021-04-19,248.2764129638672,0.0,250.90562587805667,247.39363463217305,249.66778593713443,0.0,23209300
2021-04-20,247.81588745117188,0.0,249.6774355364168,246.45329984767133,247.39367885760478,0.0,19722900
2021-04-21,250.0420379638672,0.0,250.1379997844997,246.84671724920173,248.46837538255164,0.0,24030400
2021-04-22,246.7699432373047,0.0,251.19349872251507,245.30180365019515,249.6869831956242,0.0,25606200
2021-04-23,250.58895874023438,0.0,250.9344153892346,246.86586317747359,247.4512097025957,0.0,21462600
2021-04-26,250.97280883789062,0.0,251.82683096234217,249.6486411501395,251.07837562429333,0.0,19763300
2021-04-27,251.37586975097656,0.0,252.5465338213757,249.60067835062966,251.0016273911271,0.0,31014200
2021-04-28,244.26547241210938,0.0,246.1654108297521,242.72058097809375,245.7239923604383,0.0,46903100
2021-04-29,242.29840087890625,0.0,245.74323113487725,238.93035179332017,245.12911354726194,0.0,40589000
2021-04-30,241.98170471191406,0.0,242.84531703634377,239.50605411701005,239.64039185969258,0.0,30945100
2021-05-03,241.67469787597656,0.0,244.0640067134721,240.96461845267157,243.1524133181081,0.0,19626600
2021-05-04,237.76922607421875,0.0,241.05093222825553,235.82132159153988,240.82063269272393,0.0,32756100
2021-05-05,236.502685546875,0.0,239.41015032943804,235.8789775850692,238.98794170962884,0.0,21901300
2021-05-06,239.63082885742188,0.0,239.7555762980852,234.79465463224184,236.48347435623583,0.0,26491100
2021-05-07,242.2504425048828,0.0,244.01602879660211,241.01260232215404,241.9529667059604,0.0,27032900
2021-05-10,237.18392944335938,0.0,241.5499284512594,237.12635821135868,240.72470662857563,0.0,29299900
2021-05-11,236.2723388671875,0.0,236.62738584949687,232.76036211665323,234.66028588552803,0.0,33641600
2021-05-12,229.33473205566406,0.0,234.49716711113675,228.44234870372256,232.37653406692775,0.0,36684400
2021-05-13,233.20179748535156,0.0,235.66787299277317,231.65690575111154,232.02154312991334,0.0,29624300
2021-05-14,238.1147003173828,0.0,239.10304549849073,235.5622830009087,235.6486398477899,0.0,23901100
2021-05-17,235.26480102539062,0.0,236.61778349101087,233.67194331645007,236.57940755176028,0.0,24970200
2021-05-18,233.24978637695312,0.0,236.4451221095413,233.07705800782193,236.3107843298703,0.0,20168000
2021-05-19,233.82681274414062,0.56,233.9326086171046,229.47959883359417,230.1624510972941,0.0,25739800
2021-05-20,237.05838012695312,0.0,238.47219104144915,234.5385334489795,234.63471685255448,0.0,21800700
2021-05-21,235.7984619140625,0.0,238.83767555656837,235.38490555585892,238.10673157029987,0.0,21863100
2021-05-24,241.19398498535156,0.0,241.5594642597976,238.04897595260132,238.3182718362379,0.0,21411500
2021-05-25,242.0980987548828,0.0,243.08872621785105,241.2325067869294,242.14619045877527,0.0,17704300
2021-05-26,241.87686157226562,0.0,243.27143274197246,241.16514260799994,241.81914273014226,0.0,17771600
2021-05-27,239.78021240234375,0.0,241.86726317029425,239.72250822888856,241.56911515709095,0.0,24426200
2021-05-28,240.13604736328125,0.0,242.44431686460024,240.0206390246495,241.40559779033563,0.0,18270200
2021-06-01,237.94322204589844,0.0,241.68452766984606,237.52005320809064,241.62682349539628,0.0,23213300
2021-06-02,237.8470458984375,0.0,239.7417445032834,236.4428474366505,238.64532119633685,0.0,19406700
2021-06-03,236.3177947998047,0.0,236.92370320657687,233.7113775070017,235.84651966073733,0.0,25307700
2021-06-04,241.20362854003906,0.0,242.0307559108141,238.04900663185686,238.28945046434345,0.0,25281100
2021-06-07,244.10821533203125,0.0,244.3775112737466,240.26111367835148,240.4246137375695,0.0,23079200
2021-06-08,242.9156036376953,0.0,246.22411314134618,242.85788479009744,245.40659823560296,0.0,22455000
2021-06-09,243.8965606689453,0.0,245.76240683788444,243.53109608545395,244.1081523793729,0.0,17937600
2021-06-10,247.40708923339844,0.0,247.61868099093334,243.973558759814,244.56985479894277,0.0,24563600
2021-06-11,248.03225708007812,0.0,248.6092988045353,246.8011564650918,248.12841113345158,0.0,18999700
2021-06-14,249.955810546875,0.0,250.01351471996307,246.98389887756707,248.04185763593912,0.0,19150500
2021-06-15,248.48426818847656,0.0,250.05196672313224,247.83026798722594,249.84037496966238,0.0,18038900
2021-06-16,247.54176330566406,0.0,250.6194270515861,244.69490159361732,249.48453909560968,0.0,27220000
2021-06-17,250.9272003173828,0.0,251.7447152916932,246.22413379282088,246.28183796973158,0.0,27565500
2021-06-18,249.51336669921875,0.0,252.27365719884,248.85936651938206,249.70573350554895,0.0,37202200
2021-06-21,252.591064453125,0.0,253.44702925067534,248.0611107803367,249.88847807213403,0.0,26696100
2021-06-22,255.36099243164062,0.0,255.63028836599736,252.36985571508916,252.67763088322698,0.0,24694100
2021-06-23,255.13014221191406,0.0,256.63050944325494,254.32225442204245,255.82262165338332,0.0,19518700
2021-06-24,256.495849609375,0.0,257.61151244689773,255.32248260362277,255.9861098893135,0.0,21446900
2021-06-25,254.8896942138672,0.0,257.0344638235641,254.6396525800899,256.05346352708113,0.0,25611100
2021-06-28,258.4482727050781,0.0,258.6213852234761,255.74568632511017,256.0149822485252,0.0,19590000
2021-06-29,261.0258483886719,0.0,261.2662922485271,257.7365928224437,258.5925577009788,0.0,19937800
2021-06-30,260.5448913574219,0.0,260.98729972356773,259.29459535920773,260.34292678716713,0.0,21656500
2021-07-01,261.2181701660156,0.0,261.44898683933064,259.2946196189184,259.3042174129385,0.0,16725300
2021-07-02,267.03692626953125,0.0,267.3735535200733,262.0837889720143,262.3915641354273,0.0,26458000
2021-07-06,267.0466003417969,0.0,268.69122829926044,263.8150192602076,267.402452595938,0.0,31565600
2021-07-07,269.2297668457031,0.0,269.960725504487,266.5560325451121,268.7200270839339,0.0,23260000
2021-07-08,266.8157043457031,0.0,268.07562758256216,264.36315983308367,266.3155624280756,0.0,24618600
2021-07-09,267.31585693359375,0.0,267.4216381390511,264.7960100826157,265.1807143722743,0.0,23916700
2021-07-12,266.7195739746094,0.0,269.075906208845,266.00784018519494,268.48923727475227,0.0,18931700
2021-07-13,270.2396240234375,0.0,272.03813906947397,266.7868543506358,266.9118604799698,0.0,26120100
2021-07-14,271.7110900878906,0.0,272.81712557126133,269.8259897786008,271.5572025513539,0.0,23113700
2021-07-15,270.2878112792969,0.0,271.7112498157575,269.13366875232185,271.22073483913357,0.0,22604200
2021-07-16,270.0184020996094,0.0,273.2403550652202,268.77770380577266,271.28795247697474,0.0,26186800
2021-07-19,266.4214172363281,0.0,269.6529685438566,263.9592745207665,268.2680095974711,0.0,32935600
2021-07-20,268.64312744140625,0.0,270.2300510737556,265.7000968938325,267.4024288847443,0.0,26259700
2021-07-21,270.64361572265625,0.0,270.7590240847354,266.6907325661512,268.2391770091446,0.0,24364300
2021-07-22,275.2023620605469,0.0,275.4716579349154,272.58633241623176,272.99026155226005,0.0,23384100
2021-07-23,278.5975036621094,0.0,278.9052494950487,275.5486626133189,276.38540254707505,0.0,22768100
2021-07-26,278.0011291503906,0.0,278.6166794096968,275.68327658614254,277.9530521274675,0.0,23176100
2021-07-27,275.58709716796875,0.0,278.51087288872895,272.1343274321578,278.3666124668251,0.0,33604100
2021-07-28,275.2793884277344,0.0,279.05915914851056,272.98073086380026,277.9434960316162,0.0,33566900
2021-07-29,275.5486755371094,0.0,277.58763486236643,275.1447169202856,275.2986045195014,0.0,18168300
2021-07-30,274.0193786621094,0.0,275.70248527997103,273.0576034519027,274.2694496090991,0.0,20944800
2021-08-02,273.9328918457031,0.0,275.8083363703218,272.8941579188168,275.41400491206474,0.0,16267400
2021-08-03,276.14495849609375,0.0,276.25076905660643,273.14422383185655,274.50995786548094,0.0,17879000
2021-08-04,275.5582275390625,0.0,276.59693186168965,273.76931036819576,275.2793045071055,0.0,16191300
2021-08-05,278.4532165527344,0.0,278.5590271143416,275.16396096408687,275.9141446379062,0.0,13900200
2021-08-06,278.3955078125,0.0,278.4339870480046,276.6258445430264,277.4818387644274,0.0,16589300
2021-08-09,277.3087158203125,0.0,280.4056340911744,276.8086031288222,278.6744499389659,0.0,16117600
2021-08-10,275.490966796875,0.0,278.193553507934,274.29837461151317,277.7607428078615,0.0,18616600
2021-08-11,275.9814453125,0.0,277.62607292416914,274.9330843638876,276.23148694196493,0.0,13955900
2021-08-12,278.73211669921875,0.0,278.8860042800306,275.3947550024405,275.67367807710286,0.0,14561300
2021-08-13,281.6558532714844,0.0,281.70393028766443,278.24153394231547,278.4146757728687,0.0,18249000
2021-08-16,283.3389892578125,0.0,283.5505809829247,278.9340422580359,281.982882658373,0.0,22507600
2021-08-17,281.8770751953125,0.0,282.21370240044297,279.953524710054,281.21347728086533,0.0,20075300
2021-08-18,280.1521911621094,0.56,284.09337849264244,279.7089064692593,281.41452622415534,0.0,21813000
2021-08-19,285.97247314453125,0.0,286.6470164928712,278.13829528997536,278.1864643546096,0.0,29850500
2021-08-20,293.28631591796875,0.0,294.7124789833826,287.21554348054167,288.8151504653693,0.0,40817600
2021-08-23,293.5657653808594,0.0,294.2884777670295,290.8676509020545,292.21670814145693,0.0,22830200
2021-08-24,291.6096496582031,0.0,294.5294067686128,291.0122120736746,293.92232360780326,0.0,18175800
2021-08-25,291.02191162109375,0.0,293.50802996134405,289.4897644777505,293.2285728625707,0.0,20006100
2021-08-26,288.20806884765625,0.0,291.426544578333,288.0731778231543,290.03893440127865,0.0,17666100
2021-08-27,288.81512451171875,0.0,289.92327755138285,286.0302588466658,288.1116739143192,0.0,22605700
2021-08-30,292.5443420410156,0.0,293.15142516677145,290.10639336951124,290.1642080093696,0.0,16348100
2021-08-31,290.8965148925781,0.0,293.42118508039425,290.53033596630166,293.3441087098698,0.0,26285300
2021-09-01,290.84832763671875,0.0,294.08609406102465,290.5207015866993,291.85049693558,0.0,18983800
2021-09-02,290.19305419921875,0.0,292.32263807137963,289.2583451754172,291.2048689980842,0.0,16285600
2021-09-03,290.1835021972656,0.0,291.59037412727884,289.33551492747904,290.03893618886394,0.0,14747900
2021-09-07,289.2584533691406,0.0,290.1353480932548,287.35051112759913,290.0582716965981,0.0,17180400
2021-09-08,289.2873229980469,0.0,289.67276374560055,286.6470229996981,288.8729749296078,0.0,15046800
2021-09-09,286.4350280761719,0.0,291.1471272624396,286.1941239314484,289.8751463205612,0.0,19927000
2021-09-10,284.9510498046875,0.0,289.00789676784274,284.63306927340466,287.56247190206864,0.0,19633400
2021-09-13,286.1844787597656,0.0,287.6781021035082,283.38035098235275,286.7241016921292,0.0,23652900
2021-09-14,288.8825988769531,0.0,290.42439115897747,287.2540846387654,288.66095649526324,0.0,21853400
2021-09-15,293.7295837402344,0.0,294.211391982283,290.8387342879429,292.2263443776221,0.0,28356300
2021-09-16,294.1150207519531,0.0,294.2017427055618,289.8172995209801,292.7081489368997,0.0,19550800
2021-09-17,288.9595947265625,0.0,293.4211425849825,288.63196873661644,293.10316216766927,0.0,41372500
2021-09-20,283.59234619140625,0.0,287.8515443910694,278.98626014030367,285.5484866618961,0.0,38278700
2021-09-21,284.07415771484375,0.0,286.7144871567123,283.3707364278861,284.93179059163447,0.0,22364100
2021-09-22,287.7165832519531,0.0,289.29692832647936,283.79468669698116,285.9339163666204,0.0,26626300
2021-09-23,288.6609802246094,0.0,289.9522229123692,286.70483974436394,287.9768206871402,0.0,18604600
2021-09-24,288.4586181640625,0.0,288.8922279642704,286.1266531897196,287.3793723405542,0.0,14999000
2021-09-27,283.467041015625,0.0,285.683346907745,282.2817822917721,285.3653664442536,0.0,23571700
2021-09-28,273.2045593261719,0.0,280.20042503434115,272.4625851539167,279.25607020918045,0.0,43186200
2021-09-29,273.6671142578125,0.0,276.3363216518175,272.7131432346265,274.7270983987107,0.0,26353700
2021-09-30,271.66278076171875,0.0,277.35772848518707,271.3736781629652,275.31486617919455,0.0,32343600
2021-10-01,278.58160400390625,0.0,279.4295914359694,271.0557596552188,271.85554860617674,0.0,30086300
2021-10-04,272.8094177246094,0.0,277.2806118186714,270.05348900845405,276.94334020608034,0.0,31350700
2021-10-05,278.2539367675781,0.0,279.83425268811834,273.7152814419423,273.7152814419423,0.0,24993000
2021-10-06,282.4456787109375,0.0,282.9467782189283,275.1222152677456,275.38238119187673,0.0,28002600
2021-10-07,284.122314453125,0.0,285.84719612226604,283.22615821775884,284.44029494052455,0.0,20430500
2021-10-08,284.122314453125,0.0,285.84719612226604,283.0719760578184,285.44246427651734,0.0,17685700
2021-10-11,283.52490234375,0.0,287.1288187573514,282.0987392920623,282.26256704142725,0.0,19298600
2021-10-12,282.2239685058594,0.0,284.690824072325,281.71325300359666,284.5944565534147,0.0,17974100
2021-10-13,285.5292053222656,0.0,286.46391451193523,282.81179971016536,284.18014809161934,0.0,23416300
2021-10-14,291.7348937988281,0.0,292.2359637895139,286.9938877052562,288.32368317323034,0.0,27262900
2021-10-15,293.14178466796875,0.0,293.3730726386509,289.5860372188823,291.33982641094127,0.0,25384800
2021-10-18,296.1097717285156,0.0,296.9962825877865,291.6771292104213,292.52511657650416,0.0,22729300
2021-10-19,297.01556396484375,0.0,298.0466114077476,296.0423017598198,297.13119325509496,0.0,17682100
2021-10-20,296.22540283203125,0.0,298.4320932312607,294.97268352184886,297.9599010679799,0.0,16537100
2021-10-21,299.4535217285156,0.0,299.7040420623986,295.2135849120758,295.99414145888375,0.0,16918100
2021-10-22,297.9116516113281,0.0,299.77142421719265,296.6011180073885,299.1065265444657,0.0,17449300
2021-10-25,296.9192199707031,0.0,298.1430025992538,295.30996713441385,298.1044496970303,0.0,17554500
2021-10-26,298.8271484375,0.0,301.03383882381803,297.3721072772416,299.6847813807239,0.0,28107300
2021-10-27,311.4119873046875,0.0,314.2353768644904,304.50284339356364,304.50284339356364,0.0,52588700
2021-10-28,312.54901123046875,0.0,313.05008121355974,309.6677779577822,312.5297200802306,0.0,26297900
2021-10-29,319.5545349121094,0.0,319.9207139283914,312.11541352037625,312.33705592687465,0.0,34766000
2021-11-01,317.3864440917969,0.0,319.429306895668,314.4955938431681,319.3040320130675,0.0,27073200
2021-11-02,321.009521484375,0.0,321.3178857761328,317.99339758395104,318.2921163018297,0.0,26487100
2021-11-03,321.8478698730469,0.0,322.7151187307781,318.6197491291001,321.7515023539127,0.0,21500100
2021-11-04,324.19915771484375,0.0,324.29552525226745,317.52130201351525,320.778330690629,0.0,23992200
2021-11-05,323.83294677734375,0.0,326.4636303126045,322.2526310669871,326.19381887877574,0.0,22570100
2021-11-08,324.7290954589844,0.0,325.3650858397293,322.27188529417714,325.0278142034985,0.0,20897000
2021-11-09,323.7270202636719,0.0,326.39622775578675,322.35867170289976,324.84478968180053,0.0,21307400
2021-11-10,318.7642822265625,0.0,322.4549493777463,317.91632452625186,322.3971347483441,0.0,25500900
2021-11-11,320.3349914550781,0.0,321.62623389681136,318.4848644428664,319.197931165569,0.0,16849800
2021-11-12,324.468994140625,0.0,324.96044803422893,321.6456044610585,321.7708793286239,0.0,23831000
2021-11-15,323.8426513671875,0.0,325.58679513357146,321.87686518692334,325.2591690047351,0.0,16723000
2021-11-16,327.157470703125,0.0,328.27526945186895,323.30300442769504,323.4668027763442,0.0,20886800
2021-11-17,327.3794860839844,0.62,330.34320817217764,326.2982657750648,327.2057248474174,0.0,19053400
2021-11-18,329.4551696777344,0.0,330.5943402872435,325.44884920613543,326.4721494867543,0.0,22463500
2021-11-19,331.2314453125,0.0,333.1525711264162,330.3529756301041,330.7777450942125,0.0,21963400
2021-11-22,328.0649108886719,0.0,337.56427133664994,327.79460580022015,332.6890870606931,0.0,31031100
2021-11-23,325.98931884765625,0.0,327.6980592938018,322.01196030987296,325.38112509299714,0.0,30427600
2021-11-24,326.2113952636719,0.0,326.45274014228477,322.34987720586537,324.63782194134853,0.0,21661300
2021-11-26,318.26629638671875,0.0,326.23067700890783,316.7603067714065,322.77463147147154,0.0,24217200
2021-11-29,324.9756774902344,0.0,327.29258219620067,323.15109625287187,323.34418392046973,0.0,28563500
2021-11-30,319.144775390625,0.0,326.08585570049416,317.60016244351027,323.7110306026671,0.0,42885600
2021-12-01,318.6524658203125,0.0,327.5339693788618,317.9863810414146,323.5276501773053,0.0,33337600
2021-12-02,318.0828857421875,0.0,321.94440378728416,316.4513920112506,318.864840789436,0.0,30766000
2021-12-03,311.8272705078125,0.0,321.18180108322787,307.01966954803913,320.4963603630018,0.0,41779300
2021-12-06,314.89715576171875,0.0,316.11354341449044,308.1781223856923,312.73471501105405,0.0,30032600
2021-12-07,323.32489013671875,0.0,324.1743992838451,318.6717542353688,320.1584467996634,0.0,31021900
2021-12-08,323.3731689453125,0.0,323.8848188965732,319.34752350913357,323.70139443658877,0.0,24761000
2021-12-09,321.56793212890625,0.0,324.84055346464856,320.62184956942644,322.832576975175,0.0,22214200
2021-12-10,330.68109130859375,0.0,331.1251576149035,323.1994004295398,323.38282488539363,0.0,38095700
2021-12-13,327.6497802734375,0.0,331.8878102110468,327.3408517779993,328.8854647941473,0.0,28899400
2021-12-14,316.97271728515625,0.0,323.05462611476247,312.8891511907512,321.68377419361184,0.0,44438700
2021-12-15,323.06427001953125,0.0,323.5855832409606,313.2656731909751,317.2333691168989,0.0,35381100
2021-12-16,313.6517639160156,0.0,325.1011790200771,311.83684591434667,324.0875129645706,0.0,35034800
2021-12-17,312.5898742675781,0.0,313.67112406852533,306.2666502470529,309.7709825901244,0.0,47750300
2021-12-20,308.8345947265625,0.0,311.6245264811282,306.57560997334616,308.9697325522861,0.0,28326500
2021-12-21,315.9590759277344,0.0,316.38384527957237,308.7283631846601,312.09755779178596,0.0,24740600
2021-12-22,321.66436767578125,0.0,322.0601472300081,314.4722807071212,316.9339859320796,0.0,24831500
2021-12-23,323.10284423828125,0.0,324.74400105600773,321.2107088019103,321.23000578456225,0.0,19617800
2021-12-27,330.59417724609375,0.0,330.6231374487701,323.8171952094219,323.84615541209826,0.0,19947000
2021-12-28,329.43572998046875,0.0,331.9070989605817,328.5379341826007,331.2699450024373,0.0,15661500
2021-12-29,330.111572265625,0.0,332.38019079981586,327.92014167698994,329.4840519448849,0.0,15042000
2021-12-30,327.5726013183594,0.0,331.2506951069542,327.08991153548817,330.0729308583066,0.0,15994500
2021-12-31,324.6764221191406,0.0,327.6111544209489,324.2226926014007,326.7906054612649,0.0,18000800
2022-01-03,323.1607666015625,0.0,326.29824977245147,318.3628296202537,323.7400001560889,0.0,28865100
2022-01-04,317.6195068359375,0.0,323.5952080741863,314.82954604404773,323.2379929252775,0.0,32674300
2022-01-05,305.42669677734375,0.0,314.7812242182904,305.04055096329466,314.578473360559,0.0,40054300
2022-01-06,303.0133361816406,0.0,307.6664726573991,300.7060649286775,302.30859850808565,0.0,39646100
2022-01-07,303.1676940917969,0.0,305.5425186893923,299.35443444380263,303.27387166315657,0.0,32720000
2022-01-10,303.3897705078125,0.0,303.82420301804177,294.14144890781034,298.77525819873097,0.0,44289500
2022-01-11,304.0752258300781,0.0,305.64876956592934,299.1614480285225,302.53061283786786,0.0,29386800
2022-01-12,307.2513122558594,0.0,312.21337685592107,306.1025083336208,308.602867078053,0.0,34372200
2022-01-13,294.2476806640625,0.0,309.77100062212895,293.47538879376066,309.3751914637592,0.0,45366000
2022-01-14,299.460693359375,0.0,300.05922385700916,293.2339846176459,293.7166743042593,0.0,39846400
2022-01-18,292.1721496582031,0.0,299.0746083692824,291.29365062791317,293.5430017450747,0.0,42333200
2022-01-19,292.82855224609375,0.0,303.04228390568943,292.2203879053098,295.6860967924291,0.0,45933900
2022-01-20,291.158447265625,0.0,300.86049892883005,290.71438096885566,298.36983291707537,0.0,35380700
2022-01-21,285.7813415527344,0.0,293.5815962967534,285.3758691298615,292.21077366823675,0.0,57984400
2022-01-24,286.1095275878906,0.0,286.8238990150419,266.4930083993814,282.08391143196826,0.0,85731500
2022-01-25,278.50225830078125,0.0,284.77722360368267,275.2972214903032,281.4273563327692,0.0,72848600
2022-01-26,286.4377136230469,0.0,297.81954500203807,282.8851245004796,297.32719208033615,0.0,90428900
2022-01-27,289.4593505859375,0.0,296.66107253209896,287.615472429576,292.1817275159188,0.0,53481300
2022-01-28,297.587890625,0.0,297.80027529096344,284.2560022424525,289.8358945088993,0.0,49743700
2022-01-31,300.21368408203125,0.0,301.5652092942881,295.76326991115974,298.2539651589988,0.0,46444500
2022-02-01,298.07061767578125,0.0,299.87587283189384,294.56628497930495,299.66348813934843,0.0,40950400
2022-02-02,302.60784912109375,0.0,304.21038262271304,298.1864239841783,298.91045860750387,0.0,36636000
2022-02-03,290.820556640625,0.0,300.4550540690847,289.57520891247447,298.7752738080084,0.0,43730000
2022-02-04,295.3482360839844,0.0,298.10920758842764,289.584918714947,289.8166003905514,0.0,35096500
2022-02-07,290.5308837890625,0.0,297.1823311977243,289.5172179462845,295.5701644221119,0.0,28533300
2022-02-08,294.0159912109375,0.0,294.98137075377906,289.5656056597399,290.82058728101566,0.0,32421200
2022-02-09,300.43572998046875,0.0,301.1308043619736,296.7480028768317,299.1421250545375,0.0,31284700
2022-02-10,291.9114685058594,0.0,298.41811714419794,290.289637957717,293.5140020692782,0.0,45386200
2022-02-11,284.82562255859375,0.0,293.75538439550695,284.0340041683453,292.69346087944797,0.0,39175600
2022-02-14,284.78692626953125,0.0,286.4860034605709,281.263297311286,283.599498987924,0.0,36359500
2022-02-15,290.0675964355469,0.0,290.3861587262389,286.7370251821731,289.62353008877903,0.0,27058300
2022-02-16,289.72894287109375,0.62,291.05424249393616,284.09881075240287,288.6358039056966,0.0,29982100
2022-02-17,281.2451171875,0.0,287.1170646088115,280.53892237568306,286.6914169855192,0.0,32461600
2022-02-18,278.5364074707031,0.0,284.2729368294198,276.96926395825363,283.489365073195,0.0,34264000
2022-02-22,278.33331298828125,0.0,282.02869492098785,275.21836232867406,275.70205013593005,0.0,41736100
2022-02-23,271.12628173828125,0.0,282.1834045486963,270.9618444592422,280.7129751062586,0.0,37811200
2022-02-24,284.979248046875,0.0,285.5306593665274,262.66188010695714,263.6196022731871,0.0,56989700
2022-02-25,287.6104431152344,0.0,287.92001039879176,282.135093565402,285.5112545529005,0.0,32546700
2022-02-28,289.04217529296875,0.0,289.38076267083534,283.44106207991604,284.7083218045915,0.0,34627500
2022-03-01,285.32745361328125,0.0,290.1836686434819,282.6187841386107,286.7301305623066,0.0,31217800
2022-03-02,290.3965148925781,0.0,291.63475461259384,284.118256021791,285.7240737108103,0.0,31873000
2022-03-03,286.2657775878906,0.0,293.2405468384808,284.45676056249704,293.00838616012356,0.0,27314500
2022-03-04,280.4034729003906,0.0,286.0142690066233,277.80125973691753,284.6889691786735,0.0,32356500
2022-03-07,269.81072998046875,0.0,280.2390376841762,269.4431225318955,279.1168784545169,0.0,43157200
2022-03-08,266.8504943847656,0.0,274.69589424930484,261.1913427214112,268.7368585912487,0.0,48159500
2022-03-09,279.0879211425781,0.0,280.1520404378098,271.6197787096346,274.19300190647954,0.0,35204500
2022-03-10,276.2727966308594,0.0,277.2498554429739,271.42623538275626,273.7866342304661,0.0,30628000
2022-03-11,270.9329528808594,0.0,280.064982979648,270.31381818577063,278.5655327460865,0.0,27209300
2022-03-14,267.42132568359375,0.0,276.08900319722903,266.8215575071672,271.19408479495587,0.0,30660700
2022-03-15,277.7818908691406,0.0,278.4300454950149,269.63660504784883,271.2037487581612,0.0,34245100
2022-03-16,284.78570556640625,0.0,284.95982608211176,273.96077067732267,279.67793426336954,0.0,37826300
2022-03-17,285.58856201171875,0.0,285.9658230600183,279.92941011159456,283.72153460608763,0.0,30816600
2022-03-18,290.628662109375,0.0,291.1800733202025,283.17988724924487,285.7337436372442,0.0,43390600
2022-03-21,289.4000549316406,0.0,290.348093539092,285.27902590005374,289.1388741774251,0.0,28351200
2022-03-22,294.1402587890625,0.0,295.04959432677754,289.0228329688514,290.01922877865013,0.0,27599700
2022-03-23,289.71929931640625,0.0,293.33730401444876,288.0070551895243,290.7060412894904,0.0,25715400
2022-03-24,294.1789855957031,0.0,294.2757290797384,288.5875546732744,289.3808099116107,0.0,24484500
2022-03-25,293.7725830078125,0.0,295.5332134926127,289.5258199394837,295.27203273707045,0.0,22566500
2022-03-28,300.56365966796875,0.0,300.6603736261478,294.4014512941623,294.4014512941623,0.0,29578200
2022-03-29,305.11993408203125,0.0,305.5165616109736,298.9674100649689,303.6688707174927,0.0,30393400
2022-03-30,303.62054443359375,0.0,305.6423857684407,301.414928862999,303.52383047434716,0.0,28163600
2022-03-31,298.2515869140625,0.0,304.858779193998,297.84530566978634,303.6592133025089,0.0,33422100
2022-04-01,299.3253479003906,0.0,300.01217625691254,295.57192614031334,299.27696141097135,0.0,27110500
2022-04-04,304.6943359375,0.0,304.8297531887579,299.60593013266003,299.9735376348756,0.0,24289600
2022-04-05,300.7377014160156,0.0,304.5975202300645,299.76064270992003,303.04971351922677,0.0,23156700
2022-04-06,289.72894287109375,0.0,296.9842586358123,287.0299571404709,295.2333114596833,0.0,40110400
2022-04-07,291.5379638671875,0.0,293.7435789334034,286.6817492492974,286.9816333071018,0.0,31411200
2022-04-08,287.2816162109375,0.0,291.2962202077955,286.6141244921044,290.63841169479065,0.0,24361900
2022-04-11,275.9535827636719,0.0,283.06377005501855,275.70205565183903,282.27054447193905,0.0,34569300
2022-04-12,272.8579406738281,0.0,281.2547532210791,271.3391540006482,279.80368992052826,0.0,30966700
2022-04-13,278.236572265625,0.0,279.16524459856345,272.122751236361,273.5061208154424,0.0,21907200
2022-04-14,270.7007141113281,0.0,278.9040702197633,270.2073726066549,278.6912463967013,0.0,28221600
2022-04-18,271.3682556152344,0.0,273.2449670762064,269.2593834034509,269.8107947085954,0.0,20778000
2022-04-19,275.9922180175781,0.0,276.83385950003543,269.32701618181187,270.2653715965898,0.0,22297700
2022-04-20,277.0177001953125,0.0,280.2487611166092,276.0600076685243,279.9585306840921,0.0,22906700
2022-04-21,271.64874267578125,0.0,283.73125459736195,270.9232109682988,279.1652405373938,0.0,29454600
2022-04-22,265.0899353027344,0.0,273.9607825716903,264.4611470651918,272.49035276111147,0.0,29405800
2022-04-25,271.5617370605469,0.0,271.93899827293535,261.93633599555227,264.37414191731386,0.0,35678900
2022-04-26,261.4042663574219,0.0,269.2786893101123,261.19144251967543,268.4467603674442,0.0,46518400
2022-04-27,273.9801025390625,0.0,281.47726299922044,270.05256019523966,272.89664665414017,0.0,63477700
2022-04-28,280.18096923828125,0.0,281.48693206044686,272.2774984573496,275.88581968028956,0.0,33646600
2022-04-29,268.4660949707031,0.0,280.4228740335642,267.4793823797048,279.1942879944,0.0,37073900
2022-05-02,275.1893615722656,0.0,275.6440293239036,267.2085121919129,268.6498925117606,0.0,35151100
2022-05-03,272.58709716796875,0.0,274.8604357472129,271.01027020615345,274.69596890447576,0.0,25978600
2022-05-04,280.5196228027344,0.0,281.3902550491014,267.7018944721031,273.37070203873003,0.0,33599300
2022-05-05,268.3016357421875,0.0,277.00801637510676,265.38982566126134,276.2244444799009,0.0,43260400
2022-05-06,265.76715087890625,0.0,270.13967864846,262.4200095223799,265.8445279493737,0.0,37780300
2022-05-09,255.94827270507812,0.0,263.4744551461857,254.72939928853663,261.24950264513046,0.0,47726000
2022-05-10,260.7077941894531,0.0,264.8191415931829,256.42232621624953,262.82634968395604,0.0,39336400
2022-05-11,252.0497283935547,0.0,262.50705741382524,250.8405087610353,257.0123704889284,0.0,48975900
2022-05-12,247.0193634033203,0.0,251.40157365565182,241.86324972493676,249.28301874671405,0.0,51033800
2022-05-13,252.6011505126953,0.0,254.45852493792023,247.01940307644472,248.95415457182008,0.0,34925100
2022-05-16,252.96868896484375,0.0,257.14775813932226,247.43530001769813,251.47892245393152,0.0,32550900
2022-05-17,258.11517333984375,0.0,259.5758904699336,253.8974002308721,257.42831538498064,0.0,28828800
2022-05-18,246.36326599121094,0.62,255.59413551227334,245.09305474022761,255.01235236440064,0.0,31356000
2022-05-19,245.45181274414062,0.0,249.84424444235316,244.23008588747544,246.18872524247453,0.0,32692300
2022-05-20,244.8894500732422,0.0,250.6878410141278,238.95532648602892,249.42730580573198,0.0,39199300
2022-05-23,252.73370361328125,0.0,253.55789389015007,245.73298352377535,247.73043098596386,0.0,33175400
2022-05-24,251.73495483398438,0.0,253.39301133890146,245.8008329505216,250.05751641107753,0.0,29043900
2022-05-25,254.5469512939453,0.0,256.54438432821877,249.32066725672652,250.30000184980992,0.0,28547900
2022-05-26,257.8243103027344,0.0,258.9975529486111,253.4900680754524,254.3045527743794,0.0,25002100
2022-05-27,264.94134521484375,0.0,265.03831400617037,259.43386111985046,260.32593257304654,0.0,26910800
2022-05-31,263.6129150390625,0.0,266.42483197869467,260.76220467116406,264.2528734472352,0.0,37827700
2022-06-01,264.1462707519531,0.0,269.2562034890883,261.8385496478532,266.84183742859545,0.0,25292200
2022-06-02,266.2406311035156,0.0,266.30851221318625,253.65486971991317,256.4183173881909,0.0,44008200
2022-06-03,261.81915283203125,0.0,265.14500204030634,260.25806469793486,262.1003534639654,0.0,28059000
2022-06-06,260.58770751953125,0.0,265.85278414550214,259.10417682407206,263.7971760802352,0.0,22400300
2022-06-07,264.223876953125,0.0,264.83474789857866,257.86311369538305,258.54186576604843,0.0,22860700
2022-06-08,262.19732666015625,0.0,264.7086616945771,261.4216058677899,263.4578322605081,0.0,17372300
2022-06-09,256.7479553222656,0.0,264.4273969656422,256.5928112013964,259.64713525480107,0.0,26439700
2022-06-10,245.30638122558594,0.0,252.66584504493977,244.86034549346968,252.66584504493977,0.0,31422800
2022-06-13,234.90225219726562,0.0,241.45695191998857,234.1944273628666,237.66570001230667,0.0,46135800
2022-06-14,237.06451416015625,0.0,238.27654997365488,234.17501012811695,236.45364337563802,0.0,28651500
2022-06-15,244.11375427246094,0.0,247.5462486914025,238.93593975750122,240.76853769461,0.0,33111700
2022-06-16,237.52993774414062,0.0,239.90552503927643,235.63916478659826,238.50925737974993,0.0,33169200
2022-06-17,240.12852478027344,0.0,242.8919722994284,236.61847386718773,237.26812327514037,0.0,43084800
2022-06-21,246.0336456298828,0.0,247.01296550535943,241.93210467658287,242.65932636109326,0.0,29928300
2022-06-22,245.44210815429688,0.0,249.35941623749332,242.76592357588206,244.23976328606997,0.0,25939900
2022-06-23,250.9980926513672,0.0,251.4926127999007,245.92695305257084,247.8080352595046,0.0,25861400
2022-06-24,259.5697326660156,0.0,259.8412276416404,253.77133975499632,253.85860282672576,0.0,33923200
2022-06-27,256.844970703125,0.0,260.1513786610391,255.28385304721854,260.06411562547476,0.0,24615100
2022-06-28,248.69039916992188,0.0,258.8036202038124,248.5352550148448,255.96261499134835,0.0,27295500
2022-06-29,252.35560607910156,0.0,254.01366307535287,247.9922615951773,249.76668411063616,0.0,20069800
2022-06-30,249.0297088623047,0.0,251.6477180084153,245.21907543533365,249.24302834525233,0.0,31730900
2022-07-01,251.6962127685547,0.0,251.88044459455264,246.8771715911317,248.6031243426408,0.0,22837700
2022-07-05,254.866943359375,0.0,254.99299984153146,247.0032529724364,248.3801241327607,0.0,22941000
2022-07-06,258.12481689453125,0.0,259.85075458930794,254.43053435913447,255.73953886483227,0.0,23824400
2022-07-07,260.24835205078125,0.0,260.8883105802799,256.97100212276746,257.067970916459,0.0,20859900
2022-07-08,259.53076171875,0.0,259.9574006159101,255.29349000854472,256.7479327241234,0.0,19658800
2022-07-11,256.4765319824219,0.0,258.43517157163143,254.2172802316378,257.58189346441975,0.0,19455200
2022-07-12,245.96571350097656,0.0,257.8630619352438,244.3852139665222,257.8048865798043,0.0,35868500
2022-07-13,245.04458618164062,0.0,245.84937984355258,240.57459691919928,242.59142655470853,0.0,29497400
2022-07-14,246.36326599121094,0.0,247.39107006314066,238.47048883303972,242.95987452362783,0.0,25102800
2022-07-15,248.92308044433594,0.0,252.4622192726145,247.0323074429904,247.95345174668594,0.0,29774100
2022-07-18,246.52810668945312,0.0,252.91795652335915,245.60696234722735,251.86106474959863,0.0,20975000
2022-07-19,251.6477813720703,0.0,251.8320132260373,245.9754465210434,249.75699322481967,0.0,25012600
2022-07-20,254.30450439453125,0.0,256.825544892012,251.04656621862563,252.00648914711226,0.0,22788300
2022-07-21,256.79644775390625,0.0,256.84494694076886,249.22365037531554,251.89983491458102,0.0,22404700
2022-07-22,252.4525146484375,0.0,257.27157048099224,251.2017149281793,257.18430744869886,0.0,21881300
2022-07-25,250.96900939941406,0.0,253.55793131652177,249.01036987517415,253.07311691629897,0.0,21056000
2022-07-26,244.2494659423828,0.0,251.98711369487128,241.9902440697429,251.96770218262552,0.0,39348000
2022-07-27,260.5780334472656,0.0,261.8482448041291,250.98842003172433,253.22826018562694,0.0,45994000
2022-07-28,268.0150451660156,0.0,269.4016069637394,259.734408627682,261.5573151321631,0.0,33459300
2022-07-29,272.2135925292969,0.0,273.43533434326656,268.22843217911804,269.26594214524397,0.0,32152800
2022-08-01,269.5664978027344,0.0,272.7371731572371,267.4623903988592,269.3822659732868,0.0,21539600
2022-08-02,266.473388671875,0.0,269.45015613104664,264.10749207919315,267.61754353157727,0.0,22754200
2022-08-03,273.8909912109375,0.0,274.8897074830674,268.208952240517,268.35442020276383,0.0,23518900
2022-08-04,275.0351257324219,0.0,275.18056409331155,271.66083739692374,273.24130703954415,0.0,18098700
2022-08-05,274.31768798828125,0.0,275.03520383289623,270.2161475022105,270.67187422288504,0.0,16774600
2022-08-08,271.8063659667969,0.0,277.2362934376105,270.836737118106,275.42306263435034,0.0,18739200
2022-08-09,273.72613525390625,0.0,274.48244435979353,269.1785748637903,271.14694928077154,0.0,23405200
2022-08-10,280.3778381347656,0.0,281.0080908709291,278.2252612395024,279.4179151918508,0.0,24687800
2022-08-11,278.3028259277344,0.0,282.3655726517332,277.80833539979704,282.01652051436565,0.0,20065900
2022-08-12,283.0443115234375,0.0,283.0443115234375,278.22525580031515,279.7184922528835,0.0,22619700
2022-08-15,284.5569152832031,0.0,285.2453433252316,281.2989476986178,282.16193138302435,0.0,18085700
2022-08-16,283.8199768066406,0.0,285.10959940447333,281.59954863684186,283.12184303694977,0.0,18102900
2022-08-17,283.07183837890625,0.62,285.0443616245307,281.2742116606303,281.536556451653,0.0,18253400
2022-08-18,281.9543762207031,0.0,283.64510179006146,280.89521149700556,281.9737992817374,0.0,17186200
2022-08-19,278.0481872558594,0.0,281.06042243303864,277.4748955705993,280.7203261035374,0.0,20570000
2022-08-22,269.88604736328125,0.0,274.4626845439324,269.3710544716456,274.0934387624706,0.0,25061100
2022-08-23,268.6131286621094,0.0,270.96459435110165,267.6025659844231,268.6131286621094,0.0,17527400
2022-08-24,267.9815368652344,0.0,269.38076836522134,267.32076724046834,267.61229110085856,0.0,18137000
2022-08-25,270.95489501953125,0.0,271.12006518473976,266.74747418276837,269.4779119694947,0.0,16583400
2022-08-26,260.49951171875,0.0,272.4026750674216,260.3926404040064,271.1783402052865,0.0,27549300
2022-08-29,257.7204895019531,0.0,259.8290331608574,256.3795570313367,258.32293054735436,0.0,20338500
2022-08-30,255.52444458007812,0.0,259.48891314277694,253.27985074655712,259.11969711744905,0.0,22767100
2022-08-31,254.0669708251953,0.0,259.54726943283595,253.9309204276981,257.8759964592217,0.0,24791800
2022-09-01,253.02728271484375,0.0,253.5034294976654,248.17857419191103,251.54060282714602,0.0,23263400
2022-09-02,248.81015014648438,0.0,257.2443854879001,247.26517150345208,254.2904786042123,0.0,22855400
2022-09-06,246.07969665527344,0.0,250.53000941495102,244.80678924426493,248.94618474623337,0.0,21328200
2022-09-07,250.78265380859375,0.0,251.5016925834483,246.05054362667008,247.4886360031437,0.0,24126700
2022-09-08,251.20046997070312,0.0,253.056395384433,247.5760822267559,250.21908643151144,0.0,20319900
2022-09-09,256.97235107421875,0.0,257.72056908719554,252.92043264804659,253.1244786272513,0.0,22084700
2022-09-12,259.1003112792969,0.0,259.8776786073918,257.65250725767163,258.254948403488,0.0,18747700
2022-09-13,244.85536193847656,0.0,253.02723665375865,244.46667832262642,251.51140761885284,0.0,33353300
2022-09-14,245.07887268066406,0.0,247.03195802459214,242.78569098884205,246.35178015556986,0.0,23913000
2022-09-15,238.43252563476562,0.0,244.28206983666107,237.111030916621,242.69823034248557,0.0,31530900
2022-09-16,237.81063842773438,0.0,238.35478067639863,235.20651003185853,237.34421807736706,0.0,39791800
2022-09-19,237.5968780517578,0.0,238.19931916772862,234.03078901134762,235.60491699915002,0.0,26826900
2022-09-20,235.5854949951172,0.0,236.61548077642544,232.85505707344666,235.21626404112513,0.0,26660300
2022-09-21,232.18458557128906,0.0,240.64798513191113,232.13599826014462,237.35396708033133,0.0,28625600
2022-09-22,234.15707397460938,0.0,236.9555366202575,230.8436333531247,231.13512752307682,0.0,31061200
2022-09-23,231.18373107910156,0.0,234.30285235773331,228.54074168946926,232.75785901455737,0.0,34176000
2022-09-26,230.7270965576172,0.0,234.6138449176588,230.1926656927578,230.33842765232035,0.0,27694200
2022-09-27,229.71652221679688,0.0,234.95391443946426,227.86059652886274,233.18543702119823,0.0,27018700
2022-09-28,234.2445831298828,0.0,235.46890336480436,228.08407652025923,230.10518718115333,0.0,29029700
2022-09-29,230.775634765625,0.0,233.15626466417,227.77312585488747,232.12627894023532,0.0,27484200
2022-09-30,226.3058624267578,0.0,233.7295494002438,226.14067744074515,231.5432539781558,0.0,35694800
2022-10-03,233.92388916015625,0.0,234.76925194456734,228.01603154626426,228.74479665745017,0.0,28880400
2022-10-04,241.8334197998047,0.0,243.27151213771026,238.04383231681499,238.15071845977334,0.0,34888400
2022-10-05,242.1443634033203,0.0,243.4852960194291,237.18876929584698,239.02525687467363,0.0,20347100
2022-10-06,239.8026123046875,0.0,243.25210389130189,239.11272288342423,240.9103348181627,0.0,20239900
2022-10-07,227.60794067382812,0.0,234.4874855805171,226.56822859279998,234.07936404235068,0.0,37769600
2022-10-10,222.7592315673828,0.0,227.91888685975806,220.31057632079649,226.45164491422375,0.0,29743600
2022-10-11,219.0279541015625,0.0,222.57460545971847,217.76475812921726,221.1753739104601,0.0,30474000
2022-10-12,219.3583221435547,0.0,221.4085821373912,217.61900908089987,219.01822579092038,0.0,21903900
2022-10-13,227.60794067382812,0.0,229.4152788681851,212.92575128751184,213.6253670289897,0.0,42551800
2022-10-14,222.0887451171875,0.0,230.52299472511268,221.8749728230323,228.8711152108653,0.0,30198600
2022-10-17,230.8047637939453,0.0,232.1942836241064,228.48243294129364,229.1431876734247,0.0,28142300
2022-10-18,231.74732971191406,0.0,237.02358255454533,228.70594491704173,236.35313103627706,0.0,26329600
2022-10-19,229.78453063964844,0.0,232.8259156019754,227.65653380190315,230.3286729708631,0.0,19985700
2022-10-20,229.4638671875,0.0,234.477775405208,228.220109078315,229.094636228901,0.0,21811000
2022-10-21,235.2648162841797,0.0,236.11990546004,227.86056720320732,228.09377738574145,0.0,26299700
2022-10-24,240.2495880126953,0.0,240.8228797300147,234.4680538752151,236.85839536600284,0.0,24911200
2022-10-25,243.5630340576172,0.0,243.93226498550914,238.86978470276068,240.2592898081023,0.0,34775500
2022-10-26,224.77061462402344,0.0,231.55298484742156,223.5462796746697,224.62485269698536,0.0,82543200
2022-10-27,220.3300018310547,0.0,227.07351120535486,219.38746436365162,224.49853205636384,0.0,40424600
2022-10-28,229.1917724609375,0.0,229.9011145363862,219.64981530818488,219.83443818188346,0.0,40647700
2022-10-31,225.5576629638672,0.0,228.2686626281402,224.60539921895975,227.14150237504404,0.0,28357300
2022-11-01,221.70977783203125,0.0,229.06545410633566,220.89356446941574,227.95773173513913,0.0,30592300
2022-11-02,213.86830139160156,0.0,224.7511921525638,213.80998772072712,222.9632917416644,0.0,38407000
2022-11-03,208.1838836669922,0.0,214.16947753294704,207.92152409617492,213.85853065986538,0.0,36633900
2022-11-04,215.12171936035156,0.0,215.31605373630032,207.3870866527862,211.3904459657905,0.0,36789100
2022-11-07,221.4182891845703,0.0,221.9430084136209,215.01487607123818,215.70478029409642,0.0,33498000
2022-11-08,222.38998413085938,0.0,225.09127262477088,219.44577390313017,222.22479913107526,0.0,28192500
2022-11-09,218.15338134765625,0.0,222.15674073787417,217.97848485395787,220.93240597493428,0.0,27852900
2022-11-10,236.10044860839844,0.0,236.4405449105993,228.34639228979617,228.7642104865012,0.0,46268000
2022-11-11,240.113525390625,0.0,240.96861451794143,235.0801800640539,236.11018052503232,0.0,34620200
2022-11-14,234.71095275878906,0.0,237.00413423164647,232.437209173695,235.1384973289977,0.0,31123300
2022-11-15,235.1190948486328,0.0,240.00667907027895,233.2340197743407,238.7046221025726,0.0,31390100
2022-11-16,235.5478057861328,0.68,237.56487314144158,234.27131111867024,236.58069414702467,0.0,24093300
2022-11-17,235.49905395507812,0.0,237.02890851797554,231.55264414591673,231.69880196531264,0.0,23123500
2022-11-18,235.05088806152344,0.0,237.50644414793118,232.91689413023886,237.2823156083128,0.0,27613500
2022-11-21,235.85963439941406,0.0,238.41262379283273,235.02162809086872,235.2554806346632,0.0,26394700
2022-11-22,238.76339721679688,0.0,239.03623507377168,234.55388823165154,237.36022259889907,0.0,19665700
2022-11-23,241.24819946289062,0.0,241.93029414801862,238.02285434078252,238.84136796293612,0.0,19508500
2022-11-25,241.16049194335938,0.0,242.33953807886874,240.4199192943966,240.98508768019255,0.0,9200800
2022-11-28,235.57705688476562,0.0,240.34199604159997,234.64161691636573,239.7865813482157,0.0,24778200
2022-11-29,234.18362426757812,0.0,236.58070207820637,232.11784747654085,235.22625156300845,0.0,17956300
2022-11-30,248.61483764648438,0.0,248.79998080802568,233.72562221636355,234.41747063024718,0.0,47594200
2022-12-01,248.1763916015625,0.0,249.56981269736582,244.50280391577542,247.37735568786078,0.0,26041500
2022-12-02,248.49795532226562,0.0,249.51135113758676,243.30426645593676,243.43094650855843,0.0,21528500
2022-12-05,243.8011932373047,0.0,247.32862273354516,241.7159238084992,245.5649005511503,0.0,23435300
2022-12-06,238.85113525390625,0.0,245.418767416636,237.54540886309002,244.4053716023512,0.0,22463700
2022-12-07,238.12030029296875,0.0,239.86452986599542,236.01555299377063,238.5685424627585,0.0,20481500
2022-12-08,241.07281494140625,0.0,242.37855615254333,236.84381267858302,238.5782885351059,0.0,22611800
2022-12-09,239.14346313476562,0.0,241.9595517487918,237.91569256943419,238.44187570641893,0.0,20609700
2022-12-12,246.05213928222656,0.0,246.08137085318384,240.84871149211713,241.12154940008574,0.0,30665100
2022-12-13,250.349365234375,0.0,257.1703424453759,246.59782182090436,254.99736328565794,0.0,42196900
2022-12-14,250.6416778564453,0.0,255.8743369804064,247.80609665366913,250.55398314754714,0.0,35410900
2022-12-15,242.64163208007812,0.0,247.69890163014767,241.0143436570325,247.23118166191023,0.0,35560400
2022-12-16,238.43211364746094,0.0,243.45039767115878,237.28228413602537,242.19339565744826,0.0,86102000
2022-12-19,234.30052185058594,0.0,238.93879503110043,232.60503162349835,238.59774028481047,0.0,29696400
2022-12-20,235.6160430908203,0.0,236.69765578039272,232.32248078286008,233.27741342411088,0.0,25150800
2022-12-21,238.1787567138672,0.0,239.33832514030232,233.9692473656318,235.5088410448142,0.0,23690600
2022-12-22,232.09835815429688,0.0,235.8011771653982,227.88883383804284,235.08983601075406,0.0,28651700
2022-12-23,232.62448120117188,0.0,232.7609001094293,227.95699189071485,230.07149240297773,0.0,21207000
2022-12-27,230.89984130859375,0.0,232.81944560087155,229.79873588689108,232.59533192984796,0.0,16688600
2022-12-28,228.53195190429688,0.0,233.5892213133109,228.18115822076558,230.83159608110222,0.0,17457100
2022-12-29,234.84619140625,0.0,235.73292182856892,229.6232721997167,229.6232721997167,0.0,19770700
2022-12-30,233.68666076660156,0.0,233.8230797011239,230.60747353761346,232.1178355853205,0.0,21938500
2023-01-03,233.4528045654297,0.0,239.46500660940322,231.32854977617055,236.86329296068058,0.0,25740000
2023-01-04,223.24081420898438,0.0,226.91438642438956,220.18111974505624,226.33947913786812,0.0,50623400
2023-01-05,216.62451171875,0.0,221.73050624812808,216.08857476656928,221.3894514053171,0.0,39585600
2023-01-06,219.17745971679688,0.0,219.98623444144232,213.74018002094996,217.2968261609176,0.0,43613600
2023-01-09,221.31146240234375,0.0,225.3261046224166,220.61962878753835,220.65859925614794,0.0,27369800
2023-01-10,222.99720764160156,0.0,225.3942852499652,221.51607720978163,221.93507289887148,0.0,27033900
2023-01-11,229.740234375,0.0,229.91562377471337,225.19940935858202,225.37479875829538,0.0,28669300
2023-01-12,232.41015625,0.0,233.7646067249311,227.58675433530573,229.24327425256297,0.0,27269500
2023-01-13,233.11175537109375,0.0,233.24817431543465,228.91198479686696,230.93879116175304,0.0,21333300
2023-01-17,234.203125,0.0,234.7488007848325,231.02648903057522,231.883988045912,0.0,29831300
2023-01-18,229.7792205810547,0.0,236.1812017430098,229.49664379486572,235.39191965313583,0.0,30028700
2023-01-19,225.99844360351562,0.0,229.49664158993286,224.78041202749904,227.80113628343994,0.0,28623000
2023-01-20,234.07643127441406,0.0,234.58313656009622,228.51245663723557,228.85351141709936,0.0,35389800
2023-01-23,236.37606811523438,0.0,238.89982582882288,233.52099453170575,234.93392297440502,0.0,31934000
2023-01-24,235.8498992919922,0.0,237.7110552325449,234.29082769199107,236.2981414839797,0.0,40234400
2023-01-25,234.45648193359375,0.0,237.0776884803085,224.99480532867324,228.483249834287,0.0,66526600
2023-01-26,241.65745544433594,0.0,241.95952488467353,235.8109041029407,237.4186997744048,0.0,33454500
2023-01-27,241.81338500976562,0.0,243.4406734697651,240.51739758193492,242.62215978962465,0.0,26498900
2023-01-30,236.5027618408203,0.0,239.31885025276583,236.00579544141553,238.25671541727394,0.0,25867400
2023-01-31,241.4723358154297,0.0,241.60875476528724,236.736628172446,237.22384083173012,0.0,26541100
2023-02-01,246.2859649658203,0.0,248.65381102324727,239.1921508241423,241.65744534727375,0.0,31259900
2023-02-02,257.8329162597656,0.0,257.92061096012765,250.6708850258921,252.20073974099043,0.0,39940400
2023-02-03,251.74278259277344,0.0,257.4431765540325,250.52475096588475,252.9023510805395,0.0,29077300
2023-02-06,250.2031707763672,0.0,251.6940402792033,248.26407396693392,250.8560488043869,0.0,22518000
2023-02-07,260.7171936035156,0.0,261.8962397215106,253.4284826965279,253.86698591365706,0.0,50841400
2023-02-08,259.9084777832031,0.0,269.681962608756,259.4017575821844,266.2130108288476,0.0,54686000
2023-02-09,256.87799072265625,0.0,266.9730522112078,256.0789548463012,266.79763305844943,0.0,42375100
2023-02-10,256.37127685546875,0.0,257.3359482905629,253.99367698119255,254.84142214986286,0.0,25818500
2023-02-13,264.3810119628906,0.0,267.57712494054994,260.317646416074,260.7951349122666,0.0,44630900
2023-02-14,265.2093200683594,0.0,267.93769873660716,262.3932169633668,265.69653266891055,0.0,37047900
2023-02-15,263.08953857421875,0.68,264.46692310846817,260.02216525434795,262.112672647368,0.0,28922400
2023-02-16,256.08538818359375,0.0,260.569199060256,255.8411717100615,257.91212263576193,0.0,29603600
2023-02-17,252.0900115966797,0.0,254.0730481798603,250.07767022898236,253.3892599372768,0.0,30000100
2023-02-21,246.82470703125,0.0,249.5794760448662,245.7696900625751,248.59283193869732,0.0,28397400
2023-02-22,245.6915283203125,0.0,248.45606050673507,244.5485970470492,248.2118440405047,0.0,22491100
2023-02-23,248.87612915039062,0.0,250.89823380940385,244.68536609831472,249.6478466517071,0.0,29219100
2023-02-24,243.4545135498047,0.0,245.1933336076266,242.36042854419725,244.17739966038974,0.0,24990900
2023-02-27,244.37277221679688,0.0,246.9712390360351,243.62058131527203,246.61956672286158,0.0,21190000
2023-02-28,243.64991760253906,0.0,245.6720373911894,242.97587767298896,243.3080234436693,0.0,22491000
2023-03-01,240.57278442382812,0.0,245.12496847434377,240.10387803031043,244.9589030496448,0.0,27565300
2023-03-02,245.30079650878906,0.0,245.5840810609681,239.9280340639678,240.8462903940092,0.0,24808200
2023-03-03,249.38409423828125,0.0,249.7064617806796,245.57432311137507,246.35581882878407,0.0,30760100
2023-03-06,250.9275360107422,0.0,254.10235014838744,250.05812596620328,250.49771263487295,0.0,24109800
2023-03-07,248.27044677734375,0.0,251.7285601912726,247.5280341065123,250.37070236682902,0.0,21473200
2023-03-08,247.8308868408203,0.0,248.65145065582482,245.00774486083787,248.16301768416147,0.0,17340200
2023-03-09,246.48280334472656,0.0,253.555302700135,245.75991723521878,249.90183388794475,0.0,26653400
2023-03-10,242.83908081054688,0.0,246.94191444562173,241.8719931478548,245.2714821705408,0.0,28333900
2023-03-13,248.0457763671875,0.0,251.94347649871762,240.04524262160942,241.67660681243697,0.0,33339700
2023-03-14,254.75680541992188,0.0,255.03032661397813,249.94084993484176,250.810259781475,0.0,33620300
2023-03-15,259.29925537109375,0.0,260.3152041308793,253.21337082147616,253.96557655248083,0.0,46028000
2023-03-16,269.8103332519531,0.0,270.1619906139307,257.18921458978684,259.0745583407351,0.0,54768800
2023-03-17,272.96563720703125,0.0,276.7754083374073,269.9275985016487,271.8227207737094,0.0,69527400
2023-03-20,265.9322204589844,0.0,271.0607665452562,263.607274796688,270.57233358465885,0.0,43466600
2023-03-21,267.4462890625,0.0,268.6380664041012,263.28483165777243,268.52084729043145,0.0,34558700
2023-03-22,265.9908142089844,0.0,274.5383905110529,265.8833434620223,267.0751210074597,0.0,34873300
2023-03-23,271.2366638183594,0.0,274.55800282765887,268.83358139202244,271.51018515297017,0.0,36610900
2023-03-24,274.07928466796875,0.0,274.1378942395977,268.911655484411,270.82630438464923,0.0,28172000
2023-03-27,269.9862365722656,0.0,274.94870285872935,269.14611628932346,274.01091982262307,0.0,26840200
2023-03-28,268.8628234863281,0.0,269.75177506940884,265.756367139309,269.40986602798046,0.0,21878600
2023-03-29,274.02069091796875,0.0,274.63612126718954,271.96926635776106,272.5065307325749,0.0,25087000
2023-03-30,277.4787902832031,0.0,277.87930894211155,274.9682671851268,277.6546488294555,0.0,25053400
2023-03-31,281.63043212890625,0.0,282.57799326147335,276.45305469008514,277.1661775421266,0.0,32766000
2023-04-03,280.5852355957031,0.0,281.6011547846993,277.3811162661027,279.8916392622568,0.0,24883300
2023-04-04,280.5363464355469,0.0,283.7307170583828,279.0612991751383,280.585207618267,0.0,25824300
2023-04-05,277.7620544433594,0.0,280.5070453166388,276.3749215198196,279.2371315346284,0.0,22064800
2023-04-06,284.8540954589844,0.0,285.3229720001434,275.50548186907776,276.65817644820123,0.0,29770300
2023-04-10,282.6952209472656,0.0,282.9003544272942,278.12346613985693,282.51936243851856,0.0,23103000
2023-04-11,276.28692626953125,0.0,279.3640772236538,275.1244834565677,279.1393873695439,0.0,27276600
2023-04-12,276.9316711425781,0.0,280.3702577764048,275.4370676878089,278.20161454678106,0.0,27403400
2023-04-13,283.13482666015625,0.0,283.1934362329106,276.61914739244156,277.02941440172174,0.0,24222700
2023-04-14,279.5203857421875,0.0,281.8062480666377,277.1270526810152,280.3604759948449,0.0,20987900
2023-04-17,282.118896484375,0.0,284.8541392450977,279.53998567684334,283.22275986400075,0.0,23836200
2023-04-18,281.69879150390625,0.0,285.01038094044696,280.37026829939435,284.82477404987856,0.0,20161800
2023-04-19,281.7769775390625,0.0,282.363073223057,277.9574283365994,279.3738659883608,0.0,17150300
2023-04-20,279.4910583496094,0.0,282.34351958863164,278.48488777303635,278.6509680753115,0.0,23244400
2023-04-21,279.149169921875,0.0,279.64735118903843,276.51162043764214,278.4165205997633,0.0,21676400
2023-04-24,275.2514343261719,0.0,278.3578898725083,272.27200590077194,275.5640385012809,0.0,26611000
2023-04-25,269.0484313964844,0.0,275.085455775241,268.9995702123378,273.0438095298006,0.0,45772200
2023-04-26,288.5369567871094,0.0,292.639806638885,285.9580455920768,289.83620549186054,0.0,64599200
2023-04-27,297.77801513671875,0.0,298.13948055653924,288.419653058881,289.1229976897944,0.0,46462600
2023-04-28,300.15185546875,0.0,301.78320498757233,296.2932228599409,296.9770409817703,0.0,36469600
2023-05-01,298.4910888671875,0.0,301.46076902162355,298.09057034211753,299.86847311830843,0.0,21294100
2023-05-02,298.3446044921875,0.0,302.02737803508757,296.8793057090036,300.640245214825,0.0,26404400
2023-05-03,297.35791015625,0.0,301.4705063650509,297.05508417719193,299.52655318111516,0.0,22360800
2023-05-04,298.3446044921875,0.0,300.640245214825,296.38109458301545,299.15539003512066,0.0,22519900
2023-05-05,303.4633483886719,0.0,304.75281837217517,297.23093994665044,298.64740725132,0.0,28197100
2023-05-08,301.50970458984375,0.0,303.0238648754862,299.00892985177205,302.95547709624844,0.0,21318600
2023-05-09,299.89788818359375,0.0,302.8675694301154,299.22384819981767,300.8747542688823,0.0,21340800
2023-05-10,305.0849609375,0.0,305.7590007361898,300.5523190484158,301.4803236876646,0.0,30078000
2023-05-11,302.9358825683594,0.0,303.9225267081971,299.1749725458381,302.92613418082834,0.0,31680200
2023-05-12,301.8222351074219,0.0,303.463362538451,299.50706787229524,303.3656699936466,0.0,19774700
2023-05-15,302.3009033203125,0.0,302.73072668738115,300.47416891606105,301.94924591720934,0.0,16336500
2023-05-16,304.5281677246094,0.0,306.452594750173,302.66235026842685,302.66235026842685,0.0,26730300
2023-05-17,307.40643310546875,0.68,307.8273965281547,304.2148790483357,305.73234911232737,0.0,24315000
2023-05-18,311.8315124511719,0.0,312.3406122958503,307.1323177228801,307.9253064598199,0.0,27276000
2023-05-19,311.6552734375,0.0,312.05666755980644,309.7266396617467,310.08886536616376,0.0,27546700
2023-05-22,314.43560791015625,0.0,315.8160032297939,311.33219074174633,311.9097978822903,0.0,24115700
2023-05-23,308.63995361328125,0.0,315.9432948088947,308.63015403990534,313.30977897111853,0.0,30797200
2023-05-24,307.25958251953125,0.0,309.8539301457172,306.0456005180939,308.1211084957931,0.0,23384900
2023-05-25,319.076171875,0.0,320.03557419335544,313.2804700336066,316.4524252321356,0.0,43301700
2023-05-26,325.89971923828125,0.0,326.3989895270922,317.07890898942946,317.21595361959976,0.0,36630600
2023-05-30,324.2550354003906,0.0,328.6899104115325,323.57952206493354,328.1906400290104,0.0,29503100
2023-05-31,321.4942932128906,0.0,328.8857420420062,320.45652421282057,325.3123928059222,0.0,45950600
2023-06-01,325.5962829589844,0.0,326.52634626965755,317.90134604784606,319.08592941453026,0.0,26773900
2023-06-02,328.3570556640625,0.0,330.41296452982044,325.56689576601605,327.2312100565703,0.0,25873800
2023-06-05,328.8857116699219,0.0,331.4506903935802,327.6325911531441,328.18082951193753,0.0,21307100
2023-06-06,326.6731262207031,0.0,328.3276407045584,325.1948546661747,328.2884722895139,0.0,20396200
2023-06-07,316.5894775390625,0.0,327.4661687531418,315.7279515267093,324.6858083621168,0.0,40717100
2023-06-08,318.42999267578125,0.0,319.7810193360927,316.5600964884988,317.1377037070702,0.0,23277700
2023-06-09,319.92791748046875,0.0,323.0607044418597,317.59788906515115,318.1656968052279,0.0,22529000
2023-06-12,324.88165283203125,0.0,325.12640320633943,318.33213042540393,321.6802988149572,0.0,24260300
2023-06-13,327.2703552246094,0.0,329.90387113011326,323.4522561033348,327.44656828941845,0.0,22951300
2023-06-14,330.2563171386719,0.0,331.9206314111561,325.82144214687054,327.3193130414061,0.0,26003800
2023-06-15,340.7903747558594,0.0,342.49382753852854,330.11926605235976,330.3933852343611,0.0,38899100
2023-06-16,335.1415710449219,0.0,344.08965911433876,334.76957557062366,343.9428148643849,0.0,46552000
2023-06-20,330.9513244628906,0.0,334.8966978743784,328.80730956943574,332.1848754637123,0.0,26375400
2023-06-21,326.5556640625,0.0,330.63811253956635,325.09696171811146,329.306655264913,0.0,25117800
2023-06-22,332.5765380859375,0.0,332.9779322220441,326.3403043071654,327.1039241601426,0.0,23556800
2023-06-23,327.9850158691406,0.0,330.86328217867896,326.44800648245837,327.33887140406574,0.0,23146900
2023-06-26,321.6997985839844,0.0,329.05207724068504,321.5920929166496,326.7122799210399,0.0,21520600
2023-06-27,327.5445251464844,0.0,329.0913343051698,322.38516833897705,324.89140968264053,0.0,24354100
2023-06-28,328.797607421875,0.0,330.8828850652817,326.80043631423547,327.63259343214776,0.0,20259500
2023-06-29,328.014404296875,0.0,329.05214338180554,325.6354380857654,327.6815474089493,0.0,16997000
2023-06-30,333.38909912109375,0.0,335.5331142814067,330.11923848147313,330.6576772264797,0.0,26832800
2023-07-03,330.8926696777344,0.0,333.7415673029559,329.5025044373006,332.067483294419,0.0,12508700
2023-07-05,331.0493469238281,0.0,334.475852129054,327.7011785685613,328.05360476311387,0.0,18172400
2023-07-06,334.1037902832031,0.0,335.78767385230776,328.45496307477555,330.21715360852994,0.0,28161200
2023-07-07,330.13885498046875,0.0,334.61289857162126,329.92347347630437,332.19476390626494,0.0,21214800
2023-07-10,324.86199951171875,0.0,328.1906279486803,320.7110434161663,327.5738523279874,0.0,32791400
2023-07-11,325.4885559082031,0.0,325.8703508704989,320.13341772549273,324.1081605217917,0.0,26698200
2023-07-12,330.1192626953125,0.0,334.4758007177013,328.62139184518895,329.53185591792584,0.0,29995300
2023-07-13,335.464599609375,0.0,336.52190790090776,331.9010204242932,332.42968950843436,0.0,20567200
2023-07-14,337.99041748046875,0.0,344.0504382444472,337.07995339278386,340.29107663490123,0.0,28352700
2023-07-17,338.47015380859375,0.0,339.70367521642703,335.0142801736607,338.4211858141297,0.0,20363900
2023-07-18,351.9411926269531,0.0,359.0781209733801,334.98491162000175,338.56803033946636,0.0,64738600
2023-07-19,347.623779296875,0.0,354.84881389642584,345.0392313202001,354.15373131724334,0.0,39732900
2023-07-20,339.586181640625,0.0,350.4531022216543,338.11767966688456,346.1455024073654,0.0,33778400
2023-07-21,336.5513000488281,0.0,342.944177986763,332.69403214811535,341.8183323536975,0.0,69405400
2023-07-24,337.8631591796875,0.0,339.6351792022214,335.1219672074144,338.58764053266464,0.0,26678100
2023-07-25,343.6099548339844,0.0,344.500849777994,337.82405242404576,339.8211939588815,0.0,41637700
2023-07-26,330.6772766113281,0.0,337.43240985586726,326.11512671611416,334.2702247265649,0.0,58383700
2023-07-27,323.77532958984375,0.0,334.1625196341891,322.1403841798644,333.33039238314757,0.0,39635300
2023-07-28,331.26470947265625,0.0,332.8702861605579,326.17391995680913,326.6634206723763,0.0,28484900
2023-07-31,328.8662109375,0.0,330.60883248614635,326.3599395048651,329.8452124789138,0.0,25446000
2023-08-01,329.2773742675781,0.0,331.4311896055557,326.69282573876103,328.1515284723082,0.0,18311900
2023-08-02,320.62298583984375,0.0,326.6242697138595,319.506909807834,326.6242697138595,0.0,27761300
2023-08-03,319.8005676269531,0.0,322.9529530019484,319.10548507078215,319.1544231849884,0.0,18253700
2023-08-04,320.8970947265625,0.0,328.10256094885904,320.3684255770162,324.91100665492644,0.0,23741500
2023-08-07,323.1781311035156,0.0,324.15713248319014,320.64252111536877,321.4746782634423,0.0,17741500
2023-08-08,319.2033996582031,0.0,321.84671543145896,316.21745729083267,320.094294531756,0.0,22327600
2023-08-09,315.4636535644531,0.0,320.2411556284152,314.30840912670357,319.61461022525367,0.0,22373300
2023-08-10,316.1488952636719,0.0,321.3669891320305,314.43564292025485,319.1740058162668,0.0,20113700
2023-08-11,314.26922607421875,0.0,315.63982195899507,312.50700575657817,313.53497507772255,0.0,24355500
2023-08-14,317.235595703125,0.0,317.2551649738709,313.35872896949473,314.64124818370647,0.0,18836100
2023-08-15,315.10137939453125,0.0,318.2635647035866,314.16154640668196,316.21745534246327,0.0,16966300
2023-08-16,314.336181640625,0.68,318.2801192612422,313.747531106502,314.728605350037,0.0,20698900
2023-08-17,310.8827819824219,0.0,315.77833241862345,310.22544912717694,314.47351697046,0.0,21257200
2023-08-18,310.4903564453125,0.0,312.3543913343559,305.653638152049,308.5379985359399,0.0,24755000
2023-08-21,315.78814697265625,0.0,316.6612873829202,311.03975175794454,311.91289216820854,0.0,24040000
2023-08-22,316.3571472167969,0.0,319.9086306831472,315.37607311272194,319.3396208763862,0.0,16084600
2023-08-23,320.8112487792969,0.0,322.96962389693414,317.33823788637403,317.69144015108157,0.0,21166400
2023-08-24,313.914306640625,0.0,326.6780913060097,313.9044863180203,326.55054687218063,0.0,23281400
2023-08-25,316.8674011230469,0.0,319.2023329027204,312.76648762728905,315.3859692887893,0.0,21684100
2023-08-28,317.5737609863281,0.0,319.9773750429431,315.6312231055439,319.4966582196224,0.0,14808500
2023-08-29,322.194580078125,0.0,322.7537995550599,315.7881667802801,315.7881667802801,0.0,19284600
2023-08-30,322.5673522949219,0.0,323.5680370692741,320.2716425608164,322.44962819676334,0.0,15222100
2023-08-31,321.5569152832031,0.0,324.64729327421776,320.59545171132726,322.96966464024024,0.0,26411000
2023-09-01,322.4398193359375,0.0,325.7067829359754,320.5953952258838,325.0396597293619,0.0,14942000
2023-09-05,327.23724365234375,0.0,328.512657905709,322.4398070250058,322.77336861557694,0.0,18553900
2023-09-06,326.5799560546875,0.0,328.13003998213503,323.9310439692956,327.0704931119819,0.0,17535800
2023-09-07,323.6661682128906,0.0,326.77615642313435,322.8028181923794,325.02005529596454,0.0,18381000
2023-09-08,327.94366455078125,0.0,329.7979091740935,323.2247000080773,323.84278154918144,0.0,19530100
2023-09-11,331.5442199707031,0.0,332.01514636855427,329.0817141298704,330.8574560496714,0.0,16583300
2023-09-12,325.490966796875,0.0,330.41597829482106,325.2064768442106,329.46433515175244,0.0,17565500
2023-09-13,329.69970703125,0.0,330.4747638297537,324.90227101671604,325.0396057999948,0.0,16544400
2023-09-14,332.289794921875,0.0,334.4088885367708,330.2001023910707,332.7312602833099,0.0,20267000
2023-09-15,323.97027587890625,0.0,331.01438041340634,323.41105648154235,330.5434840282613,0.0,37679800
2023-09-18,322.8322448730469,0.0,324.14688059021836,320.1833327948617,321.59608191122635,0.0,16834200
2023-09-19,322.4300231933594,0.0,323.15603844559445,318.36839165791633,319.9969783891352,0.0,16505900
2023-09-20,314.6991271972656,0.0,323.3522079151342,314.4440682913458,323.2737351610063,0.0,21436500
2023-09-21,313.4826354980469,0.0,319.19249448338184,309.0383706041025,313.2177562445035,0.0,35560400
2023-09-22,311.0102844238281,0.0,315.36625546450654,310.16654519847,315.23871105160333,0.0,21447900
2023-09-25,311.5302429199219,0.0,311.65778732892073,309.03830660410404,310.5982106541626,0.0,17836000
2023-09-26,306.2324523925781,0.0,309.90165956772006,304.152550365276,309.1658540685337,0.0,26297600
2023-09-27,306.87017822265625,0.0,308.3515797645924,303.82884250383796,306.3894315511619,0.0,19410100
2023-09-28,307.70416259765625,0.0,309.5093357448646,303.59345882167213,305.1042917103064,0.0,19683600
2023-09-29,309.7741394042969,0.0,313.4237361635249,309.01872314440465,311.7362875557097,0.0,24147300
2023-10-02,315.7096862792969,0.0,315.7980093102941,309.2149794399593,310.29416711870357,0.0,20570000
2023-10-03,307.4588317871094,0.0,315.3074247202829,305.320067458415,314.75799567015525,0.0,21033500
2023-10-04,312.9234619140625,0.0,313.9830389636432,308.05734158935775,308.0867726218454,0.0,20720100
2023-10-05,313.3158264160156,0.0,313.92411753909374,308.94024408682094,313.05094717371253,0.0,16965600
2023-10-06,321.06634521484375,0.0,322.9598111936179,310.3137506624104,310.55901920701876,0.0,25673600
2023-10-09,323.577880859375,0.0,324.04877728616253,317.063534182084,318.6038277713841,0.0,19891200
2023-10-10,322.17498779296875,0.0,324.83369063109717,321.46861313435045,324.6963258646944,0.0,20557100
2023-10-11,326.128662109375,0.0,326.5210857572993,322.91074029238723,324.9415409038971,0.0,20063200
2023-10-12,324.8924865722656,0.0,327.3157406777027,322.49866349078104,324.31365647453015,0.0,19313100
2023-10-13,321.5274658203125,0.0,327.5119946274533,320.1833689854534,326.08945496838265,0.0,21072400
2023-10-16,326.3445129394531,0.0,329.7782723940854,324.34311333126567,324.78457872571454,0.0,22158000
2023-10-17,325.7754821777344,0.0,327.1489800095309,321.2134933356926,323.3522278123477,0.0,18338500
2023-10-18,323.86236572265625,0.0,329.2386627175147,322.0866239478229,326.1973269355328,0.0,23153600
2023-10-19,325.04949951171875,0.0,330.5042694735543,324.6472555112947,325.86377789501114,0.0,25052100
2023-10-20,320.4875183105469,0.0,325.6381577998448,319.29060660305254,325.441930986154,0.0,25027700
2023-10-23,323.08734130859375,0.0,326.4328077015871,318.25065300887303,319.31019990102027,0.0,24374700
2023-10-24,324.27447509765625,0.0,325.5596799875635,321.39993469137573,325.02989150210226,0.0,31153600
2023-10-25,334.2225341796875,0.0,339.64787287454516,331.2302401447983,338.4901826566504,0.0,55053800
2023-10-26,321.68438720703125,0.0,335.1643351813987,320.7523548760507,334.09496805111814,0.0,37828500
2023-10-27,323.56805419921875,0.0,330.3472799837888,322.1847360926127,324.1763153652428,0.0,29856500
2023-10-30,330.9261169433594,0.0,333.02562998161824,325.54981985866505,327.09993377177346,0.0,22828100
2023-10-31,331.7109680175781,0.0,332.5841383863149,328.355711175483,332.4369832511366,0.0,20265300
2023-11-01,339.5203552246094,0.0,340.84481138122624,333.22184569359115,333.3592104526516,0.0,28158800
2023-11-02,341.7277526855469,0.0,342.22808013928716,338.244921513789,340.66817584467145,0.0,24348100
2023-11-03,346.1229248046875,0.0,347.68285894520625,340.7564483684525,343.0129367253001,0.0,23637700
2023-11-06,349.7823181152344,0.0,350.7732124532955,346.6625099264912,346.76062331620074,0.0,23828300
2023-11-07,353.7066955566406,0.0,355.6001616596292,350.86158624054224,352.5980768718827,0.0,25833900
2023-11-08,356.326171875,0.0,356.9834748418886,353.72630121668095,354.83491988562287,0.0,26767800
2023-11-09,353.8636169433594,0.0,357.88602671202375,353.53984572631765,355.4431318616368,0.0,24847300
2023-11-10,362.6736755371094,0.0,363.0955302142946,354.23643229337705,354.6484666487655,0.0,28042100
2023-11-13,359.74029541015625,0.0,361.49642668428953,358.97505869997684,361.2511581241037,0.0,19986500
2023-11-14,363.2622985839844,0.0,364.9105258370756,360.3975789598127,363.98831378189556,0.0,27683900
2023-11-15,363.4098205566406,0.75,366.81121863639925,360.89314538692616,364.99254154145893,0.0,26860100
2023-11-16,369.7997131347656,0.0,369.97665770103697,363.91113117269197,364.6779209606421,0.0,27182300
2023-11-17,363.5867614746094,0.0,368.0302064935661,360.78501895126305,367.28306715379995,0.0,40157000
2023-11-20,371.0482482910156,0.0,372.454024769358,364.71730401002463,364.9335796221372,0.0,52465100
2023-11-21,366.75225830078125,0.0,369.8489086679745,364.8352685492538,369.30823463589167,0.0,28423100
2023-11-22,371.4512023925781,0.0,373.35835133492185,368.61996973587117,371.59865617662126,0.0,23345300
2023-11-24,371.038330078125,0.0,371.56919374191403,368.78713213501106,370.9400175476793,0.0,10176600
2023-11-27,372.1983642578125,0.0,374.1940157538783,369.8292031236525,370.39936783626126,0.0,22179200
2023-11-28,376.2191467285156,0.0,376.51405435302496,371.75602133936184,371.9428061684763,0.0,20453100
2023-11-29,372.43438720703125,0.0,377.7920764193851,371.0482611904095,377.2612426263824,0.0,28963400
2023-11-30,372.4933166503906,0.0,373.6533266294802,369.1115692531181,372.0804159794598,0.0,30554400
2023-12-01,368.1678466796875,0.0,371.75602952719976,365.0220252786822,370.37974391455106,0.0,33040500
2023-12-04,362.88873291015625,0.0,363.26227251698964,356.7543851446723,362.84940189862635,0.0,32063300
2023-12-05,366.21148681640625,0.0,366.76200100247496,359.4283420231669,360.24430304947185,0.0,23065000
2023-12-06,362.55450439453125,0.0,367.8434010010659,361.7975548433351,367.2142547508921,0.0,21182100
2023-12-07,364.6680908203125,0.0,365.15962347811006,360.11649360898355,361.9941519618629,0.0,23118900
2023-12-08,367.892578125,0.0,368.11866396815253,361.99418568198814,362.94776032697274,0.0,20154400
2023-12-11,365.0121765136719,0.0,365.30711413857625,359.90025435719485,362.2399548445349,0.0,27708800
2023-12-12,368.0400085449219,0.0,368.079339558926,364.1863791933993,364.5697890781994,0.0,24838300
2023-12-13,368.0301513671875,0.0,371.24479409698984,364.49111028889564,369.6522031111794,0.0,30955500
2023-12-14,359.73309326171875,0.0,367.43051168709843,357.9635876470979,366.98812028305656,0.0,43277500
2023-12-15,364.4518127441406,0.0,366.09351500946013,360.0771601195224,360.6375145457429,0.0,78502300
2023-12-18,366.33929443359375,0.0,366.68337330414107,362.4365238179664,363.1935033333252,0.0,21802900
2023-12-19,366.9389953613281,0.0,366.9389953613281,363.5768985428581,365.19895042864266,0.0,20603700
2023-12-20,364.3436584472656,0.0,369.6620453460696,364.2551861699306,368.64948928220537,0.0,26316700
2023-12-21,367.21429443359375,0.0,368.0695566165207,363.7735651914328,366.2508794455086,0.0,17708000
2023-12-22,368.23663330078125,0.0,368.8264785553031,366.3983057581292,367.35188041938636,0.0,17107500
2023-12-26,368.3152770996094,0.0,370.5566649551992,367.1749176642006,368.649515727109,0.0,12673100
2023-12-27,367.7352294921875,0.0,368.70845450062126,366.4965576627112,367.3616598927727,0.0,14905400
2023-12-28,368.9248046875,0.0,370.0848147302982,367.82377617224904,369.01327697882084,0.0,14327000
2023-12-29,369.6719055175781,0.0,370.77293391810167,367.15526060187455,369.6325745030526,0.0,18730800
2024-01-02,364.5894470214844,0.0,369.5342646061022,360.55887302589025,367.5288028618132,0.0,25258600
2024-01-03,364.3240966796875,0.0,366.93905462734597,362.26949329240864,362.7610260645073,0.0,23083500
2024-01-04,361.7090759277344,0.0,366.7816968551165,360.95212639041375,364.3928551976836,0.0,20901500
2024-01-05,361.5223083496094,0.0,365.7593179114421,360.29347657411785,362.72164936252017,0.0,21004600
2024-01-08,368.3447265625,0.0,368.8460994479234,362.7609230571881,363.0459903834981,0.0,23134000
2024-01-09,369.4261474609375,0.0,369.62274253642516,364.9040407138779,365.71016152546855,0.0,20830000
2024-01-10,376.28790283203125,0.0,377.66421828465786,369.94714950002793,369.99629076586194,0.0,25514200
2024-01-11,378.116455078125,0.0,384.063988833949,373.9384270676175,379.4632498955057,0.0,27850800
2024-01-12,381.8913879394531,0.0,382.0978232574525,378.13607119839037,378.9618424711607,0.0,21661200
2024-01-16,383.66094970703125,0.0,387.3572854699558,381.0558322148753,386.9935560466254,0.0,27202300
2024-01-17,382.87451171875,0.0,383.5036580222972,378.29342300551,381.40975376136174,0.0,22234100
2024-01-18,387.1999816894531,0.0,387.31794474262756,383.51348627386955,385.08639698467385,0.0,23392100
2024-01-19,391.9186706542969,0.0,391.9186706542969,386.83620966747424,389.05794692680297,0.0,29331100
2024-01-22,389.7952880859375,0.0,393.8356726529961,386.9247237943795,393.2458273875224,0.0,27016900
2024-01-23,392.1448059082031,0.0,392.6166881291798,387.25896937303906,389.0481557100348,0.0,20525900
2024-01-24,395.7427673339844,0.0,398.7607850247389,393.6685139379053,394.7400515217606,0.0,24867000
2024-01-25,398.013671875,0.0,400.11744616888006,395.71330250742477,397.4729979213706,0.0,21021200
2024-01-26,397.0896301269531,0.0,399.2917171915394,395.61503191441454,397.5221813360267,0.0,17803300
2024-01-29,402.7815246582031,0.0,403.037131241998,397.4827881758261,399.18350198201716,0.0,24510200
2024-01-30,401.67071533203125,0.0,406.0551789121295,399.5669708342569,405.27857879420264,0.0,33477600
2024-01-31,390.8470764160156,0.0,408.2866746871425,390.4833470666394,400.0682334385884,0.0,47871100
2024-02-01,396.9421691894531,0.0,401.09070661971754,394.9956887835189,395.02517954720986,0.0,30657700
2024-02-02,404.25616455078125,0.0,405.6619409058491,396.72587980855803,396.9716461643717,0.0,28256700
2024-02-05,398.780517578125,0.0,404.19721813095964,397.1486252336955,402.9585459898289,0.0,25352300
2024-02-06,398.6231689453125,0.0,401.06118187336995,396.0868734804641,399.0065788415849,0.0,18382600
2024-02-07,407.0382385253906,0.0,407.28400488846614,400.50085926773676,400.5401902860463,0.0,22340500
2024-02-08,407.09716796875,0.0,408.5226246925269,405.5439379531735,407.03818644922006,0.0,21225300
2024-02-09,413.4281311035156,0.0,413.693577955035,408.060602560808,408.2178966207668,0.0,22032800
2024-02-12,408.22772216796875,0.0,413.6149010238027,407.7263492449608,413.43795646301396,0.0,21202900
2024-02-13,399.4391174316406,0.0,403.1256124684785,396.55874317637694,398.08248245796057,0.0,27824900
2024-02-14,403.29986572265625,0.75,403.6445808998677,398.454256564083,401.9013482236895,0.0,20401200
2024-02-15,400.4141540527344,0.0,402.94531135993617,398.17847977076707,401.97028650604454,0.0,21825500
2024-02-16,397.9519958496094,0.0,402.11806357382386,397.34137293273426,401.7930352108052,0.0,22296500
2024-02-20,396.7011413574219,0.0,398.37542488528044,391.99340052173363,397.1443207958614,0.0,24307900
2024-02-21,396.1003723144531,0.0,396.20872511051635,391.2153593903598,394.12077725006736,0.0,18518900
2024-02-22,405.4272155761719,0.0,406.5893706886108,402.393788153555,403.98929433440406,0.0,27009900
2024-02-23,404.13702392578125,0.0,409.5735691126935,402.7877385663373,409.38646893086735,0.0,16295900
2024-02-26,401.37939453125,0.0,405.929551090099,401.2020926741633,405.2401206785282,0.0,16193500
2024-02-27,401.3203125,0.0,402.14761097779564,397.7451808256374,401.8225826130769,0.0,14835800
2024-02-28,401.556640625,0.0,403.1127430930959,399.1929265964819,402.00967855020446,0.0,13183100
2024-02-29,407.3871765136719,0.0,407.9387088030321,399.7838756031993,402.46275960420144,0.0,31947300
2024-03-01,409.2190246582031,0.0,409.58342668223145,404.66886847100426,405.0529573414313,0.0,17823400
2024-03-04,408.64776611328125,0.0,411.0410251668183,406.0870636846248,407.19012810158426,0.0,17596000
2024-03-05,396.56329345703125,0.0,407.9879468638669,394.5836982689815,407.7023222632256,0.0,26919200
2024-03-06,396.01171875,0.0,399.03531766594347,392.36766860816914,396.87842085481464,0.0,22344100
2024-03-07,402.95513916015625,0.0,403.5854487981229,396.1594208279708,399.9807725694748,0.0,18718500
2024-03-08,400.07928466796875,0.0,404.21580644025056,398.2178408535662,401.79297194630584,0.0,18002200
2024-03-11,398.40496826171875,0.0,399.54743645794565,395.19426925023413,397.6564774172096,0.0,16120800
2024-03-12,409.00238037109375,0.0,409.2880049750951,400.6407298572385,401.45816986092404,0.0,22457000
2024-03-13,408.8250732421875,0.0,411.85850065118984,405.2302551257752,411.7797232101297,0.0,17115900
2024-03-14,418.7921142578125,0.0,421.3528170705886,411.6713965625505,413.88738417925487,0.0,34157300
2024-03-15,410.1251220703125,0.0,416.2116937258995,406.54999083820695,412.95173236718284,0.0,45079900
2024-03-18,411.01153564453125,0.0,414.3699915467621,407.52504009505543,407.98793648172665,0.0,20106000
2024-03-19,415.0396423339844,0.0,415.2957215897936,409.2682110218086,411.5137435664989,0.0,19837900
2024-03-20,418.80194091796875,0.0,419.5208864985866,414.3010169757645,415.62075700500156,0.0,17860100
2024-03-21,422.8793640136719,0.0,424.30745690999566,420.70278020104655,423.3324019440985,0.0,21296200
2024-03-22,422.25885009765625,0.0,423.3619145681295,419.62922855755534,423.2043596919927,0.0,17648500
2024-03-25,416.4677429199219,0.0,420.9489800236463,415.2366387798196,418.8117700116772,0.0,18060500
2024-03-26,415.27606201171875,0.0,419.5504521799467,414.9806090267337,419.1761916947957,0.0,16725600
2024-03-27,415.05938720703125,0.0,418.0337541903471,412.67598630724365,418.0238957387452,0.0,16705000
2024-03-28,414.360107421875,0.0,415.4927172172239,412.78428811448583,414.5964697982947,0.0,21871200
2024-04-01,418.15191650390625,0.0,421.42173632509054,415.8374347010724,417.5412936572551,0.0,16316000
2024-04-02,415.0691833496094,0.0,415.9949759735675,411.52359777447737,413.7592718458972,0.0,17912000
2024-04-03,414.09417724609375,0.0,416.86169679254687,412.75472038791173,413.38506009911544,0.0,16502300
2024-04-04,411.5630798339844,0.0,422.18998013142357,411.25776838460877,418.56558637813976,0.0,19370900
2024-04-05,419.0875244140625,0.0,420.06257930400153,411.9963827991793,413.6608379545396,0.0,16554800
2024-04-08,418.1716613769531,0.0,420.8210002679611,416.9011533078201,418.7429106107527,0.0,14272400
2024-04-09,419.8360595703125,0.0,421.27398079875763,415.24649970194963,419.9936445079337,0.0,12496900
2024-04-10,416.8616943359375,0.0,417.62004361877445,413.3555123677214,415.8078620441207,0.0,16216600
2024-04-11,421.4610595703125,0.0,422.87929377947376,415.97525294572694,419.38297045020465,0.0,17966400
2024-04-12,415.5222473144531,0.0,418.7526632511182,413.42444113170603,417.6397403424306,0.0,19253800
2024-04-15,407.3871765136719,0.0,420.36793227353456,407.1803293629701,420.15125672726765,0.0,20273500
2024-04-16,408.3128967285156,0.0,412.07515806913636,407.47576998606934,408.3030683339737,0.0,16765600
2024-04-17,405.6143493652344,0.0,412.5479364642673,404.127165910336,410.9425718180864,0.0,15855500
2024-04-18,398.1587829589844,0.0,405.6636193685748,397.843643128254,404.42265672373026,0.0,21029900
2024-04-19,393.086669921875,0.0,399.3505441683074,391.7570712796187,397.92245117176225,0.0,30565800
2024-04-22,394.89886474609375,0.0,396.76030891740095,389.7676303217292,394.0321624900094,0.0,20286900
2024-04-23,401.408935546875,0.0,402.02941689941457,396.9671017838586,398.12925698523895,0.0,15734500
2024-04-24,402.8763427734375,0.0,406.2347982871372,400.6308101493401,403.36878440202247,0.0,15065300
2024-04-25,393.0078430175781,0.0,393.8449998393028,382.16426819567243,388.0735680343126,0.0,40586500
2024-04-26,400.17779541015625,0.0,406.7568087350332,399.6262631587446,405.9393688090581,0.0,29694700
2024-04-29,396.1693420410156,0.0,400.1778246357648,393.1556012841848,399.1239921991836,0.0,19582100
2024-04-30,383.444580078125,0.0,396.0806489273893,383.28702520862055,395.42076392930267,0.0,28781400
2024-05-01,388.96978759765625,0.0,395.64729473492514,384.40977340635925,386.6749928264685,0.0,23562500
2024-05-02,391.8259582519531,0.0,393.88436068854867,388.68417820234623,391.6486864760746,0.0,17709400
2024-05-03,400.5126647949219,0.0,400.9952480161036,395.7852067038653,396.1988709336313,0.0,17446700
2024-05-06,407.2886657714844,0.0,407.67275464571117,400.22703898277103,402.58092459776026,0.0,16996600
2024-05-07,403.1520690917969,0.0,408.4015131658898,402.9058483018066,408.3916547162906,0.0,20018200
2024-05-08,404.3340148925781,0.0,405.9984701419799,400.56189486819255,401.9998461853561,0.0,11792300
2024-05-09,406.08709716796875,0.0,406.48104448418644,402.91577167959764,404.3635513602943,0.0,14689700
2024-05-10,408.47052001953125,0.0,409.1008598045123,405.5749605018169,406.6977419727187,0.0,13402300
2024-05-13,407.4659423828125,0.0,412.0259571204268,404.60978666771797,411.6911003868472,0.0,15440200
2024-05-14,410.2629699707031,0.0,411.17890419255156,405.3286952009842,405.7915915372278,0.0,15109300
2024-05-15,417.4360046386719,0.75,418.15627711467357,411.7035137509103,412.32511422725236,0.0,22239500
2024-05-16,415.37384033203125,0.0,419.7447655066684,414.74239380752215,416.1730322472247,0.0,17530100
2024-05-17,414.60430908203125,0.0,417.2781788386251,412.4533979292135,416.903243294278,0.0,15352200
2024-05-20,419.6658935546875,0.0,421.0768099021397,414.3872573782501,414.6043237478942,0.0,16272100
2024-05-21,423.3164978027344,0.0,427.1940633042462,419.1823911367933,421.1359581260157,0.0,21453300
2024-05-22,424.77679443359375,0.0,426.6415960323189,421.43203314716374,424.3525379179631,0.0,18073700
2024-05-23,421.3037109375,0.0,427.8156712738496,419.7448017896618,427.194070817087,0.0,17211700
2024-05-24,424.4215393066406,0.0,425.3095270127513,418.74824604311783,421.49115879915024,0.0,11855300
2024-05-28,424.5794677734375,0.0,425.07279769134385,420.9090919797955,423.8986700778892,0.0,15718000
2024-05-29,423.44476318359375,0.0,425.19114003957617,420.0111765352336,420.0111765352336,0.0,15517100
2024-05-30,409.13824462890625,0.0,418.63975349144664,408.7139580183881,418.63975349144664,0.0,28394500
2024-05-31,409.59210205078125,0.0,411.1904861655314,399.11377942255837,411.1904861655314,0.0,47995300
2024-06-03,408.0035400390625,0.0,410.8747236026411,403.4649291544174,409.9867358256656,0.0,17484700
2024-06-04,410.5195007324219,0.0,410.8845599967463,404.21473091731406,406.92804504027714,0.0,14348900
2024-06-05,418.3536071777344,0.0,418.42265047577604,410.7464388812518,412.23630472822083,0.0,16988000
2024-06-06,418.8568115234375,0.0,419.63628120393724,414.96936946485204,418.35363549566944,0.0,14861300
2024-06-07,418.19580078125,0.0,420.59337708963096,417.35713385188853,420.5144575469657,0.0,13621700
2024-06-10,422.1621398925781,0.0,422.3693300275411,418.2352530096641,419.0344450692757,0.0,13982900
2024-06-11,426.907958984375,0.0,427.04610581067664,419.57708382911113,419.8040264249776,0.0,14551100
2024-06-12,435.1761474609375,0.0,437.4849276655188,427.47033721280536,429.51273012432705,0.0,22366200
2024-06-13,435.6892395019531,0.0,437.47512151645753,433.5087296834647,434.9689970884557,0.0,15960600
2024-06-14,436.666015625,0.0,437.22841891267086,430.89405002785384,432.43323683903066,0.0,13582000
2024-06-17,442.3886413574219,0.0,444.92436422206765,434.84070005199675,436.68574902549324,0.0,20790000
2024-06-18,440.3857116699219,0.0,444.1350368072149,438.95507309068336,443.7107502283828,0.0,17112500
2024-06-20,439.7542724609375,0.0,440.57318682315986,435.38334678666155,440.3462442358131,0.0,19877400
2024-06-21,443.7798767089844,0.0,444.5691925636153,440.5535097623316,441.4118990346219,0.0,34187100
2024-06-24,441.6980285644531,0.0,446.71024735686916,440.45482751735335,443.79958875342635,0.0,15913700
2024-06-25,444.9342041015625,0.0,445.3979353653379,440.79022131418793,442.27021086532676,0.0,16413400
2024-06-26,446.1281433105469,0.0,447.5489359731975,442.2111023091574,443.0102944180896,0.0,16507000
2024-06-27,446.8089294433594,0.0,450.0846474477425,445.7433199188156,446.1478540799415,0.0,14806300
2024-06-28,440.9875793457031,0.0,449.305113661538,440.45477465939115,447.02593208902044,0.0,28362300
2024-07-01,450.6371154785156,0.0,451.2685620568994,439.71478489170136,442.6747641221356,0.0,17662800
2024-07-02,453.1531066894531,0.0,453.4589688152071,447.06540254269134,447.1542284209129,0.0,13979800
2024-07-03,454.62322998046875,0.0,454.86989493305913,451.7717987859675,452.07766091834213,0.0,9932800
2024-07-05,461.3226013183594,0.0,462.1020709028193,452.8471982115864,453.4786447544731,0.0,16000300
2024-07-08,460.0202331542969,0.0,461.4607780718062,458.26398000009,460.326095268591,0.0,12962300
2024-07-09,453.40960693359375,0.0,461.09566431646033,451.89014256478214,460.77007986409006,0.0,17207200
2024-07-10,460.0301513671875,0.0,460.2373415030919,452.7387206812327,455.06725356597207,0.0,18196100
2024-07-11,448.6342468261719,0.0,458.5797648874454,445.5262442034591,456.8037891977259,0.0,23111200
2024-07-12,447.4995422363281,0.0,450.2720538778231,444.6382348256943,448.26913567933263,0.0,16324300
2024-07-15,447.904052734375,0.0,451.1600479833261,445.40780476541227,447.2528536845848,0.0,14429400
2024-07-16,443.5233154296875,0.0,448.23954820722287,440.7014827721708,448.1606286695201,0.0,17175700
2024-07-17,437.60333251953125,0.0,438.9156068819966,433.3212327097638,436.68574615539535,0.0,21778000
2024-07-18,434.4953308105469,0.0,438.7182331565263,428.60497114914784,438.41237105587203,0.0,20794800
2024-07-19,431.2787780761719,0.0,435.2550453064195,426.236961800489,427.3222934197587,0.0,20940400
2024-07-22,437.03106689453125,0.0,438.6689256733767,433.05482935357276,435.89641421757136,0.0,15808800
2024-07-23,438.9156494140625,0.0,442.4084337865644,437.1889946406873,437.97831049289954,0.0,13107100
2024-07-24,423.1783752441406,0.0,435.5905721860423,421.88585333621705,434.5743138131604,0.0,26805800
2024-07-25,412.81842041015625,0.0,424.0663351847354,411.94030891768244,423.0796754657291,0.0,29943800
2024-07-26,419.5968017578125,0.0,423.19813411147953,411.7035233681291,412.6211398648851,0.0,23583800
2024-07-29,421.037353515625,0.0,426.3850328487882,419.0344352964457,425.8226295279651,0.0,15125800
2024-07-30,417.2781677246094,0.0,423.32636688783225,411.7923116419938,422.0141226280364,0.0,32687600
2024-07-31,412.7691650390625,0.0,416.15340118634725,406.71105894897664,414.8904777498154,0.0,42891400
2024-08-01,411.5456237792969,0.0,421.75755796351626,407.57926252131097,415.1765544542287,0.0,30296400
2024-08-02,403.0406494140625,0.0,409.46381430513844,398.9460172931046,406.98728858808795,0.0,29437900
2024-08-05,389.87860107421875,0.0,395.6900415573509,380.43625987349014,383.9783949357412,0.0,40709200
2024-08-06,394.27911376953125,0.0,400.2582999432438,393.18393582915473,394.6639255499671,0.0,24946500
2024-08-07,393.1148376464844,0.0,404.6094177317887,392.16765271577526,403.18865539095805,0.0,20650900
2024-08-08,397.3180236816406,0.0,400.4457182788044,394.6047093244423,397.07135874007713,0.0,20203000
2024-08-09,400.6036071777344,0.0,402.60652539742165,396.8937867490897,398.6401637815713,0.0,19276700
2024-08-12,401.383056640625,0.0,403.30705522680034,398.84733381774834,401.6297215819056,0.0,16762900
2024-08-13,408.4870300292969,0.0,409.41449264240543,404.10625814496586,404.1259805010332,0.0,19414300
2024-08-14,411.2989807128906,0.0,412.14752377963794,406.9478375879701,409.26646397851016,0.0,18267000
2024-08-15,416.162109375,0.75,416.2411711538097,412.8310776655769,414.94631960204117,0.0,20752100
2024-08-16,413.6317138671875,0.0,416.46852653153576,412.4752279591184,415.73709195319884,0.0,22775600
2024-08-19,416.6563415527344,0.0,416.8737991572246,411.6449527797598,414.11604821044875,0.0,15234000
2024-08-20,419.8885192871094,0.0,420.93626132598814,416.7650812391523,416.82438511571235,0.0,16387600
2024-08-21,419.2361755371094,0.0,421.4700252660244,416.8441419181339,419.1768414959673,0.0,16067300
2024-08-22,410.74542236328125,0.0,421.8554866317301,409.81628817687795,419.45355922894015,0.0,19361900
2024-08-23,411.97113037109375,0.0,414.41257372157986,407.32545916499066,412.15893602611095,0.0,18493800
2024-08-26,408.70928955078125,0.0,412.4554786638681,406.58415351672016,411.55599630876077,0.0,13152800
2024-08-27,409.0552673339844,0.0,409.5692443465509,405.5067777613987,408.0865870238401,0.0,13492900
2024-08-28,405.85272216796875,0.0,410.2018441208808,402.6007521142328,410.08323636580656,0.0,14882700
2024-08-29,408.34356689453125,0.0,417.17031240351145,405.85271359636084,410.14253158113485,0.0,17045200
2024-08-30,412.31707763671875,0.0,412.663006834999,407.36499317358016,410.7948745382869,0.0,24308300
2024-09-03,404.7061462402344,0.0,415.0254436454868,402.3240065159735,413.0782191501631,0.0,20313600
2024-09-04,404.17236328125,0.0,406.4853049884444,399.6947395600007,401.2169427939581,0.0,15135800
2024-09-05,403.6682434082031,0.0,408.3237783354607,401.4343636867301,402.9071267784607,0.0,14195500
2024-09-06,397.05560302734375,0.0,405.9021060614487,396.165984591682,404.33049307771034,0.0,19609500
2024-09-09,401.0291442871094,0.0,403.9252609488484,397.50041270369564,402.5315594789773,0.0,15295100
2024-09-10,409.4111022949219,0.0,411.5164502597468,402.9862541865475,403.48047327180706,0.0,19594300
2024-09-11,418.14886474609375,0.0,419.0878628478116,404.8444661227044,410.6960329818373,0.0,19266900
2024-09-12,422.0630798339844,0.0,422.42879711427406,414.89690341994134,418.415740735589,0.0,17395700
2024-09-13,425.61163330078125,0.0,426.837287109318,420.5409401226205,420.9066574580876,0.0,15874600
2024-09-16,426.3529357910156,0.0,428.5176178937892,423.26901338836296,425.6215011650568,0.0,13834700
2024-09-17,430.11883544921875,0.0,436.7413828200211,427.2721288798558,435.14011791593873,0.0,18874200
2024-09-18,425.8290100097656,0.0,430.9886580324637,425.43364080776206,429.9705680090547,0.0,18898000
2024-09-19,433.6179504394531,0.0,436.3954593302787,431.84863763952944,436.1285918792357,0.0,21706600
2024-09-20,430.2374572753906,0.0,434.1615578880838,429.1996092968504,432.1649237095232,0.0,55167100
2024-09-23,428.4978332519531,0.0,431.41370770372646,425.4139110417271,429.2589197702658,0.0,15128900
2024-09-24,424.2079772949219,0.0,428.33964116383595,421.1734651982217,427.9936818084109,0.0,17015800
2024-09-25,427.11395263671875,0.0,428.1122847230435,423.6149036474301,424.86031508228893,0.0,13396400
2024-09-26,426.3232727050781,0.0,430.2671314248125,424.1684846935021,430.0595678513369,0.0,14492000
2024-09-27,423.0712890625,0.0,426.85702409572957,422.52766014209345,426.5308226116947,0.0,14896100
2024-09-30,425.324951171875,0.0,425.4435890958682,420.451958019216,423.25911892558076,0.0,16807300
2024-10-01,415.8260803222656,0.0,423.52602256028683,413.96781162828705,423.49637062005274,0.0,19092900
2024-10-02,412.30718994140625,0.0,417.93140514988795,411.89203266645677,417.6941594936009,0.0,16582300
2024-10-03,411.72406005859375,0.0,414.69923855591765,409.5000740881514,412.8014540867281,0.0,13686400
2024-10-04,411.2495422363281,0.0,414.89688113885154,410.172148356534,413.40432999591644,0.0,19169700
2024-10-07,404.8049621582031,0.0,412.287415913181,404.2711971193028,411.190264062665,0.0,20919800
2024-10-08,409.9151611328125,0.0,410.8541894054543,403.45079759655545,406.1492143378804,0.0,19229300
2024-10-09,412.6333923339844,0.0,415.51964507918063,409.50992407936405,411.051885220099,0.0,14974300
2024-10-10,411.0321044921875,0.0,412.5246557071608,408.37320353432506,410.42917171763446,0.0,13848400
2024-10-11,411.5065612792969,0.0,412.3071937353824,408.4720490414364,411.3286496589972,0.0,14144900
2024-10-14,414.2939453125,0.0,419.1372858012014,412.6926503077809,412.9397598241915,0.0,16653100
2024-10-15,413.8985595703125,0.0,417.59533856944756,410.45881429415135,417.2987890411578,0.0,18900200
2024-10-16,411.3088684082031,0.0,411.5460839058675,405.7340930599272,410.36987028679,0.0,15508900
2024-10-17,411.9019470214844,0.0,417.61511832115826,410.78500708577025,417.4767225011017,0.0,14820000
2024-10-18,413.3253173828125,0.0,414.79808063402476,411.44729085370335,412.3171212877513,0.0,17145300
2024-10-21,413.9381103515625,0.0,414.1160219717621,408.9662678666254,411.30886136013186,0.0,14206100
2024-10-22,422.56719970703125,0.0,425.60168187753965,413.2066892964129,413.6514683614362,0.0,25482200
2024-10-23,419.6908264160156,0.0,426.09588604624633,417.64475229425324,425.87842845603865,0.0,19654400
2024-10-24,419.8193359375,0.0,421.0548835944768,417.5162582126422,420.4123746810587,0.0,13581600
2024-10-25,423.19976806640625,0.0,427.5192377532194,421.63804913504384,421.8258547879259,0.0,16899100
2024-10-28,421.6578063964844,0.0,426.94595627618617,421.37115090072086,426.66919481416045,0.0,14882400
2024-10-29,426.9558410644531,0.0,428.16173672961014,420.8769227357868,423.05149857942604,0.0,17644100
2024-10-30,427.5291748046875,0.0,433.43015208412135,427.10415361686785,432.38241000195467,0.0,29749100
2024-10-31,401.6518249511719,0.0,411.3484002261627,401.60238494770107,410.55763165325993,0.0,53971000
2024-11-01,405.6253662109375,0.0,410.69605883957496,402.78855349489004,404.2811047814158,0.0,24230400
2024-11-04,403.7374267578125,0.0,405.67478719502446,400.88085627166146,405.06193022116906,0.0,19672300
2024-11-05,406.7027587890625,0.0,410.102988488707,403.3618329661191,403.6484884800003,0.0,17626000
2024-11-06,415.3219299316406,0.0,415.58882753455555,405.77361389082967,407.65167048638625,0.0,26681800
2024-11-07,420.51123046875,0.0,421.91482589939426,415.0254108601489,416.40921822256973,0.0,19901800
2024-11-08,417.6546630859375,0.0,421.568869701991,416.90344044148964,420.40251992805025,0.0,16891400
2024-11-11,413.1770935058594,0.0,419.89846171842794,411.19032291788955,417.6349296196992,0.0,24503300
2024-11-12,418.1390075683594,0.0,419.5327090402253,412.37642617579047,413.4142742125201,0.0,19401200
2024-11-13,420.28387451171875,0.0,424.36609835467016,413.37467197125,416.76503743687516,0.0,21502200
2024-11-14,421.954345703125,0.0,423.2195452366953,415.14399286491056,420.0861832561595,0.0,30246900
2024-11-15,410.20184326171875,0.0,417.91164897279026,408.85758182070697,414.9661225121513,0.0,28247600
2024-11-18,410.95306396484375,0.0,413.56252505276035,407.33537663624696,410.0733395128572,0.0,24727000
2024-11-19,412.9595642089844,0.0,413.10782389174204,406.79168992363145,408.3336509537854,0.0,18133500
2024-11-20,410.6861572265625,0.0,412.46536399512735,405.8329222910528,412.05020669970736,0.0,19191700
2024-11-21,408.9132995605469,0.83,415.7570819396626,406.3580380143849,415.47976649879917,0.0,20780200
2024-11-22,413.00372314453125,0.0,413.39988374041405,407.1206461090675,407.4276728377604,0.0,24814600
2024-11-25,414.776611328125,0.0,417.0446437711569,410.87436717729366,414.37053686089325,0.0,27691100
2024-11-26,423.888427734375,0.0,424.92838338966095,414.83603494213827,415.5689336176803,0.0,23458900
2024-11-27,418.9363098144531,0.0,423.1356967701012,417.97560449920036,421.03598817971914,0.0,18332400
2024-11-29,419.4018249511719,0.0,420.808229889217,413.7960631011275,416.06412568619913,0.0,16271900
2024-12-02,426.8497619628906,0.0,428.85039263641124,417.27242003383,417.5299380247713,0.0,20207200
2024-12-03,427.06768798828125,0.0,428.3255063010946,423.64082448545395,425.7207055754366,0.0,18302000
2024-12-04,433.22802734375,0.0,435.4564646159383,428.48392353237045,428.8800841135143,0.0,26009400
2024-12-05,438.3782043457031,0.0,440.3986627358307,431.9900352112823,433.72326431540773,0.0,21697800
2024-12-06,439.3191223144531,0.0,441.82487523918803,437.5363542028089,438.0612738202398,0.0,18821000
2024-12-09,441.7456359863281,0.0,444.03349609525384,436.2785468030062,438.35842787251636,0.0,19144400
2024-12-10,439.0814514160156,0.0,445.31118133498023,437.3680497555207,440.13132099471466,0.0,18469500
2024-12-11,444.6871643066406,0.0,446.034146674654,439.7945036123786,439.7945036123786,0.0,19200200
2024-12-12,445.2516784667969,0.0,451.78843398650577,444.8059789125675,444.8059789125675,0.0,20834800
2024-12-13,442.9836120605469,0.0,447.10374865296643,441.3098056253416,444.14241275611795,0.0,20177800
2024-12-16,447.26226806640625,0.0,447.8466102847365,441.0127411892908,442.9836607244317,0.0,23598800
2024-12-17,450.104736328125,0.0,450.92679906279125,445.26161469090005,446.6878170659997,0.0,22733500
2024-12-18,433.1983337402344,0.0,448.3120705924071,432.83185420697276,446.9948298056794,0.0,24444500
2024-12-19,432.841796875,0.0,438.93285336164837,432.1386095010433,437.38780577162396,0.0,22963700
2024-12-20,432.4159240722656,0.0,439.48748337745457,424.5223020050907,428.9593493416428,0.0,64263700
2024-12-23,431.0788269042969,0.0,433.455820708947,428.6820054234919,432.5545379722653,0.0,19152500
2024-12-24,435.1197204589844,0.0,435.3871522905164,430.02899474815183,430.484577930417,0.0,7164500
2024-12-26,433.9114074707031,0.0,436.7143034093448,432.44561022869516,434.8721127935591,0.0,8194200
2024-12-27,426.40411376953125,0.0,431.0491706535463,422.2641790901053,430.43511711666076,0.0,18117700
2024-12-30,420.75872802734375,0.0,423.45266275424467,417.8568142492271,421.97695149184733,0.0,13158700
2024-12-31,417.4606018066406,0.0,422.64049156656444,416.6286554798762,422.016524265212,0.0,13246500
2025-01-02,414.568603515625,0.0,421.9868450538027,410.8743686174563,421.45201157982797,0.0,16896500
2025-01-03,419.29290771484375,0.0,419.9663838035234,415.5194225803269,417.0446425061394,0.0,16662900
2025-01-06,423.7497863769531,0.0,430.15778356293015,421.4025036603563,423.8983428352595,0.0,20573600
2025-01-07,418.3222961425781,0.0,426.52294519780327,416.7673346717813,424.88876369017254,0.0,18139100
2025-01-08,420.4913024902344,0.0,422.87821031177674,417.5002550030301,419.4018380991605,0.0,15054600
2025-01-10,414.93505859375,0.0,420.63983782074297,411.042698272716,420.56061778951556,0.0,20201100
2025-01-13,413.19195556640625,0.0,414.489399057034,408.3389196630922,411.26063086426467,0.0,17604800
2025-01-14,411.6865234375,0.0,415.71749643981025,406.78394867710017,413.805999460752,0.0,16935900
2025-01-15,422.2245178222656,0.0,424.04688082339095,414.2615595275802,415.11333355996726,0.0,19637800
2025-01-16,420.5110778808594,0.0,425.3740271428382,420.3229265289763,424.5916197701724,0.0,15300000
2025-01-17,424.9184265136719,0.0,430.3162089952725,424.0666827581059,429.9299320188306,0.0,26197500
2025-01-21,424.3935241699219,0.0,426.7705180269004,421.52132200002626,426.0772445238866,0.0,26085700
2025-01-22,441.9239501953125,0.0,442.9836731089654,431.8216876151847,433.36673527212855,0.0,27803800
2025-01-23,442.4290466308594,0.0,442.4686717628812,437.2689839581691,437.7641923205226,0.0,18389300
2025-01-24,439.80438232421875,0.0,442.3695576290663,437.16987060502294,440.8938466028509,0.0,15549500
2025-01-27,430.39544677734375,0.0,431.0293279263355,419.4414413066827,419.9465634582157,0.0,35647800
2025-01-28,442.9143371582031,0.0,444.08302154903276,427.24593852989443,430.43508134605355,0.0,23491700
2025-01-29,438.09100341796875,0.0,442.5974175154718,436.17950645057016,442.40923592540474,0.0,23581400
2025-01-30,411.01300048828125,0.0,418.8075747745586,409.20055129765046,414.75677425796516,0.0,54586300
2025-01-31,411.0823059082031,0.0,416.65835612531487,410.93374946527524,414.96475222570615,0.0,34161900
2025-02-03,406.9820251464844,0.0,411.42898625512174,404.7436738342851,407.6555012178145,0.0,25679100
2025-02-04,408.4180908203125,0.0,409.9532546940812,405.81329031153365,408.7350313881363,0.0,20532100
2025-02-05,409.3293151855469,0.0,409.8641184268012,406.4669964929513,408.39832109505767,0.0,16316700
2025-02-06,411.8350830078125,0.0,414.19227961020647,410.0325173442031,410.0325173442031,0.0,16309800
2025-02-07,405.8232116699219,0.0,414.63791357819275,404.1890302854019,412.48872643025265,0.0,22886800
2025-02-10,408.2695617675781,0.0,411.47850211303046,406.9820321839411,409.74527293691693,0.0,20817900
2025-02-11,407.4970397949219,0.0,408.5369652151938,405.3775335991668,405.714301867279,0.0,18140600
2025-02-12,405.12005615234375,0.0,406.81366024932584,400.49479685605615,403.30757666205,0.0,19121700
2025-02-13,406.60565185546875,0.0,407.0612350423618,402.46568736983716,403.0995685212682,0.0,23891700
2025-02-14,404.515869140625,0.0,404.99128001840967,401.99031874797896,403.8820181953633,0.0,22758500
2025-02-18,405.71429443359375,0.0,406.66508596257455,402.60437161832556,404.08999660584703,0.0,21423100
2025-02-19,410.79510498046875,0.0,411.5082061808428,403.7433432351679,403.97114994678657,0.0,24114200
2025-02-20,412.968505859375,0.83,416.1243389128722,409.40578409861945,412.134891295379,0.0,23508700
2025-02-21,405.1086120605469,0.0,414.87384893021425,404.791066280818,414.1692516421462,0.0,27524800
2025-02-24,400.9306335449219,0.0,406.25983043716724,396.2861968407472,405.4063787741937,0.0,26443700
2025-02-25,394.8769836425781,0.0,398.86646142853965,393.6861187086097,398.05268403794094,0.0,29387400
2025-02-26,396.693115234375,0.0,400.5337085768434,391.25473790483426,394.986181494864,0.0,19619000
2025-02-27,389.5477294921875,0.0,402.65735727589794,389.19047915007934,398.2213171470739,0.0,21127400
2025-02-28,393.973876953125,0.0,394.6090291195634,383.6330593862238,389.67678725566606,0.0,32845700
2025-03-03,385.5384521484375,0.0,395.7899873220531,383.2261675615013,395.7899873220531,0.0,23007700
2025-03-04,385.65753173828125,0.0,389.59737098453536,378.10536303990614,380.48712304915495,0.0,29342900
2025-03-05,397.9732666015625,0.0,398.61835249883035,385.85603973587394,386.3820118850688,0.0,23433100
2025-03-06,393.8746643066406,0.0,399.09468114787944,389.6966277473878,391.28447789138556,0.0,23304600
2025-03-07,390.3218688964844,0.0,391.80053909690844,382.61091150423107,389.3394000020522,0.0,22034100
2025-03-10,377.2717590332031,0.0,383.4643412864511,374.3540930979484,382.90859827837613,0.0,32840100
2025-03-11,377.5595703125,0.0,383.0673924681545,374.0464567305875,376.1205744700273,0.0,30380200
2025-03-12,380.3581237792969,0.0,382.2933209136247,376.0709676751301,380.0405779726452,0.0,24253600
2025-03-13,375.8923034667969,0.0,382.3925583494832,374.58235511618193,380.2489652043101,0.0,20473000
2025-03-14,385.6079406738281,0.0,387.2652662935844,376.6267095180303,376.8946473094157,0.0,19952800
2025-03-17,385.74688720703125,0.0,389.7264008785539,382.6406623483486,383.7620820869245,0.0,22474300
2025-03-18,380.6062316894531,0.0,384.4269877309022,378.2046343736099,384.1292790671939,0.0,19486900
2025-03-19,384.8735656738281,0.0,386.719419886704,381.0825806498319,382.60095534567967,0.0,19185500
2025-03-20,383.9010314941406,0.0,388.81343664918575,380.3680805381929,382.80938253905003,0.0,18470500
2025-03-21,388.28741455078125,0.0,388.76374837124365,379.8916675364793,380.30848991510493,0.0,39675900
2025-03-24,390.0935974121094,0.0,392.3959786933822,386.84845184017416,392.3959786933822,0.0,21004500
2025-03-25,392.15777587890625,0.0,393.34864070852024,389.65693247956807,390.9272064692555,0.0,15775000
2025-03-26,387.0072326660156,0.0,392.30665877239477,385.61787512073846,391.99901639757354,0.0,16108400
2025-03-27,387.6125793457031,0.0,389.259971232933,384.4567464670721,387.1660163642304,0.0,13766800
2025-03-28,375.92205810546875,0.0,386.1735929782764,374.06627026028934,385.1315521729189,0.0,21632000
2025-03-31,372.53802490234375,0.0,374.2052539943911,364.44991951956155,369.7096714477169,0.0,35184700
2025-04-01,379.28631591796875,0.0,379.9413052057438,370.39439795061145,371.80359254811333,0.0,19689500
2025-04-02,379.2366943359375,0.0,382.1543297342058,373.7586133199336,375.0983627112702,0.0,16092600
2025-04-03,370.2752990722656,0.0,374.61212363444304,366.54388609690864,371.9425583652147,0.0,30198000
2025-04-04,357.1061096191406,0.0,371.7440463979536,356.7488592586341,361.36352479616664,0.0,49209900
2025-04-07,355.1411437988281,0.0,368.18132717444365,342.170466152445,348.21419373781447,0.0,50425000
2025-04-08,351.8662414550781,0.0,370.8112022714622,347.5889889390993,365.46216834014683,0.0,35868900
2025-04-09,387.5232849121094,0.0,390.2424886537646,350.4173671278774,350.854026698487,0.0,50199700
2025-04-10,378.4527282714844,0.0,380.9833427250372,365.0056552003408,379.1573256201752,0.0,38024400
2025-04-11,385.498779296875,0.0,387.0865991344375,376.0114134245454,377.7481178718862,0.0,23839200
2025-04-14,384.8636474609375,0.0,391.651677567929,381.29099206627785,390.23254912743425,0.0,19251200
2025-04-15,382.7994384765625,0.0,388.9126416904877,381.24135923720473,385.5583162962043,0.0,17199900
2025-04-16,368.78668212890625,0.0,378.7107072268867,365.20412360568145,377.77787673053996,0.0,21967800
2025-04-17,364.98577880859375,0.0,371.47609943534326,364.10255635982776,370.9104227594851,0.0,21120200
2025-04-21,356.3916320800781,0.0,361.7109259917268,352.9678611353571,360.06353397111536,0.0,20807300
2025-04-22,364.0331115722656,0.0,364.9758758256959,357.12596800122816,360.6192443688487,0.0,19485000
2025-04-23,371.5456237792969,0.0,377.50003937654276,370.18600677791767,373.20291916052497,0.0,20545500
2025-04-24,384.3574523925781,0.0,385.4987394256534,372.3394733971177,372.84560833228255,0.0,22232300
2025-04-25,388.8729553222656,0.0,389.1805976978566,381.67803664886475,384.05979677325973,0.0,18973200
2025-04-28,388.18817138671875,0.0,389.75615403464093,383.70252292195136,388.9820812843996,0.0,16579400
2025-04-29,391.0462951660156,0.0,392.0982394081848,387.41409832984397,388.3270916828822,0.0,14974000
2025-04-30,392.2570495605469,0.0,393.6464071015826,381.5192464831796,387.3347110069874,0.0,36461100
2025-05-01,422.16802978515625,0.0,433.669971462135,421.67182852064957,427.8346397458207,0.0,58938100
2025-05-02,431.97296142578125,0.0,436.10135948336034,426.72314369115975,428.4598480759583,0.0,30757400
2025-05-05,432.8562316894531,0.0,436.1609188409604,428.827049490993,429.58128511716615,0.0,20136100
2025-05-06,430.0179138183594,0.0,434.40434608152555,427.89418827142663,428.91636160877,0.0,15104200
2025-05-07,430.0576477050781,0.0,434.79139692835327,427.83464541633373,430.54391525930873,0.0,23295300
2025-05-08,434.841064453125,0.0,440.2992788018954,432.35012421343623,434.6028672327044,0.0,23491300
2025-05-09,435.3967590332031,0.0,437.3914674607305,432.5684058555715,436.6570993033328,0.0,15324200
2025-05-12,445.8467712402344,0.0,445.9559209816134,436.43878433354007,442.551987565255,0.0,22821900
2025-05-13,445.7276916503906,0.0,447.24606632617565,441.9763809723924,444.37800844651383,0.0,23618800
2025-05-14,449.4988098144531,0.0,450.45150777480933,444.73528972695,444.73528972695,0.0,19902800
2025-05-15,450.512939453125,0.83,453.55526390744575,447.82852124457236,448.16655392379437,0.0,21992300
2025-05-16,451.6463317871094,0.0,451.73580834700897,446.1383501578063,449.43915228561843,0.0,23849800
2025-05-19,456.2197570800781,0.0,456.9355998797858,448.1963586877965,448.27591363294266,0.0,21336500
2025-05-20,455.5238342285156,0.0,455.69283539558984,451.69606398891386,452.9587181303489,0.0,15441800
2025-05-21,449.9561767578125,0.0,455.1360777634671,449.20055644956204,451.94462570262056,0.0,19216900
2025-05-22,452.2329406738281,0.0,457.5918252828005,451.27849365115543,452.32244757902833,0.0,18025600
2025-05-23,447.5799560546875,0.0,451.06969358680703,446.3173019248347,447.3811293692874,0.0,16883500
2025-05-27,458.0292663574219,0.0,458.2877744248074,453.48565331857327,453.8435898996704,0.0,20974300
2025-05-28,454.7184753417969,0.0,459.84867709346275,454.2909661144885,458.55619745791415,0.0,17086300
2025-05-29,456.0308837890625,0.0,459.05333474747385,452.68035209769624,458.884303233251,0.0,13974800
2025-05-30,457.7011413574219,0.0,459.0135248792732,452.90900269221845,457.0648535034259,0.0,34770500
2025-06-02,459.3018798828125,0.0,459.44105553120437,454.2512329224997,454.49978904014216,0.0,16626500
2025-06-03,460.29608154296875,0.0,461.4593374660713,458.19825223653834,458.8047449110186,0.0,15743800
2025-06-04,461.1908874511719,0.0,463.00038321907994,460.3457906064832,461.3201414833542,0.0,14162700
2025-06-05,464.9788818359375,0.0,466.93750520910584,461.3499686746429,462.2745901279283,0.0,20131700
2025-06-06,467.663330078125,0.0,470.6062261334739,466.07256479314685,467.37499647452495,0.0,15285600
2025-06-09,470.0196228027344,0.0,470.69568816704816,465.9134708467471,466.98725027602023,0.0,16469900
2025-06-10,468.2002258300781,0.0,470.06934244703956,464.26307487233004,468.4686555284736,0.0,15375900
2025-06-11,469.8903503417969,0.0,472.72389606625393,466.9474544926898,467.30536072753216,0.0,16399200
2025-06-12,476.104248046875,0.0,477.6453141185156,470.7851412769109,472.2764779222473,0.0,18950600
2025-06-13,472.2168273925781,0.0,476.4124557062983,470.0295518485209,473.6584649544854,0.0,16814500
2025-06-16,476.3727111816406,0.0,477.91374692205306,472.25660744971805,472.4653860858625,0.0,15626100
2025-06-17,475.279052734375,0.0,475.97499162724574,471.3419021646973,472.65428568792316,0.0,15414100
2025-06-18,477.4663391113281,0.0,478.2219594008936,471.71972301658775,475.2392860574369,0.0,17526500
2025-06-20,474.64276123046875,0.0,480.667759158903,474.1158234691147,479.44488246554124,0.0,37576200
2025-06-23,483.1930847167969,0.0,484.932977511559,469.7810065395394,475.44806772339973,0.0,24864000
2025-06-24,487.2793273925781,0.0,489.009298556199,483.9884469122188,486.1260537385937,0.0,22305600
2025-06-25,489.4268798828125,0.0,491.7036624656625,486.56353883181055,489.1982276680394,0.0,17495100
2025-06-26,494.57696533203125,0.0,495.1635541172166,489.9637493151316,490.13278082199906,0.0,21578900
2025-06-27,493.07568359375,0.0,496.4162632322767,490.1824867596744,494.6763704185467,0.0,34539200
2025-06-30,494.5372009277344,0.0,497.86785899517616,492.4691970236715,494.1693427257206,0.0,28369000
2025-07-01,489.2080993652344,0.0,495.1734457101395,488.1443023264632,493.60258452282886,0.0,19945400
2025-07-02,488.2536926269531,0.0,490.6497772469701,485.87751191483574,487.1600396387865,0.0,16319600
2025-07-03,495.9589538574219,0.0,497.2415119784696,490.59014753996934,490.9580057562307,0.0,13984800
2025-07-07,494.84539794921875,0.0,495.8694479262707,492.36978876052433,494.50736527479916,0.0,13981600
2025-07-08,493.7517395019531,0.0,495.3226311177228,491.25622643335066,494.36815380384166,0.0,11846600
2025-07-09,500.6019592285156,0.0,503.8530622357068,496.85371365827956,497.41047691930333,0.0,18659500
2025-07-10,498.58367919921875,0.0,501.52657502305914,494.87521114411277,500.14458849842043,0.0,16492100
2025-07-11,500.41302490234375,0.0,502.1131401056752,494.9248868769196,495.59103056526646,0.0,16459500
2025-07-14,500.1147766113281,0.0,501.05930198422453,498.1362796464767,498.6234399223271,0.0,12058800
2025-07-15,502.89862060546875,0.0,505.36427783294863,499.88612172349406,500.11477392946824,0.0,14927200
2025-07-16,502.69976806640625,0.0,503.793421043838,498.99133023831314,502.2623068754336,0.0,15154400
2025-07-17,508.7446594238281,0.0,510.40499725185873,502.6997578215743,502.75940886082554,0.0,17503100
2025-07-18,507.1041564941406,0.0,511.66767331118785,504.4992933518648,511.5085634207008,0.0,21209700
2025-07-21,507.1141357421875,0.0,509.1324405638626,502.6301736290422,503.7834776665751,0.0,14066800
2025-07-22,502.3517761230469,0.0,508.2475501614973,502.3517761230469,508.01886761548803,0.0,13868600
2025-07-23,502.94830322265625,0.0,503.8630030405687,497.80817995491657,503.8232255681408,0.0,16396600
2025-07-24,507.9294128417969,0.0,510.703277326071,504.37007217269974,505.83158338819493,0.0,16107000
2025-07-25,510.74310302734375,0.0,515.2966076642933,507.41241445610984,509.51021364184703,0.0,19125700
2025-07-28,509.5400390625,0.0,512.0256002286585,507.17377997770546,511.110930710653,0.0,14308000
2025-07-29,509.6096496582031,0.0,514.6304711522027,508.60547322287385,512.5525759685828,0.0,16469200
2025-07-30,510.2757568359375,0.0,512.9701269930791,506.49771598970693,512.1946027794743,0.0,26380400
2025-07-31,530.4187622070312,0.0,552.2420017670738,528.8280273057109,552.0232408256204,0.0,51617300
2025-08-01,521.0829467773438,0.0,532.7054326872741,517.8517174087783,531.9100652869249,0.0,28977600
2025-08-04,532.54638671875,0.0,535.141297909759,525.0797515616827,525.218957545317,0.0,25349000
2025-08-05,524.701904296875,0.0,534.196734767709,524.194840165689,534.077432699505,0.0,19171600
2025-08-06,521.908203125,0.0,528.6291703469228,521.0034855448089,527.8338028961505,0.0,21355700
2025-08-07,517.8318481445312,0.0,525.0399748350125,514.56081112672,523.7573865594029,0.0,16079100
2025-08-08,519.0249633789062,0.0,521.629826851029,516.4101479520375,519.5817267008259,0.0,15531000
2025-08-11,518.7565307617188,0.0,524.5429245664681,516.7183220142601,519.2834381856256,0.0,20194400
2025-08-12,526.183349609375,0.0,527.9132904806338,519.6811434112465,520.7250669698358,0.0,18667000
2025-08-13,517.5733642578125,0.0,529.6233593434064,516.3703308668756,529.0367402367135,0.0,19619200
2025-08-14,519.4623413085938,0.0,522.9123315064297,517.1358902118243,519.5418962511537,0.0,20269100
2025-08-15,517.1657104492188,0.0,523.0614541020369,516.0820397908819,519.7507304052322,0.0,25213300
2025-08-18,514.1134033203125,0.0,519.8003983365775,511.0512359172718,518.5775217659684,0.0,23760600
2025-08-19,506.8258056640625,0.0,512.1846598699071,505.61285057663105,512.0256106523992,0.0,21481000
2025-08-20,502.7991943359375,0.0,508.0486982628479,501.52658824278717,506.925219770199,0.0,27723000
2025-08-21,502.15185546875,0.83,505.5278315490841,500.6381609615915,501.6041452591809,0.0,18443300
2025-08-22,505.1295166015625,0.0,508.6150227226763,500.32946944945456,502.1618461633245,0.0,24324200
2025-08-25,502.17181396484375,0.0,506.0855321115255,502.0323791323648,504.5319946732823,0.0,21638600
2025-08-26,499.96099853515625,0.0,502.88882606141556,496.4456179190968,502.2713680297872,0.0,30835700
2025-08-27,504.6415100097656,0.0,505.1892506185915,497.82983904056124,499.9211487290224,0.0,17277900
2025-08-28,507.5295104980469,0.0,508.9734875719172,503.4066403395377,504.9900522378754,0.0,18015600
2025-08-29,504.59173583984375,0.0,507.4896888132377,502.40083415821226,506.5535790393771,0.0,20961600
2025-09-02,503.0282287597656,0.0,503.90458943006223,494.75264396148896,498.3974910813857,0.0,18128000
2025-09-03,503.2572937011719,0.0,505.68719181229375,500.2398424947412,501.70375627159575,0.0,16345100
2025-09-04,505.866455078125,0.0,506.04570238922344,501.0664078062513,502.2116394820944,0.0,15509500
2025-09-05,492.9501647949219,0.0,509.8498918622262,490.3310509759443,506.9619070760115,0.0,31994800
2025-09-08,496.13690185546875,0.0,499.1244784694731,492.9800158612091,496.04724781279185,0.0,16771000
2025-09-09,496.3460388183594,0.0,500.17013335375145,495.6389875077243,499.3535217605099,0.0,14410500
2025-09-10,498.29791259765625,0.0,501.1460848531792,494.6630336933239,500.8971201283455,0.0,21611800
2025-09-11,498.9352722167969,0.0,501.08633106619584,495.8182290284252,500.17012751524385,0.0,18881600
2025-09-12,507.7884521484375,0.0,510.42747218178897,501.7635178992086,504.55191069082485,0.0,23624900
2025-09-15,513.225830078125,0.0,513.3353599697668,504.9004642300766,506.68306017742736,0.0,17143800
2025-09-16,506.9320068359375,0.0,515.0880630075219,506.4938265025834,514.7395367165727,0.0,19711900
2025-09-17,507.9079284667969,0.0,509.1726886784055,503.8348693472275,508.5054498653079,0.0,15816600
2025-09-18,506.3444519042969,0.0,510.9453149965379,505.55771489166153,509.37184097126715,0.0,18913700
2025-09-19,515.78515625,0.0,517.1494779837726,508.1967168320822,508.44568153944795,0.0,52474100
2025-09-22,512.319580078125,0.0,515.5959337012963,510.4174557013089,513.4548737162081,0.0,20009300
2025-09-23,507.1212463378906,0.0,512.4590659268906,505.2091838485409,511.67229848312854,0.0,19799600
2025-09-24,508.0373840332031,0.0,510.35772177145367,504.82077941210207,508.26644250853604,0.0,13533700
2025-09-25,504.9303283691406,0.0,507.89799878212006,502.94857891661616,506.1950582100621,0.0,15786500
2025-09-26,509.34197998046875,0.0,511.8117209714621,504.52202659403474,507.94778361103766,0.0,16213100
2025-09-29,512.4689331054688,0.0,514.7096154882738,506.77264973451184,509.3817950243417,0.0,17617800
2025-09-30,515.8051147460938,0.0,516.0142062084105,507.54943619028296,511.11459757878936,0.0,19728200
2025-10-01,517.557861328125,0.0,518.3545363078492,509.5710533372991,512.6681599915194,0.0,22632300
2025-10-02,513.604248046875,0.0,519.439966484546,508.5652045551738,515.496404228155,0.0,21222900
2025-10-03,515.20751953125,0.0,518.3345307125708,512.8672756929882,514.9585548343116,0.0,15112300
2025-10-06,526.3811645507812,0.0,528.8309994124726,516.0541122577388,516.4623876768178,0.0,21388600
2025-10-07,521.8101196289062,0.0,527.6060256392368,519.2806599401652,526.1022689962125,0.0,14615200
2025-10-08,522.676513671875,0.0,524.7678538085896,520.923853084141,521.1130687043808,0.0,13363400
2025-10-09,520.2366943359375,0.0,522.158694647609,515.2574000210162,520.1769452354545,0.0,18343600
2025-10-10,508.84405517578125,0.0,521.4118200258811,507.5195762105422,517.4881335274953,0.0,24133800
2025-10-13,511.9212341308594,0.0,514.2714464494894,509.56105349845876,514.2714464494894,0.0,14284200
2025-10-14,511.4432373046875,0.0,513.1461778212379,503.9045785101632,508.11707238992415,0.0,14684300
2025-10-15,511.3038024902344,0.0,515.0482414945574,507.888013925759,512.8274957075639,0.0,14694700
2025-10-16,509.4913330078125,0.0,514.7096236704256,506.02576365101777,510.4573477017149,0.0,15559600
2025-10-17,511.4532470703125,0.0,513.3453425707617,505.2091921192977,506.93203901166436,0.0,19867800
2025-10-20,514.6498413085938,0.0,516.5519656323323,511.30377036778043,512.4788764440519,0.0,14665600
2025-10-21,515.5162963867188,0.0,516.5420602391357,510.91543308707116,515.3569857054445,0.0,15586200
2025-10-22,518.3843994140625,0.0,523.0549803520576,515.5661623300699,518.9919195722497,0.0,18962700
2025-10-23,518.404296875,0.0,521.7802730707533,516.4623598997719,520.2964530626382,0.0,14023500
2025-10-24,521.441650390625,0.0,523.1744351060786,518.5536961256696,520.6250388201142,0.0,15532400
2025-10-27,529.3189697265625,0.0,532.3662956890146,526.819354031342,529.577902779321,0.0,18734700
2025-10-28,539.8252563476562,0.0,551.4269763883988,538.5306518978505,547.7224103521172,0.0,29986700
2025-10-29,539.307373046875,0.0,544.0078586434945,534.507325873603,542.6833492925585,0.0,36023000
2025-10-30,523.582763671875,0.0,532.7545848667123,519.9578228356851,528.2831883129468,0.0,41023100
2025-10-31,515.6656494140625,0.0,527.1279940743384,512.9668501497666,526.6898137654194,0.0,34006400
2025-11-03,514.888916015625,0.0,522.7860691817526,512.4590180581705,517.657371934483,0.0,22374700
2025-11-04,512.2001342773438,0.0,513.4150529816625,505.73698923396887,509.6407695643784,0.0,20958700
2025-11-05,505.0597839355469,0.0,512.6980347767452,504.4821687767013,511.17434154282535,0.0,23024300
2025-11-06,495.04144287109375,0.0,503.6058351018555,493.75677643867937,503.5659922381216,0.0,27406500
2025-11-07,494.7626037597656,0.0,497.31199999791255,491.2073803526309,494.89207027354036,0.0,24019800
2025-11-10,503.9045715332031,0.0,504.7510576229119,496.73437575016374,497.9692613740871,0.0,26101500
2025-11-11,506.573486328125,0.0,507.48968986721945,500.26971300797675,502.70954902224156,0.0,17980000
2025-11-12,509.0233154296875,0.0,509.5511194130969,497.05307240824305,507.2506574723947,0.0,26574900
2025-11-13,501.205810546875,0.0,511.3735209246628,499.2140928412288,508.1967287528611,0.0,25273100
2025-11-14,508.0672607421875,0.0,509.4813936811572,495.3800287197931,496.166765720741,0.0,28505700
2025-11-17,505.3883972167969,0.0,509.9992285471841,502.8190947602184,506.34444359286346,0.0,19092800
2025-11-18,491.74517822265625,0.0,500.89712400975867,484.76419755903834,493.31862192366924,0.0,33815100
2025-11-19,485.1027526855469,0.0,493.13934080841636,480.8305097576304,488.0704229659532,0.0,23245300
2025-11-20,477.3404846191406,0.91,492.4460215630244,474.41716428973194,491.5879641710541,0.0,26802500
2025-11-21,471.04486083984375,0.0,477.8293938228302,467.20362215472323,477.4103368698009,0.0,31769200
2025-11-24,472.92059326171875,0.0,475.8139832068258,466.9542001322548,473.9183160323131,0.0,34421000
2025-11-25,475.90374755859375,0.0,478.0588322743821,463.8313270788984,472.9904142849383,0.0,28019800
2025-11-26,484.3943786621094,0.0,487.1979770584782,480.10418316215106,485.2025316262965,0.0,25709100
2025-11-28,490.88958740234375,0.0,491.5081706450152,485.54177754838196,486.48962635446395,0.0,14386700
2025-12-01,485.6315612792969,0.0,488.7444513856018,483.5463243869077,487.32770213243884,0.0,23964000
2025-12-02,488.8841552734375,0.0,492.3761849539621,485.2125428025972,485.6116258193264,0.0,19562700
2025-12-03,476.64208984375,0.0,483.13724409881166,474.1178525596479,475.23529714339696,0.0,34615100
2025-12-04,479.7449951171875,0.0,480.2239129901724,475.40489514051177,478.6674679630734,0.0,22318200
2025-12-05,482.0597229003906,0.0,482.299166614698,477.78947078944657,481.4211657314621,0.0,22608700
2025-12-08,489.9018249511719,0.0,491.17890888246444,483.2769615726175,483.7858099301447,0.0,21965900
2025-12-09,490.8995361328125,0.0,490.99931449735556,487.3875630167038,487.9862027558801,0.0,14696100
2025-12-10,477.4701843261719,0.0,483.14722906115725,473.99809828560024,482.92772884397027,0.0,35756200
2025-12-11,482.3690185546875,0.0,484.92318635563356,474.7763326037194,475.5445986070271,0.0,24669200
2025-12-12,477.4402770996094,0.0,481.3513637649093,475.2552617920193,478.72734800157895,0.0,21248100
2025-12-15,473.73870849609375,0.0,479.6252664455081,471.44392797474177,479.0066832317436,0.0,23727700
2025-12-16,475.3051452636719,0.0,476.80172935648005,469.8076832860371,470.8353364785088,0.0,20705600
2025-12-17,475.0357360839844,0.0,478.9069051052783,473.9182915104317,475.8239455574328,0.0,24527200
2025-12-18,482.87786865234375,0.0,488.4850656489584,476.8017407441929,477.10104539067044,0.0,28573500
2025-12-19,484.8134460449219,0.0,486.73904362092316,481.39123391446003,486.2501387748106,0.0,70836100
2025-12-22,483.81573486328125,0.0,487.6170561484318,481.5908021440126,485.01298390813173,0.0,16963000
2025-12-23,485.7413330078125,0.0,486.71908182827985,483.63612214595605,483.8755963136496,0.0,14683600
2025-12-24,486.90863037109375,0.0,488.04604888584674,483.7258924615979,484.5739628623746,0.0,5855900
2025-12-26,486.599365234375,0.0,487.00843522519267,484.85335038112265,485.601642461088,0.0,8842200
2025-12-29,485.9907531738281,0.0,487.23790659993216,483.0773893732932,483.7558335295542,0.0,10893400
2025-12-30,486.3699035644531,0.0,488.56487537463653,484.39440153201394,484.82341501264875,0.0,13944500
2025-12-31,482.5186767578125,0.0,487.0284031238816,482.1993981667827,486.7290680267604,0.0,15601600
2026-01-02,471.8630065917969,0.0,483.5563186075122,469.0893385249197,483.2869444224563,0.0,25571600
2026-01-05,471.773193359375,0.0,474.9858617296903,468.4308161640092,472.98042932285466,0.0,25250300
2026-01-06,477.4203186035156,0.0,477.64977534720424,468.68025764779384,472.72102257015473,0.0,23037700
2026-01-07,482.3690185546875,0.0,488.5848422406915,476.86159994291296,478.6674756822987,0.0,25564200
2026-01-08,477.0212097167969,0.0,481.5608665012806,474.7763335277468,480.14408679814625,0.0,18162600
2026-01-09,478.1885681152344,0.0,478.72734693664125,471.1247042989064,472.9804540365218,0.0,18491000
2026-01-12,476.09332275390625,0.0,479.89464390147504,474.59673866594744,475.5845048686955,0.0,23519900
2026-01-13,469.5981750488281,0.0,474.6965236309785,464.888922501957,473.5990225282599,0.0,28545800
2026-01-14,458.3338928222656,0.0,467.13381499707015,456.1289340170423,465.39775666549855,0.0,28184300
2026-01-15,455.6200866699219,0.0,463.1927988881192,454.8618076165624,463.0630900555096,0.0,23225800
2026-01-16,458.8127746582031,0.0,462.13520850615447,455.4404972994736,456.78739866953146,0.0,34246700
2026-01-20,453.48492431640625,0.0,455.7597309230742,448.2568669541529,450.1924514863621,0.0,26130000
2026-01-21,443.0986328125,0.0,451.65911099901973,437.68100562513575,451.56931960591265,0.0,37980500
2026-01-22,450.1126403808594,0.0,451.8087507279656,443.6873036586902,446.600636936346,0.0,25349400
2026-01-23,464.888916015625,0.0,470.0271819611143,449.50401819491054,450.8409629929935,0.0,38000200
2026-01-26,469.20904541015625,0.0,473.1700058760031,460.94790240319116,464.25036221183507,0.0,29291200
2026-01-27,479.485595703125,0.0,481.7703893732875,472.0825097961169,472.62128861771004,0.0,29213900
2026-01-28,480.533203125,0.0,482.63838346935967,476.9114647448887,482.10959164059926,0.0,36875400
2026-01-29,432.5128173828125,0.0,441.49232224197124,420.06122635013605,438.98802836564175,0.0,128855300
2026-01-30,429.31011962890625,0.0,438.5989157576861,425.47886802078926,438.1699022937122,0.0,58566800
2026-02-02,422.4058837890625,0.0,429.7590957240154,421.28843915961005,429.2602343395754,0.0,42219900
2026-02-03,410.2735595703125,0.0,421.0888704228976,407.6296003977664,421.0489834358989,0.0,61424100
2026-02-04,413.2467956542969,0.0,418.84400576689177,408.3080557741746,410.0640575889883,0.0,45012400
2026-02-05,392.7735290527344,0.0,407.37018733348754,391.4265972483441,406.51216038211834,0.0,66289200
2026-02-06,400.22650146484375,0.0,400.87501513504304,392.0252195920243,398.2609865133262,0.0,53515300
2026-02-09,412.65814208984375,0.0,413.94521298339265,399.9571203178888,403.9280678877113,0.0,45480500
2026-02-10,412.328857421875,0.0,422.7151545880433,411.76017861216997,418.66440278178237,0.0,44857900
2026-02-11,403.4491271972656,0.0,415.51159110220135,400.096793508188,415.2322299614449,0.0,42491000
2026-02-12,400.9248962402344,0.0,405.2749831551046,397.1036315998776,404.07770370563327,0.0,40802400
2026-02-13,400.4060974121094,0.0,404.61648859375555,397.1435245648219,403.528974460687,0.0,34091600
2026-02-17,395.95623779296875,0.0,399.60790672873594,393.6315571718042,398.31087932693146,0.0,32078800
2026-02-18,398.69000244140625,0.0,401.6432531481791,395.41747315874426,397.2233488345012,0.0,23223400
2026-02-19,398.4599914550781,0.91,404.42999267578125,396.6700134277344,400.69000244140625,0.0,28234000
2026-02-20,397.2300109863281,0.0,400.1199951171875,395.1600036621094,396.1099853515625,0.0,34015200
2026-02-23,384.4700012207031,0.0,395.3599853515625,383.1000061035156,395.0,0.0,43238300
2026-02-24,389.0,0.0,389.3599853515625,381.7099914550781,384.1400146484375,0.0,33884700
2026-02-25,400.6000061035156,0.0,401.4700012207031,390.1600036621094,390.5299987792969,0.0,43625500
2026-02-26,401.7200012207031,0.0,407.489990234375,398.739990234375,404.7099914550781,0.0,34405900
2026-02-27,392.739990234375,0.0,396.82000732421875,389.8800048828125,390.8800048828125,0.0,51367200
2026-03-02,398.54998779296875,0.0,401.19000244140625,390.6300048828125,392.8599853515625,0.0,35474900
2026-03-03,403.92999267578125,0.0,406.70001220703125,392.6700134277344,393.1400146484375,0.0,38199200
2026-03-04,405.20001220703125,0.0,411.0299987792969,400.30999755859375,401.2699890136719,0.0,35808000
2026-03-05,410.67999267578125,0.0,411.6099853515625,404.3999938964844,404.4200134277344,0.0,39001300
2026-03-06,408.9599914550781,0.0,413.04998779296875,408.510009765625,409.20001220703125,0.0,31123900
2026-03-09,409.4100036621094,0.0,410.2099914550781,403.5,404.9200134277344,0.0,30131900
2026-03-10,405.760009765625,0.0,410.20001220703125,402.92999267578125,410.0299987792969,0.0,31706400
2026-03-11,404.8800048828125,0.0,409.010009765625,401.5899963378906,405.57000732421875,0.0,25512100
2026-03-12,401.8599853515625,0.0,406.1199951171875,401.7099914550781,404.6300048828125,0.0,27263900
2026-03-13,395.54998779296875,0.0,404.79998779296875,394.25,401.0,0.0,26848000
2026-03-16,399.95001220703125,0.0,400.6300048828125,394.7900085449219,398.07000732421875,0.0,27733700
2026-03-17,399.4100036621094,0.0,404.3999938964844,397.75,400.2699890136719,0.0,26228300
2026-03-18,391.7900085449219,0.0,398.0,391.0,397.1300048828125,0.0,25908500
2026-03-19,389.0199890136719,0.0,392.489990234375,387.05999755859375,390.1000061035156,0.0,25138800
2026-03-20,381.8699951171875,0.0,387.0,380.1199951171875,386.7900085449219,0.0,50853200
2026-03-23,383.0,0.0,387.2099914550781,381.67999267578125,383.8999938964844,0.0,29680100
2026-03-24,372.739990234375,0.0,382.4700012207031,371.8500061035156,382.3599853515625,0.0,42733600
2026-03-25,371.0400085449219,0.0,377.05999755859375,369.6300048828125,376.9200134277344,0.0,31181200
2026-03-26,365.9700012207031,0.0,374.7200012207031,365.19000244140625,370.82000732421875,0.0,36836600
2026-03-27,356.7699890136719,0.0,362.45001220703125,356.510009765625,361.8999938964844,0.0,37883400
2026-03-30,358.9599914550781,0.0,365.3599853515625,356.2799987792969,361.8999938964844,0.0,44797000
2026-03-31,370.1700134277344,0.0,372.8999938964844,363.07000732421875,364.54998779296875,0.0,45244400
2026-04-01,369.3699951171875,0.0,373.989990234375,368.20001220703125,373.489990234375,0.0,29417200
2026-04-02,373.4599914550781,0.0,373.6400146484375,364.1499938964844,367.2099914550781,0.0,24099100
2026-04-06,372.8800048828125,0.0,373.7300109863281,369.5,373.489990234375,0.0,16146600
2026-04-07,372.2900085449219,0.0,372.45001220703125,366.55999755859375,370.3399963378906,0.0,21443300
2026-04-08,374.3299865722656,0.0,385.0,371.4100036621094,384.9800109863281,0.0,33064800
2026-04-09,373.07000732421875,0.0,373.5,367.04998779296875,372.5,0.0,30435300
2026-04-10,370.8699951171875,0.0,375.6400146484375,370.0299987792969,372.9800109863281,0.0,28111100
2026-04-13,384.3699951171875,0.0,384.5400085449219,371.0199890136719,373.6099853515625,0.0,35745800
2026-04-14,393.1099853515625,0.0,394.69000244140625,386.5199890136719,387.9200134277344,0.0,37504500
2026-04-15,411.2200012207031,0.0,414.3699951171875,396.7300109863281,398.0,0.0,45063400
2026-04-16,420.260009765625,0.0,420.82000732421875,412.1400146484375,419.8599853515625,0.0,41642400
2026-04-17,422.7900085449219,0.0,431.5799865722656,420.69000244140625,424.82000732421875,0.0,48568200
2026-04-20,418.07000732421875,0.0,423.3299865722656,416.29998779296875,421.1499938964844,0.0,27582200
2026-04-21,424.1600036621094,0.0,427.17999267578125,417.20001220703125,420.239990234375,0.0,32048500
2026-04-22,432.9200134277344,0.0,433.70001220703125,423.6700134277344,426.19000244140625,0.0,29378200
2026-04-23,415.75,0.0,423.6600036621094,411.4100036621094,419.8900146484375,0.0,38308000
2026-04-24,424.6199951171875,0.0,424.95001220703125,415.79998779296875,416.9700012207031,0.0,27457400
2026-04-27,424.82000732421875,0.0,427.1099853515625,417.07000732421875,422.3800048828125,0.0,30867300
2026-04-28,429.25,0.0,429.9200134277344,421.8999938964844,424.57000732421875,0.0,30438100
2026-04-29,424.4599914550781,0.0,426.82000732421875,420.2900085449219,424.5799865722656,0.0,38288300
2026-04-30,407.7799987792969,0.0,414.4200134277344,398.010009765625,410.80999755859375,0.0,70909400
2026-05-01,414.44000244140625,0.0,417.1099853515625,410.44000244140625,412.79998779296875,0.0,31372400
2026-05-04,413.6199951171875,0.0,420.7799987792969,410.79998779296875,411.5400085449219,0.0,28066500
2026-05-05,411.3800048828125,0.0,416.7799987792969,408.79998779296875,415.32000732421875,0.0,25700900
2026-05-06,413.9599914550781,0.0,418.4200134277344,405.1099853515625,408.0,0.0,30285900
2026-05-07,420.7699890136719,0.0,427.9800109863281,418.760009765625,420.1099853515625,0.0,34942400
2026-05-08,415.1199951171875,0.0,418.6300048828125,414.0,417.3900146484375,0.0,33383800
2026-05-11,412.6600036621094,0.0,412.69000244140625,405.5,407.8699951171875,0.0,35657900
2026-05-12,407.7699890136719,0.0,415.5,406.6400146484375,414.4800109863281,0.0,38594200
2026-05-13,405.2099914550781,0.0,406.30999755859375,401.0299987792969,403.20001220703125,0.0,29667100
2026-05-14,409.42999267578125,0.0,411.8399963378906,400.8800048828125,404.4800109863281,0.0,27077500
2026-05-15,421.9200134277344,0.0,428.1700134277344,412.9100036621094,414.2699890136719,0.0,50310800
