Price,Close,Dividends,High,Low,Open,Stock Splits,Volume
Ticker,TSLA,TSLA,TSLA,TSLA,TSLA,TSLA,TSLA
Date,,,,,,,
2021-01-04,243.2566680908203,0.0,248.163330078125,239.06333923339844,239.82000732421875,0.0,145914600
2021-01-05,245.0366668701172,0.0,246.94667053222656,239.73333740234375,241.22000122070312,0.0,96735600
2021-01-06,251.9933319091797,0.0,258.0,249.6999969482422,252.8300018310547,0.0,134100000
2021-01-07,272.0133361816406,0.0,272.3299865722656,258.3999938964844,259.2099914550781,0.0,154496700
2021-01-08,293.3399963378906,0.0,294.8299865722656,279.46331787109375,285.3333435058594,0.0,225166500
2021-01-11,270.39666748046875,0.0,284.80999755859375,267.8733215332031,283.1333312988281,0.0,177904800
2021-01-12,283.14666748046875,0.0,289.3333435058594,275.7799987792969,277.0,0.0,138812100
2021-01-13,284.8033447265625,0.0,286.8233337402344,277.3333435058594,284.2533264160156,0.0,99937500
2021-01-14,281.6666564941406,0.0,287.6666564941406,279.5833435058594,281.1300048828125,0.0,93798900
2021-01-15,275.38665771484375,0.0,286.6333312988281,273.0333251953125,284.0,0.0,116332800
2021-01-19,281.51666259765625,0.0,283.3333435058594,277.6666564941406,279.26666259765625,0.0,76101000
2021-01-20,283.48333740234375,0.0,286.5,279.09332275390625,286.2466735839844,0.0,76997700
2021-01-21,281.663330078125,0.0,285.239990234375,280.47332763671875,285.0,0.0,61563300
2021-01-22,282.21331787109375,0.0,282.6666564941406,276.2066650390625,278.10333251953125,0.0,60199500
2021-01-25,293.6000061035156,0.0,300.1333312988281,279.6066589355469,285.0,0.0,123520200
2021-01-26,294.36334228515625,0.0,298.6333312988281,290.5333251953125,297.1266784667969,0.0,69394800
2021-01-27,288.0533447265625,0.0,297.1666564941406,286.2200012207031,290.1166687011719,0.0,82002000
2021-01-28,278.4766540527344,0.0,282.6666564941406,267.0,273.3333435058594,0.0,79134000
2021-01-29,264.510009765625,0.0,280.8033447265625,260.0333251953125,276.6666564941406,0.0,104972400
2021-02-01,279.9366760253906,0.0,280.6666564941406,265.1866760253906,271.42999267578125,0.0,76174200
2021-02-02,290.92999267578125,0.0,293.5,280.73333740234375,281.55999755859375,0.0,73038600
2021-02-03,284.89666748046875,0.0,292.6933288574219,284.35333251953125,292.3399963378906,0.0,55030500
2021-02-04,283.3299865722656,0.0,285.5,277.8066711425781,285.0,0.0,47438100
2021-02-05,284.07666015625,0.0,288.25665283203125,279.65667724609375,281.6666564941406,0.0,55699800
2021-02-08,287.8066711425781,0.0,292.5899963378906,284.9166564941406,289.8900146484375,0.0,60485100
2021-02-09,283.1533203125,0.0,286.6000061035156,280.5833435058594,285.0400085449219,0.0,45473100
2021-02-10,268.2733459472656,0.0,281.6066589355469,266.67333984375,281.21331787109375,0.0,108648300
2021-02-11,270.5533447265625,0.0,276.6266784667969,267.24334716796875,270.8133239746094,0.0,64868400
2021-02-12,272.0400085449219,0.0,272.4433288574219,261.77667236328125,267.086669921875,0.0,71304900
2021-02-16,265.40667724609375,0.0,273.6666564941406,264.14666748046875,272.6666564941406,0.0,59406900
2021-02-17,266.04998779296875,0.0,266.61334228515625,254.00332641601562,259.6966552734375,0.0,77989500
2021-02-18,262.4599914550781,0.0,264.89666748046875,258.75665283203125,260.29998779296875,0.0,53871300
2021-02-19,260.4333190917969,0.0,265.5966796875,259.1233215332031,265.0,0.0,56874900
2021-02-22,238.1666717529297,0.0,256.1666564941406,236.73333740234375,254.2133331298828,0.0,111809100
2021-02-23,232.94667053222656,0.0,237.8699951171875,206.3333282470703,220.7100067138672,0.0,199820700
2021-02-24,247.33999633789062,0.0,248.3333282470703,231.38999938964844,237.28334045410156,0.0,110301000
2021-02-25,227.4066619873047,0.0,245.73666381835938,223.52667236328125,242.0500030517578,0.0,117071700
2021-02-26,225.1666717529297,0.0,235.56666564941406,219.836669921875,233.3333282470703,0.0,123267600
2021-03-01,239.47666931152344,0.0,239.6666717529297,228.35000610351562,230.0366668701172,0.0,81408600
2021-03-02,228.81333923339844,0.0,240.3699951171875,228.3333282470703,239.42666625976562,0.0,71196600
2021-03-03,217.73333740234375,0.0,233.56666564941406,217.23666381835938,229.3300018310547,0.0,90624000
2021-03-04,207.14666748046875,0.0,222.81666564941406,200.0,218.60000610351562,0.0,197758500
2021-03-05,199.31666564941406,0.0,209.27999877929688,179.8300018310547,208.68666076660156,0.0,268189500
2021-03-08,187.6666717529297,0.0,206.7100067138672,186.26333618164062,200.18333435058594,0.0,155361000
2021-03-09,224.52667236328125,0.0,226.02999877929688,198.40333557128906,202.72666931152344,0.0,202569900
2021-03-10,222.68666076660156,0.0,239.28334045410156,218.35333251953125,233.43333435058594,0.0,181817100
2021-03-11,233.1999969482422,0.0,234.1666717529297,225.72666931152344,233.13333129882812,0.0,108761700
2021-03-12,231.2433319091797,0.0,231.6266632080078,222.04666137695312,223.3333282470703,0.0,100751400
2021-03-15,235.97999572753906,0.0,237.72666931152344,228.01333618164062,231.3633270263672,0.0,88006800
2021-03-16,225.6266632080078,0.0,235.97332763671875,223.6666717529297,234.4499969482422,0.0,96587100
2021-03-17,233.93666076660156,0.0,234.57666015625,217.00332641601562,218.9566650390625,0.0,121117500
2021-03-18,217.72000122070312,0.0,229.7433319091797,217.3333282470703,228.09666442871094,0.0,99674400
2021-03-19,218.2899932861328,0.0,219.07666015625,208.2066650390625,215.53334045410156,0.0,128682000
2021-03-22,223.3333282470703,0.0,233.2066650390625,222.9166717529297,228.19667053222656,0.0,118536600
2021-03-23,220.72000122070312,0.0,225.93333435058594,219.1699981689453,225.2566680908203,0.0,91475700
2021-03-24,210.08999633789062,0.0,222.67333984375,210.0366668701172,222.6366729736328,0.0,101385600
2021-03-25,213.4633331298828,0.0,215.1666717529297,203.1666717529297,204.3333282470703,0.0,117674700
2021-03-26,206.23666381835938,0.0,214.60667419433594,199.9633331298828,213.9566650390625,0.0,101558400
2021-03-29,203.76333618164062,0.0,205.4933319091797,198.67333984375,205.2133331298828,0.0,85911000
2021-03-30,211.8733367919922,0.0,212.55332946777344,197.00332641601562,200.5833282470703,0.0,118297200
2021-03-31,222.64332580566406,0.0,224.0,213.70333862304688,215.5399932861328,0.0,100011900
2021-04-01,220.5833282470703,0.0,230.80667114257812,219.80667114257812,229.4566650390625,0.0,105895200
2021-04-05,230.35000610351562,0.0,236.05332946777344,228.23333740234375,235.90333557128906,0.0,125528400
2021-04-06,230.5399932861328,0.0,232.18333435058594,227.1233367919922,230.10000610351562,0.0,84815400
2021-04-07,223.6566619873047,0.0,230.4600067138672,222.6133270263672,229.0,0.0,78928200
2021-04-08,227.93333435058594,0.0,229.85000610351562,223.88333129882812,225.7933349609375,0.0,71772900
2021-04-09,225.67333984375,0.0,226.99000549316406,223.14332580566406,225.92333984375,0.0,64311300
2021-04-12,233.9933319091797,0.0,234.93333435058594,227.3633270263672,228.56666564941406,0.0,87407100
2021-04-13,254.10667419433594,0.0,254.3333282470703,236.8866729736328,237.56666564941406,0.0,133958400
2021-04-14,244.07666015625,0.0,260.2633361816406,242.67666625976562,256.8999938964844,0.0,147052200
2021-04-15,246.28334045410156,0.0,247.89666748046875,240.43666076660156,247.6999969482422,0.0,83546700
2021-04-16,246.5933380126953,0.0,249.80332946777344,241.53334045410156,242.88333129882812,0.0,83938500
2021-04-19,238.2100067138672,0.0,241.8000030517578,230.60000610351562,239.86666870117188,0.0,119058600
2021-04-20,239.663330078125,0.0,245.75,236.89666748046875,239.13999938964844,0.0,106827000
2021-04-21,248.0399932861328,0.0,248.27999877929688,232.6666717529297,234.92333984375,0.0,93646500
2021-04-22,239.89666748046875,0.0,251.2566680908203,239.34666442871094,247.1666717529297,0.0,106770900
2021-04-23,243.13333129882812,0.0,245.7866668701172,238.48666381835938,239.93333435058594,0.0,85110000
2021-04-26,246.06666564941406,0.0,249.76666259765625,244.20333862304688,247.0,0.0,93115500
2021-04-27,234.913330078125,0.0,241.3333282470703,234.4499969482422,239.32000732421875,0.0,88311000
2021-04-28,231.46665954589844,0.0,236.1666717529297,231.1999969482422,232.1366729736328,0.0,66813000
2021-04-29,225.6666717529297,0.0,234.0833282470703,222.8333282470703,233.1699981689453,0.0,86536200
2021-04-30,236.47999572753906,0.0,238.49000549316406,222.04666137695312,222.52999877929688,0.0,122276100
2021-05-03,228.3000030517578,0.0,235.3333282470703,226.8333282470703,234.60000610351562,0.0,81129300
2021-05-04,224.53334045410156,0.0,227.81666564941406,219.23333740234375,226.31333923339844,0.0,89217900
2021-05-05,223.64666748046875,0.0,228.43333435058594,222.44667053222656,227.02000427246094,0.0,65705700
2021-05-06,221.17999267578125,0.0,227.0066680908203,216.6666717529297,226.9199981689453,0.0,83353800
2021-05-07,224.1233367919922,0.0,230.0,220.07333374023438,221.93333435058594,0.0,70407600
2021-05-10,209.67999267578125,0.0,221.68333435058594,209.20333862304688,221.63333129882812,0.0,94177200
2021-05-11,205.73333740234375,0.0,209.03334045410156,198.53334045410156,199.74667358398438,0.0,139511700
2021-05-12,196.6300048828125,0.0,206.80332946777344,195.58999633789062,200.8300018310547,0.0,101470800
2021-05-13,190.56333923339844,0.0,202.15333557128906,186.5500030517578,200.51333618164062,0.0,132554700
2021-05-14,196.5800018310547,0.0,197.6233367919922,190.15333557128906,194.47000122070312,0.0,100112700
2021-05-17,192.27667236328125,0.0,196.57666015625,187.06666564941406,191.85000610351562,0.0,97171200
2021-05-18,192.6233367919922,0.0,198.75,187.7933349609375,189.3333282470703,0.0,110491800
2021-05-19,187.82000732421875,0.0,188.73666381835938,182.32666015625,184.18333435058594,0.0,118735200
2021-05-20,195.5933380126953,0.0,196.28334045410156,190.35667419433594,191.6666717529297,0.0,92463300
2021-05-21,193.6266632080078,0.0,198.89332580566406,193.3333282470703,198.70333862304688,0.0,78091800
2021-05-24,202.14666748046875,0.0,204.82666015625,191.21665954589844,193.86666870117188,0.0,103674300
2021-05-25,201.56333923339844,0.0,204.663330078125,198.57000732421875,202.43666076660156,0.0,84017700
2021-05-26,206.3766632080078,0.0,208.72332763671875,200.5,202.52000427246094,0.0,85917900
2021-05-27,210.28334045410156,0.0,210.3766632080078,205.40333557128906,206.74667358398438,0.0,79111800
2021-05-28,208.4066619873047,0.0,211.8633270263672,207.4600067138672,209.5,0.0,68211000
2021-06-01,207.96665954589844,0.0,211.26666259765625,206.85000610351562,209.26666259765625,0.0,54254700
2021-06-02,201.7066650390625,0.0,207.7866668701172,199.7133331298828,206.7100067138672,0.0,69908400
2021-06-03,190.94667053222656,0.0,201.51666259765625,190.4066619873047,200.60000610351562,0.0,90335700
2021-06-04,199.68333435058594,0.0,200.20333862304688,192.39999389648438,193.23666381835938,0.0,72110700
2021-06-07,201.7100067138672,0.0,203.3333282470703,194.2933349609375,197.27667236328125,0.0,67631100
2021-06-08,201.19667053222656,0.0,207.69667053222656,198.5,207.6699981689453,0.0,78160200
2021-06-09,199.5933380126953,0.0,203.92999267578125,199.2100067138672,200.72332763671875,0.0,49753800
2021-06-10,203.3733367919922,0.0,205.52999877929688,200.1666717529297,201.2933349609375,0.0,71758800
2021-06-11,203.29666137695312,0.0,204.18666076660156,200.5066680908203,203.41000366210938,0.0,48615900
2021-06-14,205.89666748046875,0.0,208.49667358398438,203.05999755859375,204.07666015625,0.0,61272000
2021-06-15,199.7866668701172,0.0,205.59666442871094,199.41000366210938,205.56333923339844,0.0,53292300
2021-06-16,201.6233367919922,0.0,202.8333282470703,197.8333282470703,199.17999267578125,0.0,66432300
2021-06-17,205.53334045410156,0.0,207.1566619873047,200.44667053222656,200.6300048828125,0.0,68104200
2021-06-18,207.77000427246094,0.0,209.4499969482422,203.93333435058594,204.4566650390625,0.0,73682700
2021-06-21,206.94332885742188,0.0,210.4633331298828,202.9600067138672,208.16000366210938,0.0,74438100
2021-06-22,207.90333557128906,0.0,209.52333068847656,205.1666717529297,206.0833282470703,0.0,57476700
2021-06-23,218.85667419433594,0.0,219.06666564941406,210.01333618164062,210.6666717529297,0.0,93297600
2021-06-24,226.60667419433594,0.0,232.5399932861328,222.5366668701172,224.99667358398438,0.0,137947200
2021-06-25,223.9566650390625,0.0,231.27000427246094,222.89999389648438,229.86000061035156,0.0,97490100
2021-06-28,229.57333374023438,0.0,231.56666564941406,223.44000244140625,223.8800048828125,0.0,64884600
2021-06-29,226.9199981689453,0.0,229.1699981689453,225.29666137695312,228.21665954589844,0.0,52143900
2021-06-30,226.56666564941406,0.0,230.93666076660156,226.04666137695312,226.58999633789062,0.0,56774700
2021-07-01,225.97332763671875,0.0,229.3300018310547,224.26666259765625,227.97332763671875,0.0,55903500
2021-07-02,226.3000030517578,0.0,233.3333282470703,224.4199981689453,226.32666015625,0.0,81163500
2021-07-06,219.86000061035156,0.0,228.0,217.13333129882812,227.23666381835938,0.0,69853500
2021-07-07,214.88333129882812,0.0,221.89999389648438,212.77333068847656,221.42333984375,0.0,56376000
2021-07-08,217.60333251953125,0.0,218.14332580566406,206.82000732421875,209.4566650390625,0.0,68319900
2021-07-09,218.98333740234375,0.0,219.6366729736328,214.89666748046875,217.72666931152344,0.0,54421500
2021-07-12,228.56666564941406,0.0,229.0800018310547,220.72000122070312,220.73333740234375,0.0,77781000
2021-07-13,222.84666442871094,0.0,231.0933380126953,222.10000610351562,228.77333068847656,0.0,62898300
2021-07-14,217.7933349609375,0.0,226.20333862304688,217.6133270263672,223.5833282470703,0.0,64923600
2021-07-15,216.86666870117188,0.0,222.04666137695312,212.6266632080078,219.4633331298828,0.0,60628800
2021-07-16,214.74000549316406,0.0,218.89999389648438,214.06666564941406,218.22666931152344,0.0,49113000
2021-07-19,215.4066619873047,0.0,215.73333740234375,207.09666442871094,209.9633331298828,0.0,63891300
2021-07-20,220.1666717529297,0.0,220.79666137695312,213.5,217.3300018310547,0.0,46461300
2021-07-21,218.42999267578125,0.0,221.6199951171875,216.76333618164062,219.8699951171875,0.0,41859900
2021-07-22,216.4199981689453,0.0,220.72332763671875,214.86666870117188,218.81333923339844,0.0,45317100
2021-07-23,214.4600067138672,0.0,216.26666259765625,212.43333435058594,215.45333862304688,0.0,43814700
2021-07-26,219.2066650390625,0.0,222.73333740234375,215.70333862304688,216.99000549316406,0.0,76009800
2021-07-27,214.92666625976562,0.0,222.1666717529297,209.0800018310547,221.13333129882812,0.0,98439900
2021-07-28,215.66000366210938,0.0,218.32333374023438,213.13333129882812,215.6666717529297,0.0,48019800
2021-07-29,225.78334045410156,0.0,227.89666748046875,216.26666259765625,216.59666442871094,0.0,91183800
2021-07-30,229.06666564941406,0.0,232.50999450683594,223.0,223.9199981689453,0.0,88969200
2021-08-02,236.55667114257812,0.0,242.31333923339844,232.8000030517578,233.3333282470703,0.0,100847400
2021-08-03,236.5800018310547,0.0,240.88333129882812,233.6699981689453,239.6666717529297,0.0,64860900
2021-08-04,236.97332763671875,0.0,241.63333129882812,236.30999755859375,237.0,0.0,51007800
2021-08-05,238.2100067138672,0.0,240.31666564941406,237.1366729736328,238.6666717529297,0.0,38758800
2021-08-06,233.03334045410156,0.0,238.77667236328125,232.5433349609375,237.3000030517578,0.0,46869000
2021-08-09,237.9199981689453,0.0,239.67666625976562,235.0433349609375,236.72332763671875,0.0,44145900
2021-08-10,236.663330078125,0.0,238.8633270263672,233.9600067138672,237.99667358398438,0.0,40296900
2021-08-11,235.94000244140625,0.0,238.39332580566406,234.73666381835938,237.57000732421875,0.0,29401800
2021-08-12,240.75,0.0,240.93333435058594,233.13333129882812,235.44667053222656,0.0,52377300
2021-08-13,239.05667114257812,0.0,243.3000030517578,238.1133270263672,241.23666381835938,0.0,50194500
2021-08-16,228.72332763671875,0.0,236.5,225.46665954589844,235.02333068847656,0.0,68032200
2021-08-17,221.90333557128906,0.0,224.86000061035156,216.27999877929688,224.22000122070312,0.0,71163900
2021-08-18,229.663330078125,0.0,231.92333984375,223.11666870117188,223.25,0.0,61048200
2021-08-19,224.49000549316406,0.0,228.85000610351562,222.52999877929688,226.07000732421875,0.0,42940500
2021-08-20,226.75332641601562,0.0,230.7100067138672,224.56666564941406,227.61666870117188,0.0,44525700
2021-08-23,235.43333435058594,0.0,237.3766632080078,226.9166717529297,228.47999572753906,0.0,60794700
2021-08-24,236.163330078125,0.0,238.4066619873047,234.2133331298828,236.89332580566406,0.0,39249300
2021-08-25,237.06666564941406,0.0,238.99000549316406,234.6666717529297,235.67666625976562,0.0,37936800
2021-08-26,233.72000122070312,0.0,238.46665954589844,232.5399932861328,236.10333251953125,0.0,39642900
2021-08-27,237.30667114257812,0.0,238.3333282470703,234.03334045410156,235.0,0.0,41501400
2021-08-30,243.6366729736328,0.0,243.6666717529297,237.57666015625,238.24000549316406,0.0,55812600
2021-08-31,245.24000549316406,0.0,246.79666137695312,242.14666748046875,244.3333282470703,0.0,62566200
2021-09-01,244.69667053222656,0.0,247.3300018310547,243.7566680908203,244.69332885742188,0.0,39612900
2021-09-02,244.1300048828125,0.0,246.99000549316406,243.51333618164062,244.8333282470703,0.0,38331900
2021-09-03,244.52333068847656,0.0,244.6666717529297,241.39999389648438,244.0833282470703,0.0,45738300
2021-09-07,250.97332763671875,0.0,253.39999389648438,246.4199981689453,246.6666717529297,0.0,60119400
2021-09-08,251.2899932861328,0.0,254.81666564941406,246.92333984375,253.86000061035156,0.0,56379000
2021-09-09,251.6199951171875,0.0,254.03334045410156,250.5433349609375,251.1366729736328,0.0,42233100
2021-09-10,245.42333984375,0.0,254.20333862304688,244.83999633789062,253.1999969482422,0.0,45552600
2021-09-13,247.6666717529297,0.0,248.25999450683594,236.28334045410156,246.73666381835938,0.0,68857500
2021-09-14,248.163330078125,0.0,251.49000549316406,245.46665954589844,247.52333068847656,0.0,55574700
2021-09-15,251.94332885742188,0.0,252.2866668701172,246.1199951171875,248.3333282470703,0.0,46073100
2021-09-16,252.3300018310547,0.0,252.97000122070312,249.20333862304688,250.94332885742188,0.0,41770200
2021-09-17,253.163330078125,0.0,253.67999267578125,250.0,252.38333129882812,0.0,84612600
2021-09-20,243.38999938964844,0.0,247.3333282470703,239.5399932861328,244.85333251953125,0.0,74273100
2021-09-21,246.4600067138672,0.0,248.24667358398438,243.47999572753906,244.92999267578125,0.0,48992100
2021-09-22,250.64666748046875,0.0,251.22332763671875,246.3733367919922,247.8433380126953,0.0,45378900
2021-09-23,251.2133331298828,0.0,252.73333740234375,249.30667114257812,251.6666717529297,0.0,35842500
2021-09-24,258.1300048828125,0.0,258.26666259765625,248.18666076660156,248.6300048828125,0.0,64119000
2021-09-27,263.78668212890625,0.0,266.3333435058594,256.4366760253906,257.7066650390625,0.0,84212100
2021-09-28,259.1866760253906,0.0,265.21331787109375,255.39332580566406,262.3999938964844,0.0,76144200
2021-09-29,260.4366760253906,0.0,264.5,256.8933410644531,259.9333190917969,0.0,62828700
2021-09-30,258.49334716796875,0.0,263.0433349609375,258.3333435058594,260.3333435058594,0.0,53868000
2021-10-01,258.40667724609375,0.0,260.260009765625,254.52999877929688,259.4666748046875,0.0,51094200
2021-10-04,260.510009765625,0.0,268.989990234375,258.7066650390625,265.5,0.0,91449900
2021-10-05,260.1966552734375,0.0,265.7699890136719,258.0666809082031,261.6000061035156,0.0,55297800
2021-10-06,260.9166564941406,0.0,262.2200012207031,257.739990234375,258.73333740234375,0.0,43898400
2021-10-07,264.53668212890625,0.0,268.3333435058594,261.1266784667969,261.82000732421875,0.0,57587400
2021-10-08,261.8299865722656,0.0,265.4599914550781,260.3033447265625,265.4033203125,0.0,50215800
2021-10-11,263.9800109863281,0.0,267.0799865722656,261.8333435058594,262.54998779296875,0.0,42600900
2021-10-12,268.5733337402344,0.0,270.7733459472656,265.5233459472656,266.9766540527344,0.0,66060000
2021-10-13,270.3599853515625,0.0,271.8033447265625,268.59332275390625,270.15667724609375,0.0,42360300
2021-10-14,272.7733459472656,0.0,273.4166564941406,271.1166687011719,271.8299865722656,0.0,36741600
2021-10-15,281.010009765625,0.0,281.07000732421875,274.1166687011719,274.5799865722656,0.0,56773800
2021-10-18,290.03668212890625,0.0,291.7533264160156,283.8233337402344,283.92999267578125,0.0,72621600
2021-10-19,288.0899963378906,0.0,292.6499938964844,287.5033264160156,292.510009765625,0.0,52143300
2021-10-20,288.6000061035156,0.0,289.8299865722656,285.7933349609375,288.45001220703125,0.0,42096300
2021-10-21,298.0,0.0,300.0,285.1666564941406,285.3333435058594,0.0,94444500
2021-10-22,303.2266540527344,0.0,303.3333435058594,296.9866638183594,298.5,0.0,68642400
2021-10-25,341.6199951171875,0.0,348.3399963378906,314.73333740234375,316.84332275390625,0.0,188556300
2021-10-26,339.4766540527344,0.0,364.9800109863281,333.8133239746094,341.5633239746094,0.0,187245000
2021-10-27,345.9533386230469,0.0,356.9599914550781,343.59332275390625,346.5533447265625,0.0,115579500
2021-10-28,359.0133361816406,0.0,360.3333435058594,351.3999938964844,356.10333251953125,0.0,81639600
2021-10-29,371.3333435058594,0.0,371.7366638183594,357.7366638183594,360.6199951171875,0.0,89755200
2021-11-01,402.86334228515625,0.0,403.25,372.88665771484375,381.6666564941406,0.0,168146100
2021-11-02,390.6666564941406,0.0,402.86334228515625,382.0,386.4533386230469,0.0,128213400
2021-11-03,404.6199951171875,0.0,405.1300048828125,384.2066650390625,392.4433288574219,0.0,103885500
2021-11-04,409.9700012207031,0.0,414.4966735839844,405.6666564941406,411.4700012207031,0.0,76192200
2021-11-05,407.36334228515625,0.0,413.2900085449219,402.6666564941406,409.3333435058594,0.0,64886400
2021-11-08,387.64666748046875,0.0,399.0,377.6666564941406,383.2633361816406,0.0,100337100
2021-11-09,341.1666564941406,0.0,391.5,337.17333984375,391.20001220703125,0.0,177317400
2021-11-10,355.98333740234375,0.0,359.3666687011719,329.10333251953125,336.8033447265625,0.0,128408100
2021-11-11,354.5033264160156,0.0,368.3233337402344,351.55999755859375,367.5899963378906,0.0,67189800
2021-11-12,344.47332763671875,0.0,351.5,339.73333740234375,349.1666564941406,0.0,76719300
2021-11-15,337.7966613769531,0.0,343.99334716796875,326.20001220703125,339.2099914550781,0.0,104326800
2021-11-16,351.57666015625,0.0,352.3999938964844,334.05999755859375,334.4366760253906,0.0,79627200
2021-11-17,363.0033264160156,0.0,373.21331787109375,351.8333435058594,354.5033264160156,0.0,94336200
2021-11-18,365.4599914550781,0.0,370.6666564941406,358.3399963378906,368.8500061035156,0.0,62696700
2021-11-19,379.0199890136719,0.0,379.5733337402344,364.23333740234375,366.2900085449219,0.0,64926900
2021-11-22,385.6233215332031,0.0,400.6499938964844,377.4766540527344,387.4433288574219,0.0,99217500
2021-11-23,369.6766662597656,0.0,393.5,354.23333740234375,389.1700134277344,0.0,108515100
2021-11-24,372.0,0.0,377.5899963378906,354.0,360.1300048828125,0.0,67680600
2021-11-26,360.6400146484375,0.0,369.59332275390625,360.3333435058594,366.489990234375,0.0,35042700
2021-11-29,378.9966735839844,0.0,380.8900146484375,366.7300109863281,366.9966735839844,0.0,58393500
2021-11-30,381.586669921875,0.0,389.3333435058594,372.6666564941406,381.4566650390625,0.0,81276000
2021-12-01,365.0,0.0,390.9466552734375,363.586669921875,386.8999938964844,0.0,68450400
2021-12-02,361.5333251953125,0.0,371.0,352.2166748046875,366.35333251953125,0.0,73114800
2021-12-03,338.3233337402344,0.0,363.52667236328125,333.4033203125,361.5966796875,0.0,92322000
2021-12-06,336.336669921875,0.0,340.5466613769531,316.8333435058594,333.836669921875,0.0,81663000
2021-12-07,350.5833435058594,0.0,352.5566711425781,342.2699890136719,348.0666809082031,0.0,56084700
2021-12-08,356.32000732421875,0.0,357.4599914550781,344.3333435058594,350.9033203125,0.0,41906400
2021-12-09,334.6000061035156,0.0,354.163330078125,334.1199951171875,353.5466613769531,0.0,59438400
2021-12-10,339.010009765625,0.0,340.32666015625,327.510009765625,336.25,0.0,59664300
2021-12-13,322.13665771484375,0.0,335.0,317.1400146484375,333.6966552734375,0.0,78595500
2021-12-14,319.5033264160156,0.0,322.13665771484375,310.0,315.0,0.0,70806300
2021-12-15,325.3299865722656,0.0,326.25,309.4166564941406,317.7366638183594,0.0,75169200
2021-12-16,308.97332763671875,0.0,331.6600036621094,307.2833251953125,331.5,0.0,82771500
2021-12-17,310.8566589355469,0.0,320.2200012207031,303.0133361816406,304.92333984375,0.0,100437300
2021-12-20,299.9800109863281,0.0,307.2300109863281,297.7966613769531,303.5666809082031,0.0,56480100
2021-12-21,312.84332275390625,0.0,313.1666564941406,295.3733215332031,305.6233215332031,0.0,71517900
2021-12-22,336.2900085449219,0.0,338.5533447265625,319.01666259765625,321.88665771484375,0.0,93634200
2021-12-23,355.6666564941406,0.0,357.6600036621094,332.5199890136719,335.6000061035156,0.0,92713200
2021-12-27,364.64666748046875,0.0,372.3333435058594,356.90667724609375,357.8900146484375,0.0,71145900
2021-12-28,362.8233337402344,0.0,373.0,359.47332763671875,369.8299865722656,0.0,60324000
2021-12-29,362.0633239746094,0.0,368.0,354.71331787109375,366.21331787109375,0.0,56154000
2021-12-30,356.7799987792969,0.0,365.1833190917969,351.04998779296875,353.77667236328125,0.0,47040900
2021-12-31,352.260009765625,0.0,360.6666564941406,351.5299987792969,357.8133239746094,0.0,40733700
2022-01-03,399.9266662597656,0.0,400.3566589355469,378.67999267578125,382.5833435058594,0.0,103931400
2022-01-04,383.1966552734375,0.0,402.6666564941406,374.3500061035156,396.51666259765625,0.0,100248300
2022-01-05,362.7066650390625,0.0,390.11334228515625,360.336669921875,382.2166748046875,0.0,80119800
2022-01-06,354.8999938964844,0.0,362.6666564941406,340.1666564941406,359.0,0.0,90336600
2022-01-07,342.32000732421875,0.0,360.30999755859375,336.6666564941406,360.1233215332031,0.0,84164700
2022-01-10,352.7066650390625,0.0,353.0333251953125,326.6666564941406,333.3333435058594,0.0,91815000
2022-01-11,354.79998779296875,0.0,358.6166687011719,346.2733459472656,351.22332763671875,0.0,66063300
2022-01-12,368.739990234375,0.0,371.61334228515625,357.5299987792969,359.6166687011719,0.0,83739000
2022-01-13,343.85333251953125,0.0,371.8666687011719,342.17999267578125,369.69000244140625,0.0,97209900
2022-01-14,349.8699951171875,0.0,350.6666564941406,337.7933349609375,339.9599914550781,0.0,72924300
2022-01-18,343.5033264160156,0.0,356.92999267578125,338.6866760253906,342.2033386230469,0.0,66743400
2022-01-19,331.8833312988281,0.0,351.5566711425781,331.6666564941406,347.2366638183594,0.0,75442500
2022-01-20,332.0899963378906,0.0,347.2200012207031,331.3333435058594,336.57666015625,0.0,70488600
2022-01-21,314.6333312988281,0.0,334.8500061035156,313.5,332.11334228515625,0.0,103416000
2022-01-24,310.0,0.0,311.1700134277344,283.8233337402344,301.586669921875,0.0,151565700
2022-01-25,306.1333312988281,0.0,317.086669921875,301.07000732421875,304.73333740234375,0.0,86595900
2022-01-26,312.4700012207031,0.0,329.2300109863281,302.0,317.4766540527344,0.0,104867400
2022-01-27,276.3666687011719,0.0,311.7966613769531,276.3333435058594,311.1199951171875,0.0,147109500
2022-01-28,282.1166687011719,0.0,285.8333435058594,264.0033264160156,277.1866760253906,0.0,134789100
2022-01-31,312.239990234375,0.0,312.663330078125,287.3500061035156,290.9033203125,0.0,104436000
2022-02-01,310.4166564941406,0.0,314.5666809082031,301.6666564941406,311.7366638183594,0.0,73138200
2022-02-02,301.88665771484375,0.0,310.5,296.4700012207031,309.3933410644531,0.0,66792900
2022-02-03,297.0466613769531,0.0,312.3333435058594,293.50665283203125,294.0,0.0,78855600
2022-02-04,307.7733459472656,0.0,312.1666564941406,293.72332763671875,299.0733337402344,0.0,73625400
2022-02-07,302.4466552734375,0.0,315.92333984375,300.9033203125,307.92999267578125,0.0,60994500
2022-02-08,307.3333435058594,0.0,308.7633361816406,298.26666259765625,301.84332275390625,0.0,50729100
2022-02-09,310.6666564941406,0.0,315.42333984375,306.6666564941406,311.6666564941406,0.0,52259400
2022-02-10,301.51666259765625,0.0,314.60333251953125,298.8999938964844,302.7900085449219,0.0,66126900
2022-02-11,286.6666564941406,0.0,305.32000732421875,283.5666809082031,303.2099914550781,0.0,79645800
2022-02-14,291.9200134277344,0.0,299.6266784667969,284.3833312988281,287.19000244140625,0.0,67756500
2022-02-15,307.4766540527344,0.0,307.6666564941406,297.7933349609375,300.0,0.0,57286200
2022-02-16,307.7966613769531,0.0,308.80999755859375,300.4033203125,304.6833190917969,0.0,51294300
2022-02-17,292.1166687011719,0.0,306.1666564941406,291.3666687011719,304.4200134277344,0.0,55178400
2022-02-18,285.6600036621094,0.0,295.6233215332031,279.2033386230469,295.3333435058594,0.0,68501700
2022-02-22,273.84332275390625,0.0,285.57666015625,267.0333251953125,278.0433349609375,0.0,83288100
2022-02-23,254.67999267578125,0.0,278.4333190917969,253.52000427246094,276.80999755859375,0.0,95256900
2022-02-24,266.92333984375,0.0,267.49334716796875,233.3333282470703,233.4633331298828,0.0,135322200
2022-02-25,269.9566650390625,0.0,273.1666564941406,260.79998779296875,269.74334716796875,0.0,76067700
2022-02-28,290.1433410644531,0.0,292.28668212890625,271.57000732421875,271.6700134277344,0.0,99006900
2022-03-01,288.1233215332031,0.0,296.6266784667969,284.59332275390625,289.8933410644531,0.0,74766900
2022-03-02,293.2966613769531,0.0,295.49334716796875,281.42333984375,290.7099914550781,0.0,74643300
2022-03-03,279.7633361816406,0.0,295.4800109863281,277.5333251953125,292.92333984375,0.0,61623600
2022-03-04,279.42999267578125,0.0,285.2166748046875,275.0533447265625,283.0333251953125,0.0,66999600
2022-03-07,268.1933288574219,0.0,288.71331787109375,268.19000244140625,285.4333190917969,0.0,72494100
2022-03-08,274.79998779296875,0.0,283.3299865722656,260.72332763671875,265.1766662597656,0.0,80399100
2022-03-09,286.3233337402344,0.0,286.85333251953125,277.336669921875,279.82666015625,0.0,59184000
2022-03-10,279.4333190917969,0.0,284.8166809082031,270.1199951171875,283.8166809082031,0.0,58648500
2022-03-11,265.1166687011719,0.0,281.26666259765625,264.5899963378906,280.0666809082031,0.0,67037100
2022-03-14,255.4566650390625,0.0,266.8999938964844,252.01333618164062,260.2033386230469,0.0,71152200
2022-03-15,267.2966613769531,0.0,268.5233459472656,252.19000244140625,258.42333984375,0.0,66841200
2022-03-16,280.07666015625,0.0,280.6666564941406,267.4200134277344,269.6666564941406,0.0,84028800
2022-03-17,290.5333251953125,0.0,291.6666564941406,275.239990234375,276.9966735839844,0.0,66582900
2022-03-18,301.7966613769531,0.0,302.6166687011719,289.1300048828125,291.4966735839844,0.0,100414200
2022-03-21,307.0533447265625,0.0,314.2833251953125,302.36334228515625,304.99334716796875,0.0,81981600
2022-03-22,331.32666015625,0.0,332.6199951171875,307.25,310.0,0.0,105868500
2022-03-23,333.03668212890625,0.0,346.8999938964844,325.4666748046875,326.64666748046875,0.0,120676200
2022-03-24,337.97332763671875,0.0,341.4966735839844,329.6000061035156,336.57666015625,0.0,68920800
2022-03-25,336.8800048828125,0.0,340.6000061035156,332.44000244140625,336.0,0.0,62031600
2022-03-28,363.9466552734375,0.0,365.9599914550781,351.20001220703125,355.0333251953125,0.0,102506100
2022-03-29,366.5233459472656,0.0,371.5899963378906,357.7033386230469,369.3299865722656,0.0,73614900
2022-03-30,364.663330078125,0.0,371.3166809082031,361.3333435058594,363.72332763671875,0.0,59865000
2022-03-31,359.20001220703125,0.0,367.71331787109375,358.8800048828125,364.8566589355469,0.0,48992700
2022-04-01,361.5299987792969,0.0,364.9166564941406,355.5466613769531,360.3833312988281,0.0,54263100
2022-04-04,381.8166809082031,0.0,383.3033447265625,357.510009765625,363.1266784667969,0.0,82035900
2022-04-05,363.7533264160156,0.0,384.2900085449219,362.4333190917969,378.76666259765625,0.0,80075100
2022-04-06,348.586669921875,0.0,359.6666564941406,342.5666809082031,357.8233337402344,0.0,89348400
2022-04-07,352.4200134277344,0.0,358.86334228515625,340.5133361816406,350.7966613769531,0.0,79447200
2022-04-08,341.8299865722656,0.0,349.4800109863281,340.8133239746094,347.7366638183594,0.0,55013700
2022-04-11,325.30999755859375,0.0,336.15667724609375,324.8800048828125,326.79998779296875,0.0,59357100
2022-04-12,328.98333740234375,0.0,340.39666748046875,325.5333251953125,332.5466613769531,0.0,65976000
2022-04-13,340.7900085449219,0.0,342.0799865722656,324.3666687011719,327.02667236328125,0.0,55121100
2022-04-14,328.3333435058594,0.0,337.57000732421875,327.39666748046875,333.0966796875,0.0,58422300
2022-04-18,334.7633361816406,0.0,338.3066711425781,324.4700012207031,329.6766662597656,0.0,51715200
2022-04-19,342.7166748046875,0.0,344.9800109863281,331.77667236328125,335.0199890136719,0.0,49847700
2022-04-20,325.73333740234375,0.0,344.6666564941406,325.0833435058594,343.3333435058594,0.0,70711200
2022-04-21,336.260009765625,0.0,364.0733337402344,332.1400146484375,358.24334716796875,0.0,105416400
2022-04-22,335.01666259765625,0.0,344.95001220703125,331.3333435058594,338.3033447265625,0.0,69696600
2022-04-25,332.67333984375,0.0,336.2066650390625,325.1000061035156,326.3233337402344,0.0,68341200
2022-04-26,292.1400146484375,0.0,333.3333435058594,291.6666564941406,331.80999755859375,0.0,136133700
2022-04-27,293.836669921875,0.0,306.0,292.4533386230469,299.52667236328125,0.0,76956300
2022-04-28,292.5033264160156,0.0,300.0,273.8999938964844,299.99334716796875,0.0,124948500
2022-04-29,290.2533264160156,0.0,311.4666748046875,290.0,300.75,0.0,88133100
2022-05-02,300.9800109863281,0.0,302.1199951171875,282.6766662597656,286.92333984375,0.0,75781500
2022-05-03,303.0833435058594,0.0,308.02667236328125,296.1966552734375,301.05999755859375,0.0,63709500
2022-05-04,317.5400085449219,0.0,318.5,295.09332275390625,301.3133239746094,0.0,81643800
2022-05-05,291.09332275390625,0.0,315.20001220703125,285.8999938964844,313.00665283203125,0.0,92519100
2022-05-06,288.54998779296875,0.0,296.0,281.03668212890625,295.6666564941406,0.0,72903000
2022-05-09,262.3699951171875,0.0,281.8766784667969,260.3833312988281,278.8166809082031,0.0,90810300
2022-05-10,266.67999267578125,0.0,275.1199951171875,258.0833435058594,273.10333251953125,0.0,84401700
2022-05-11,244.6666717529297,0.0,269.92333984375,242.39999389648438,265.0,0.0,97224600
2022-05-12,242.6666717529297,0.0,253.22000122070312,226.6666717529297,233.6666717529297,0.0,140313000
2022-05-13,256.5299987792969,0.0,262.45001220703125,250.52333068847656,257.82666015625,0.0,92150700
2022-05-16,241.4566650390625,0.0,256.586669921875,239.69667053222656,255.72000122070312,0.0,86098500
2022-05-17,253.8699951171875,0.0,254.82666015625,242.9499969482422,249.1199951171875,0.0,80236200
2022-05-18,236.60333251953125,0.0,253.5,233.60333251953125,248.17333984375,0.0,87811800
2022-05-19,236.47332763671875,0.0,244.6666717529297,231.3699951171875,235.6666717529297,0.0,90296700
2022-05-20,221.3000030517578,0.0,240.52667236328125,211.0,237.99667358398438,0.0,144973200
2022-05-23,224.96665954589844,0.0,226.65333557128906,212.68666076660156,218.33999633789062,0.0,88903500
2022-05-24,209.3866729736328,0.0,217.97332763671875,206.85667419433594,217.8433380126953,0.0,89092500
2022-05-25,219.60000610351562,0.0,223.10667419433594,207.6699981689453,207.9499969482422,0.0,92139300
2022-05-26,235.91000366210938,0.0,239.55667114257812,217.8866729736328,220.47332763671875,0.0,106003200
2022-05-27,253.2100067138672,0.0,253.26666259765625,240.17666625976562,241.0833282470703,0.0,89295000
2022-05-31,252.75332641601562,0.0,259.6000061035156,244.7433319091797,257.9466552734375,0.0,101914500
2022-06-01,246.7899932861328,0.0,257.32666015625,243.63999938964844,251.72000122070312,0.0,77247900
2022-06-02,258.3333435058594,0.0,264.2099914550781,242.06666564941406,244.1566619873047,0.0,93473100
2022-06-03,234.51666259765625,0.0,247.79666137695312,233.4166717529297,243.22666931152344,0.0,112393800
2022-06-06,238.27999877929688,0.0,244.86666870117188,234.35000610351562,244.35333251953125,0.0,84204600
2022-06-07,238.8866729736328,0.0,239.99667358398438,230.0933380126953,234.0,0.0,72808500
2022-06-08,241.86666870117188,0.0,249.9633331298828,239.17666625976562,240.086669921875,0.0,76210500
2022-06-09,239.7066650390625,0.0,255.54666137695312,239.32666015625,249.33999633789062,0.0,96491400
2022-06-10,232.22999572753906,0.0,239.5,227.913330078125,235.1566619873047,0.0,97536600
2022-06-13,215.73666381835938,0.0,226.63333129882812,214.68333435058594,223.1666717529297,0.0,102767400
2022-06-14,220.88999938964844,0.0,226.3300018310547,211.73666381835938,218.2866668701172,0.0,97988700
2022-06-15,233.0,0.0,235.663330078125,218.14999389648438,220.9166717529297,0.0,119131800
2022-06-16,213.10000610351562,0.0,225.1666717529297,208.69332885742188,222.73666381835938,0.0,107390700
2022-06-17,216.75999450683594,0.0,220.97000122070312,213.19667053222656,213.43333435058594,0.0,92641800
2022-06-21,237.0366668701172,0.0,243.57666015625,224.3333282470703,224.60333251953125,0.0,122793000
2022-06-22,236.086669921875,0.0,246.8333282470703,233.82666015625,234.50332641601562,0.0,101107500
2022-06-23,235.07000732421875,0.0,239.31666564941406,228.6366729736328,237.9066619873047,0.0,104202600
2022-06-24,245.7066650390625,0.0,246.06666564941406,236.086669921875,237.47000122070312,0.0,95770800
2022-06-27,244.9199981689453,0.0,252.07000732421875,242.56666564941406,249.36666870117188,0.0,89178300
2022-06-28,232.663330078125,0.0,249.97000122070312,232.3433380126953,244.48333740234375,0.0,90391200
2022-06-29,228.49000549316406,0.0,231.17333984375,222.27333068847656,230.5,0.0,82897200
2022-06-30,224.47332763671875,0.0,229.4566650390625,218.8633270263672,224.50999450683594,0.0,94600500
2022-07-01,227.26333618164062,0.0,230.22999572753906,222.1199951171875,227.0,0.0,74460300
2022-07-05,233.06666564941406,0.0,233.14666748046875,216.1666717529297,223.0,0.0,84581100
2022-07-06,231.73333740234375,0.0,234.56333923339844,227.18666076660156,230.77999877929688,0.0,71853600
2022-07-07,244.5433349609375,0.0,245.3633270263672,232.2100067138672,233.9199981689453,0.0,81930600
2022-07-08,250.76333618164062,0.0,254.97999572753906,241.16000366210938,242.3333282470703,0.0,101854200
2022-07-11,234.3433380126953,0.0,253.06333923339844,233.6266632080078,252.10333251953125,0.0,99241200
2022-07-12,233.07000732421875,0.0,239.77333068847656,228.3699951171875,236.84666442871094,0.0,87930900
2022-07-13,237.0399932861328,0.0,242.05999755859375,225.03334045410156,225.5,0.0,97954500
2022-07-14,238.31333923339844,0.0,238.65333557128906,229.3333282470703,234.89666748046875,0.0,78557400
2022-07-15,240.06666564941406,0.0,243.6233367919922,236.88999938964844,240.0,0.0,69683100
2022-07-18,240.54666137695312,0.0,250.51666259765625,239.60333251953125,244.93666076660156,0.0,82537500
2022-07-19,245.52999877929688,0.0,247.13999938964844,236.97666931152344,245.0,0.0,80890200
2022-07-20,247.5,0.0,250.663330078125,243.48333740234375,246.78334045410156,0.0,88864200
2022-07-21,271.7066650390625,0.0,273.26666259765625,254.86666870117188,255.10667419433594,0.0,142032300
2022-07-22,272.24334716796875,0.0,280.78668212890625,270.71331787109375,276.2200012207031,0.0,103472700
2022-07-25,268.4333190917969,0.0,274.14666748046875,267.3999938964844,272.2166748046875,0.0,64073400
2022-07-26,258.8599853515625,0.0,267.30999755859375,256.2633361816406,266.5133361816406,0.0,66820800
2022-07-27,274.82000732421875,0.0,275.9266662597656,261.7900085449219,263.80999755859375,0.0,88110000
2022-07-28,280.8999938964844,0.0,283.29998779296875,272.79998779296875,280.0666809082031,0.0,84723000
2022-07-29,297.1499938964844,0.0,298.32000732421875,279.1000061035156,280.70001220703125,0.0,95313000
2022-08-01,297.27667236328125,0.0,311.8766784667969,295.0,301.27667236328125,0.0,117042900
2022-08-02,300.586669921875,0.0,307.8333435058594,292.6666564941406,294.0033264160156,0.0,95577600
2022-08-03,307.39666748046875,0.0,309.54998779296875,301.1499938964844,305.0,0.0,80091000
2022-08-04,308.6333312988281,0.0,313.6066589355469,305.0,311.0,0.0,72256200
2022-08-05,288.1700134277344,0.0,304.6066589355469,285.5433349609375,302.6700134277344,0.0,113172900
2022-08-08,290.42333984375,0.0,305.20001220703125,289.086669921875,295.0,0.0,98994000
2022-08-09,283.3333435058594,0.0,292.39666748046875,279.35333251953125,290.2933349609375,0.0,86244600
2022-08-10,294.3566589355469,0.0,297.510009765625,283.3699951171875,297.0666809082031,0.0,94918800
2022-08-11,286.6300048828125,0.0,298.2366638183594,285.8333435058594,296.5133361816406,0.0,70155000
2022-08-12,300.0299987792969,0.0,300.1600036621094,285.0333251953125,289.4166564941406,0.0,79657200
2022-08-15,309.32000732421875,0.0,313.1333312988281,301.2300109863281,301.78668212890625,0.0,89359200
2022-08-16,306.5633239746094,0.0,314.6666564941406,302.8833312988281,311.6666564941406,0.0,88136400
2022-08-17,303.9966735839844,0.0,309.65667724609375,300.0333251953125,303.39666748046875,0.0,68766000
2022-08-18,302.8699951171875,0.0,306.5,301.85333251953125,306.0,0.0,47500500
2022-08-19,296.6666564941406,0.0,300.3599853515625,292.5,299.0,0.0,61395300
2022-08-22,289.913330078125,0.0,292.3999938964844,286.2966613769531,291.913330078125,0.0,55843200
2022-08-23,296.4533386230469,0.0,298.82666015625,287.92333984375,291.4533386230469,0.0,63984900
2022-08-24,297.0966796875,0.0,303.64666748046875,296.5,297.5633239746094,0.0,57259800
2022-08-25,296.07000732421875,0.0,302.9599914550781,291.6000061035156,302.3599853515625,3.0,53230000
2022-08-26,288.0899963378906,0.0,302.0,287.4700012207031,297.42999267578125,0.0,57163900
2022-08-29,284.82000732421875,0.0,287.739990234375,280.70001220703125,282.8299865722656,0.0,41864700
2022-08-30,277.70001220703125,0.0,288.4800109863281,272.6499938964844,287.8699951171875,0.0,50541800
2022-08-31,275.6099853515625,0.0,281.25,271.80999755859375,280.6199951171875,0.0,52107300
2022-09-01,277.1600036621094,0.0,277.5799865722656,266.1499938964844,272.5799865722656,0.0,54287000
2022-09-02,270.2099914550781,0.0,282.3500061035156,269.0799865722656,281.07000732421875,0.0,50890100
2022-09-06,274.4200134277344,0.0,275.989990234375,265.739990234375,272.67999267578125,0.0,55860000
2022-09-07,283.70001220703125,0.0,283.8399963378906,272.2699890136719,273.1000061035156,0.0,50028900
2022-09-08,289.260009765625,0.0,289.5,279.760009765625,281.29998779296875,0.0,53713100
2022-09-09,299.67999267578125,0.0,299.8500061035156,291.25,291.6700134277344,0.0,54338100
2022-09-12,304.4200134277344,0.0,305.489990234375,300.3999938964844,300.7200012207031,0.0,48674600
2022-09-13,292.1300048828125,0.0,297.3999938964844,290.3999938964844,292.8999938964844,0.0,68229600
2022-09-14,302.6099853515625,0.0,306.0,291.6400146484375,292.239990234375,0.0,72628700
2022-09-15,303.75,0.0,309.1199951171875,300.7200012207031,301.8299865722656,0.0,64795500
2022-09-16,303.3500061035156,0.0,303.7099914550781,295.6000061035156,299.6099853515625,0.0,87087800
2022-09-19,309.07000732421875,0.0,309.8399963378906,297.79998779296875,300.0899963378906,0.0,60231200
2022-09-20,308.7300109863281,0.0,313.3299865722656,305.5799865722656,306.9100036621094,0.0,61642800
2022-09-21,300.79998779296875,0.0,313.79998779296875,300.6300048828125,308.2900085449219,0.0,62555700
2022-09-22,288.5899963378906,0.0,301.2900085449219,285.82000732421875,299.8599853515625,0.0,70545400
2022-09-23,275.3299865722656,0.0,284.5,272.82000732421875,283.0899963378906,0.0,63748400
2022-09-26,276.010009765625,0.0,284.0899963378906,270.30999755859375,271.8299865722656,0.0,58076900
2022-09-27,282.94000244140625,0.0,288.6700134277344,277.510009765625,283.8399963378906,0.0,61925200
2022-09-28,287.80999755859375,0.0,289.0,277.57000732421875,283.0799865722656,0.0,54664800
2022-09-29,268.2099914550781,0.0,283.6499938964844,265.7799987792969,282.760009765625,0.0,77620600
2022-09-30,265.25,0.0,275.57000732421875,262.4700012207031,266.1499938964844,0.0,67726600
2022-10-03,242.39999389648438,0.0,255.16000366210938,241.00999450683594,254.5,0.0,98363500
2022-10-04,249.44000244140625,0.0,257.5,242.00999450683594,250.52000427246094,0.0,109578500
2022-10-05,240.80999755859375,0.0,246.6699981689453,233.27000427246094,245.00999450683594,0.0,86982700
2022-10-06,238.1300048828125,0.0,244.5800018310547,235.35000610351562,239.44000244140625,0.0,69298400
2022-10-07,223.07000732421875,0.0,234.57000732421875,222.02000427246094,233.94000244140625,0.0,83916800
2022-10-10,222.9600067138672,0.0,226.99000549316406,218.36000061035156,223.92999267578125,0.0,67925000
2022-10-11,216.5,0.0,225.75,215.0,220.9499969482422,0.0,77013200
2022-10-12,217.24000549316406,0.0,219.3000030517578,211.50999450683594,215.3300018310547,0.0,66860700
2022-10-13,221.72000122070312,0.0,222.99000549316406,206.22000122070312,208.3000030517578,0.0,91483000
2022-10-14,204.99000549316406,0.0,226.25999450683594,204.16000366210938,224.00999450683594,0.0,94124500
2022-10-17,219.35000610351562,0.0,221.86000061035156,209.4499969482422,210.0399932861328,0.0,79428800
2022-10-18,220.19000244140625,0.0,229.82000732421875,217.25,229.5,0.0,75891900
2022-10-19,222.0399932861328,0.0,222.92999267578125,217.77999877929688,219.8000030517578,0.0,66571500
2022-10-20,207.27999877929688,0.0,215.5500030517578,202.0,208.27999877929688,0.0,117798100
2022-10-21,214.44000244140625,0.0,214.66000366210938,203.8000030517578,206.4199981689453,0.0,75713800
2022-10-24,211.25,0.0,213.5,198.58999633789062,205.82000732421875,0.0,100446800
2022-10-25,222.4199981689453,0.0,224.35000610351562,210.0,210.10000610351562,0.0,96507900
2022-10-26,224.63999938964844,0.0,230.60000610351562,218.1999969482422,219.39999389648438,0.0,85012500
2022-10-27,225.08999633789062,0.0,233.80999755859375,222.85000610351562,229.77000427246094,0.0,61638800
2022-10-28,228.52000427246094,0.0,228.86000061035156,216.35000610351562,225.39999389648438,0.0,69152400
2022-10-31,227.5399932861328,0.0,229.85000610351562,221.94000244140625,226.19000244140625,0.0,61554300
2022-11-01,227.82000732421875,0.0,237.39999389648438,227.27999877929688,234.0500030517578,0.0,62688800
2022-11-02,214.97999572753906,0.0,227.8699951171875,214.82000732421875,226.0399932861328,0.0,63070300
2022-11-03,215.30999755859375,0.0,221.1999969482422,210.13999938964844,211.36000061035156,0.0,56538800
2022-11-04,207.47000122070312,0.0,223.8000030517578,203.0800018310547,222.60000610351562,0.0,98622200
2022-11-07,197.0800018310547,0.0,208.89999389648438,196.66000366210938,208.64999389648438,0.0,93916500
2022-11-08,191.3000030517578,0.0,195.1999969482422,186.75,194.02000427246094,0.0,128803400
2022-11-09,177.58999633789062,0.0,195.88999938964844,177.1199951171875,190.77999877929688,0.0,127062700
2022-11-10,190.72000122070312,0.0,191.0,180.02999877929688,189.89999389648438,0.0,132703000
2022-11-11,195.97000122070312,0.0,196.52000427246094,182.58999633789062,186.0,0.0,114403600
2022-11-14,190.9499969482422,0.0,195.72999572753906,186.33999633789062,192.77000427246094,0.0,92226600
2022-11-15,194.4199981689453,0.0,200.82000732421875,192.05999755859375,195.8800048828125,0.0,91293800
2022-11-16,186.9199981689453,0.0,192.57000732421875,185.66000366210938,191.50999450683594,0.0,66567600
2022-11-17,183.1699981689453,0.0,186.16000366210938,180.89999389648438,183.9600067138672,0.0,64336000
2022-11-18,180.19000244140625,0.0,185.19000244140625,176.5500030517578,185.0500030517578,0.0,76048900
2022-11-21,167.8699951171875,0.0,176.77000427246094,167.5399932861328,175.85000610351562,0.0,92882700
2022-11-22,169.91000366210938,0.0,170.9199981689453,166.19000244140625,168.6300048828125,0.0,78452300
2022-11-23,183.1999969482422,0.0,183.6199951171875,172.5,173.57000732421875,0.0,109536700
2022-11-25,182.86000061035156,0.0,185.1999969482422,180.6300048828125,185.05999755859375,0.0,50672700
2022-11-28,182.9199981689453,0.0,188.5,179.0,179.9600067138672,0.0,92905200
2022-11-29,180.8300018310547,0.0,186.3800048828125,178.75,184.99000549316406,0.0,83357100
2022-11-30,194.6999969482422,0.0,194.75999450683594,180.6300048828125,182.42999267578125,0.0,109186400
2022-12-01,194.6999969482422,0.0,198.9199981689453,191.8000030517578,197.0800018310547,0.0,80046200
2022-12-02,194.86000061035156,0.0,196.25,191.11000061035156,191.77999877929688,0.0,73645900
2022-12-05,182.4499969482422,0.0,191.27000427246094,180.5500030517578,189.44000244140625,0.0,93122700
2022-12-06,179.82000732421875,0.0,183.64999389648438,175.3300018310547,181.22000122070312,0.0,92150800
2022-12-07,174.0399932861328,0.0,179.3800048828125,172.22000122070312,175.02999877929688,0.0,84213300
2022-12-08,173.44000244140625,0.0,175.1999969482422,169.05999755859375,172.1999969482422,0.0,97624500
2022-12-09,179.0500030517578,0.0,182.5,173.36000061035156,173.83999633789062,0.0,104872300
2022-12-12,167.82000732421875,0.0,177.3699951171875,167.52000427246094,176.10000610351562,0.0,109794500
2022-12-13,160.9499969482422,0.0,175.0500030517578,156.91000366210938,174.8699951171875,0.0,175862700
2022-12-14,156.8000030517578,0.0,161.6199951171875,155.30999755859375,159.25,0.0,140682300
2022-12-15,157.6699981689453,0.0,160.92999267578125,153.27999877929688,153.44000244140625,0.0,122334500
2022-12-16,150.22999572753906,0.0,160.99000549316406,150.0399932861328,159.63999938964844,0.0,139032200
2022-12-19,149.8699951171875,0.0,155.25,145.82000732421875,154.0,0.0,139390600
2022-12-20,137.8000030517578,0.0,148.47000122070312,137.66000366210938,146.0500030517578,0.0,159563300
2022-12-21,137.57000732421875,0.0,141.25999450683594,135.88999938964844,139.33999633789062,0.0,145417400
2022-12-22,125.3499984741211,0.0,136.6300048828125,122.26000213623047,136.0,0.0,210090300
2022-12-23,123.1500015258789,0.0,128.6199951171875,121.0199966430664,126.37000274658203,0.0,166989700
2022-12-27,109.0999984741211,0.0,119.66999816894531,108.76000213623047,117.5,0.0,208643400
2022-12-28,112.70999908447266,0.0,116.2699966430664,108.23999786376953,110.3499984741211,0.0,221070500
2022-12-29,121.81999969482422,0.0,123.56999969482422,117.5,120.38999938964844,0.0,221923300
2022-12-30,123.18000030517578,0.0,124.4800033569336,119.75,119.94999694824219,0.0,157777300
2023-01-03,108.0999984741211,0.0,118.80000305175781,104.63999938964844,118.47000122070312,0.0,231402800
2023-01-04,113.63999938964844,0.0,114.58999633789062,107.5199966430664,109.11000061035156,0.0,180389000
2023-01-05,110.33999633789062,0.0,111.75,107.16000366210938,110.51000213623047,0.0,157986300
2023-01-06,113.05999755859375,0.0,114.38999938964844,101.80999755859375,103.0,0.0,220911100
2023-01-09,119.7699966430664,0.0,123.5199966430664,117.11000061035156,118.95999908447266,0.0,190284000
2023-01-10,118.8499984741211,0.0,122.76000213623047,114.91999816894531,121.06999969482422,0.0,167642500
2023-01-11,123.22000122070312,0.0,125.94999694824219,120.51000213623047,122.08999633789062,0.0,183810800
2023-01-12,123.55999755859375,0.0,124.12999725341797,117.0,122.55999755859375,0.0,169400900
2023-01-13,122.4000015258789,0.0,122.62999725341797,115.5999984741211,116.55000305175781,0.0,180714100
2023-01-17,131.49000549316406,0.0,131.6999969482422,125.0199966430664,125.69999694824219,0.0,186477000
2023-01-18,128.77999877929688,0.0,136.67999267578125,127.01000213623047,136.55999755859375,0.0,195680300
2023-01-19,127.16999816894531,0.0,129.99000549316406,124.30999755859375,127.26000213623047,0.0,170291900
2023-01-20,133.4199981689453,0.0,133.50999450683594,127.3499984741211,128.67999267578125,0.0,138858100
2023-01-23,143.75,0.0,145.3800048828125,134.27000427246094,135.8699951171875,0.0,203119200
2023-01-24,143.88999938964844,0.0,146.5,141.10000610351562,143.0,0.0,158699100
2023-01-25,144.42999267578125,0.0,146.41000366210938,138.07000732421875,141.91000366210938,0.0,192734300
2023-01-26,160.27000427246094,0.0,161.4199981689453,154.75999450683594,159.97000122070312,0.0,234815100
2023-01-27,177.89999389648438,0.0,180.67999267578125,161.1699981689453,162.42999267578125,0.0,306590600
2023-01-30,166.66000366210938,0.0,179.77000427246094,166.5,178.0500030517578,0.0,230878800
2023-01-31,173.22000122070312,0.0,174.3000030517578,162.77999877929688,164.57000732421875,0.0,196813500
2023-02-01,181.41000366210938,0.0,183.80999755859375,169.92999267578125,173.88999938964844,0.0,213806300
2023-02-02,188.27000427246094,0.0,196.75,182.61000061035156,187.3300018310547,0.0,217448300
2023-02-03,189.97999572753906,0.0,199.0,183.69000244140625,183.9499969482422,0.0,232662000
2023-02-06,194.75999450683594,0.0,198.1699981689453,189.9199981689453,193.00999450683594,0.0,186188100
2023-02-07,196.80999755859375,0.0,197.5,189.5500030517578,196.42999267578125,0.0,186010300
2023-02-08,201.2899932861328,0.0,203.0,194.30999755859375,196.10000610351562,0.0,180673600
2023-02-09,207.32000732421875,0.0,214.0,204.77000427246094,207.77999877929688,0.0,215431400
2023-02-10,196.88999938964844,0.0,206.1999969482422,192.88999938964844,202.22999572753906,0.0,204754100
2023-02-13,194.63999938964844,0.0,196.3000030517578,187.61000061035156,194.4199981689453,0.0,172475500
2023-02-14,209.25,0.0,209.82000732421875,189.44000244140625,191.94000244140625,0.0,216455700
2023-02-15,214.24000549316406,0.0,214.66000366210938,206.11000061035156,211.75999450683594,0.0,181006400
2023-02-16,202.0399932861328,0.0,217.64999389648438,201.83999633789062,210.77999877929688,0.0,229586500
2023-02-17,208.30999755859375,0.0,208.44000244140625,197.5,199.99000549316406,0.0,213738500
2023-02-21,197.3699951171875,0.0,209.7100067138672,197.22000122070312,204.99000549316406,0.0,180018600
2023-02-22,200.86000061035156,0.0,201.99000549316406,191.77999877929688,197.92999267578125,0.0,191828500
2023-02-23,202.07000732421875,0.0,205.13999938964844,196.3300018310547,203.91000366210938,0.0,146360000
2023-02-24,196.8800048828125,0.0,197.6699981689453,192.8000030517578,196.3300018310547,0.0,142228100
2023-02-27,207.6300048828125,0.0,209.4199981689453,201.25999450683594,202.02999877929688,0.0,161028300
2023-02-28,205.7100067138672,0.0,211.22999572753906,203.75,210.58999633789062,0.0,153144900
2023-03-01,202.77000427246094,0.0,207.1999969482422,198.52000427246094,206.2100067138672,0.0,156852800
2023-03-02,190.89999389648438,0.0,193.75,186.00999450683594,186.74000549316406,0.0,181500700
2023-03-03,197.7899932861328,0.0,200.47999572753906,192.8800048828125,194.8000030517578,0.0,154193300
2023-03-06,193.80999755859375,0.0,198.60000610351562,192.3000030517578,198.5399932861328,0.0,128100100
2023-03-07,187.7100067138672,0.0,194.1999969482422,186.10000610351562,191.3800048828125,0.0,148125800
2023-03-08,182.0,0.0,186.5,180.0,185.0399932861328,0.0,151897800
2023-03-09,172.9199981689453,0.0,185.17999267578125,172.50999450683594,180.25,0.0,170023800
2023-03-10,173.44000244140625,0.0,178.2899932861328,168.44000244140625,175.1300048828125,0.0,191488900
2023-03-13,174.47999572753906,0.0,177.35000610351562,163.91000366210938,167.4600067138672,0.0,167790300
2023-03-14,183.25999450683594,0.0,183.8000030517578,177.13999938964844,177.30999755859375,0.0,143717900
2023-03-15,180.4499969482422,0.0,182.33999633789062,176.02999877929688,180.8000030517578,0.0,145995600
2023-03-16,184.1300048828125,0.0,185.80999755859375,178.83999633789062,180.3699951171875,0.0,121136800
2023-03-17,180.1300048828125,0.0,186.22000122070312,177.3300018310547,184.52000427246094,0.0,133197100
2023-03-20,183.25,0.0,186.44000244140625,176.35000610351562,178.0800018310547,0.0,129684400
2023-03-21,197.5800018310547,0.0,198.0,188.0399932861328,188.27999877929688,0.0,153391400
2023-03-22,191.14999389648438,0.0,200.66000366210938,190.9499969482422,199.3000030517578,0.0,150376400
2023-03-23,192.22000122070312,0.0,199.30999755859375,188.64999389648438,195.25999450683594,0.0,144193900
2023-03-24,190.41000366210938,0.0,192.36000061035156,187.14999389648438,191.64999389648438,0.0,116312400
2023-03-27,191.80999755859375,0.0,197.38999938964844,189.94000244140625,194.4199981689453,0.0,120851600
2023-03-28,189.19000244140625,0.0,192.35000610351562,185.42999267578125,192.0,0.0,98654600
2023-03-29,193.8800048828125,0.0,195.2899932861328,189.44000244140625,193.1300048828125,0.0,123660000
2023-03-30,195.27999877929688,0.0,197.3300018310547,194.4199981689453,195.5800018310547,0.0,110252200
2023-03-31,207.4600067138672,0.0,207.7899932861328,197.1999969482422,197.52999877929688,0.0,170222100
2023-04-03,194.77000427246094,0.0,202.69000244140625,192.1999969482422,199.91000366210938,0.0,169545900
2023-04-04,192.5800018310547,0.0,198.74000549316406,190.32000732421875,197.32000732421875,0.0,126463800
2023-04-05,185.52000427246094,0.0,190.67999267578125,183.75999450683594,190.52000427246094,0.0,133882500
2023-04-06,185.05999755859375,0.0,186.38999938964844,179.74000549316406,183.0800018310547,0.0,123857900
2023-04-10,184.50999450683594,0.0,185.10000610351562,176.11000061035156,179.94000244140625,0.0,142154600
2023-04-11,186.7899932861328,0.0,189.19000244140625,185.64999389648438,186.69000244140625,0.0,115770900
2023-04-12,180.5399932861328,0.0,191.5800018310547,180.30999755859375,190.74000549316406,0.0,150256300
2023-04-13,185.89999389648438,0.0,186.5,180.94000244140625,182.9600067138672,0.0,112933000
2023-04-14,185.0,0.0,186.27999877929688,182.00999450683594,183.9499969482422,0.0,96438700
2023-04-17,187.0399932861328,0.0,189.69000244140625,182.69000244140625,186.32000732421875,0.0,116662200
2023-04-18,184.30999755859375,0.0,187.69000244140625,183.5800018310547,187.14999389648438,0.0,92067000
2023-04-19,180.58999633789062,0.0,183.5,177.64999389648438,179.10000610351562,0.0,125732700
2023-04-20,162.99000549316406,0.0,169.6999969482422,160.55999755859375,166.1699981689453,0.0,210970800
2023-04-21,165.0800018310547,0.0,166.0,161.32000732421875,164.8000030517578,0.0,123539000
2023-04-24,162.5500030517578,0.0,165.64999389648438,158.61000061035156,164.64999389648438,0.0,140006600
2023-04-25,160.6699981689453,0.0,163.47000122070312,158.75,159.82000732421875,0.0,121999300
2023-04-26,153.75,0.0,160.6699981689453,153.13999938964844,160.2899932861328,0.0,153364100
2023-04-27,160.19000244140625,0.0,160.47999572753906,152.3699951171875,152.63999938964844,0.0,127015200
2023-04-28,164.30999755859375,0.0,165.0,157.32000732421875,160.89999389648438,0.0,122515800
2023-05-01,161.8300018310547,0.0,163.27999877929688,158.8300018310547,163.1699981689453,0.0,109015000
2023-05-02,160.30999755859375,0.0,165.49000549316406,158.92999267578125,161.8800048828125,0.0,128259700
2023-05-03,160.61000061035156,0.0,165.0,159.91000366210938,160.00999450683594,0.0,119728000
2023-05-04,161.1999969482422,0.0,162.9499969482422,159.64999389648438,162.7100067138672,0.0,95108500
2023-05-05,170.05999755859375,0.0,170.7899932861328,163.50999450683594,163.97000122070312,0.0,107607300
2023-05-08,171.7899932861328,0.0,173.8000030517578,169.19000244140625,173.72000122070312,0.0,112249400
2023-05-09,169.14999389648438,0.0,169.82000732421875,166.55999755859375,168.9499969482422,0.0,88965000
2023-05-10,168.5399932861328,0.0,174.42999267578125,166.67999267578125,172.5500030517578,0.0,119840700
2023-05-11,172.0800018310547,0.0,173.57000732421875,166.7899932861328,168.6999969482422,0.0,103889900
2023-05-12,167.97999572753906,0.0,177.3800048828125,167.22999572753906,176.07000732421875,0.0,157849600
2023-05-15,166.35000610351562,0.0,169.75999450683594,164.5500030517578,167.66000366210938,0.0,105592500
2023-05-16,166.52000427246094,0.0,169.52000427246094,164.35000610351562,165.64999389648438,0.0,98288800
2023-05-17,173.86000061035156,0.0,174.5,167.19000244140625,168.41000366210938,0.0,125473600
2023-05-18,176.88999938964844,0.0,177.05999755859375,172.4499969482422,174.22000122070312,0.0,109520300
2023-05-19,180.13999938964844,0.0,181.9499969482422,176.30999755859375,177.1699981689453,0.0,136196700
2023-05-22,188.8699951171875,0.0,189.32000732421875,180.11000061035156,180.6999969482422,0.0,132001400
2023-05-23,185.77000427246094,0.0,192.9600067138672,185.25999450683594,186.1999969482422,0.0,156952100
2023-05-24,182.89999389648438,0.0,184.22000122070312,178.22000122070312,182.22999572753906,0.0,137605100
2023-05-25,184.47000122070312,0.0,186.77999877929688,180.5800018310547,186.5399932861328,0.0,96870700
2023-05-26,193.1699981689453,0.0,198.60000610351562,184.52999877929688,184.6199951171875,0.0,162061500
2023-05-30,201.16000366210938,0.0,204.47999572753906,197.52999877929688,200.10000610351562,0.0,128818700
2023-05-31,203.92999267578125,0.0,203.9499969482422,195.1199951171875,199.77999877929688,0.0,150711700
2023-06-01,207.52000427246094,0.0,209.8000030517578,199.3699951171875,202.58999633789062,0.0,148029900
2023-06-02,213.97000122070312,0.0,217.25,209.75,210.14999389648438,0.0,164398400
2023-06-05,217.61000061035156,0.0,221.2899932861328,214.52000427246094,217.8000030517578,0.0,151143100
2023-06-06,221.30999755859375,0.0,221.91000366210938,212.52999877929688,216.13999938964844,0.0,146911600
2023-06-07,224.57000732421875,0.0,230.8300018310547,223.1999969482422,228.0,0.0,185710800
2023-06-08,234.86000061035156,0.0,235.22999572753906,223.00999450683594,224.22000122070312,0.0,164489700
2023-06-09,244.39999389648438,0.0,252.4199981689453,242.02000427246094,249.07000732421875,0.0,200242400
2023-06-12,249.8300018310547,0.0,250.97000122070312,244.58999633789062,247.94000244140625,0.0,150337900
2023-06-13,258.7099914550781,0.0,259.67999267578125,251.33999633789062,253.50999450683594,0.0,162384300
2023-06-14,256.7900085449219,0.0,261.57000732421875,250.5,260.1700134277344,0.0,170575500
2023-06-15,255.89999389648438,0.0,258.95001220703125,247.2899932861328,248.39999389648438,0.0,160171200
2023-06-16,260.5400085449219,0.0,263.6000061035156,257.2099914550781,258.9200134277344,0.0,167915600
2023-06-20,274.45001220703125,0.0,274.75,261.1199951171875,261.5,0.0,165611200
2023-06-21,259.4599914550781,0.0,276.989990234375,257.7799987792969,275.1300048828125,0.0,211797100
2023-06-22,264.6099853515625,0.0,265.0,248.25,250.77000427246094,0.0,166875900
2023-06-23,256.6000061035156,0.0,262.45001220703125,252.8000030517578,259.2900085449219,0.0,177460800
2023-06-26,241.0500030517578,0.0,258.3699951171875,240.6999969482422,250.07000732421875,0.0,179990600
2023-06-27,250.2100067138672,0.0,250.38999938964844,240.85000610351562,243.24000549316406,0.0,164968200
2023-06-28,256.239990234375,0.0,259.8800048828125,248.88999938964844,249.6999969482422,0.0,159770800
2023-06-29,257.5,0.0,260.739990234375,253.61000061035156,258.0299987792969,0.0,131283400
2023-06-30,261.7699890136719,0.0,264.45001220703125,259.8900146484375,260.6000061035156,0.0,112620800
2023-07-03,279.82000732421875,0.0,284.25,275.1099853515625,276.489990234375,0.0,119685900
2023-07-05,282.4800109863281,0.0,283.8500061035156,277.6000061035156,278.82000732421875,0.0,131530900
2023-07-06,276.5400085449219,0.0,279.9700012207031,272.8800048828125,278.0899963378906,0.0,120332100
2023-07-07,274.42999267578125,0.0,280.7799987792969,273.7699890136719,278.42999267578125,0.0,113879200
2023-07-10,269.6099853515625,0.0,277.5199890136719,265.1000061035156,276.4700012207031,0.0,119425400
2023-07-11,269.7900085449219,0.0,270.8999938964844,266.3699951171875,268.6499938964844,0.0,91972400
2023-07-12,271.989990234375,0.0,276.5199890136719,271.4599914550781,276.3299865722656,0.0,95672100
2023-07-13,277.8999938964844,0.0,279.45001220703125,270.6000061035156,274.5899963378906,0.0,112681500
2023-07-14,281.3800048828125,0.0,285.29998779296875,276.30999755859375,277.010009765625,0.0,120062400
2023-07-17,290.3800048828125,0.0,292.2300109863281,283.57000732421875,286.6300048828125,0.0,131569600
2023-07-18,293.3399963378906,0.0,295.260009765625,286.010009765625,290.1499938964844,0.0,112120300
2023-07-19,291.260009765625,0.0,299.2900085449219,289.5199890136719,296.0400085449219,0.0,142355400
2023-07-20,262.8999938964844,0.0,280.92999267578125,261.20001220703125,279.55999755859375,0.0,175158300
2023-07-21,260.0199890136719,0.0,268.0,255.8000030517578,268.0,0.0,161796100
2023-07-24,269.05999755859375,0.0,269.8500061035156,254.1199951171875,255.85000610351562,0.0,136508500
2023-07-25,265.2799987792969,0.0,272.8999938964844,265.0,272.3800048828125,0.0,112757300
2023-07-26,264.3500061035156,0.0,268.0400085449219,261.75,263.25,0.0,95856200
2023-07-27,255.7100067138672,0.0,269.1300048828125,255.3000030517578,268.30999755859375,0.0,103697300
2023-07-28,266.44000244140625,0.0,267.25,258.2300109863281,259.8599853515625,0.0,111446000
2023-07-31,267.42999267578125,0.0,269.0799865722656,263.7799987792969,267.4800109863281,0.0,84582200
2023-08-01,261.07000732421875,0.0,266.4700012207031,260.25,266.260009765625,0.0,83166000
2023-08-02,254.11000061035156,0.0,259.5199890136719,250.49000549316406,255.57000732421875,0.0,101752900
2023-08-03,259.32000732421875,0.0,260.489990234375,252.0,252.0399932861328,0.0,97569100
2023-08-04,253.86000061035156,0.0,264.7699890136719,253.11000061035156,260.9700012207031,0.0,99539900
2023-08-07,251.4499969482422,0.0,253.64999389648438,242.75999450683594,251.4499969482422,0.0,111097900
2023-08-08,249.6999969482422,0.0,250.9199981689453,245.00999450683594,247.4499969482422,0.0,96642200
2023-08-09,242.19000244140625,0.0,251.10000610351562,241.89999389648438,250.8699951171875,0.0,101596300
2023-08-10,245.33999633789062,0.0,251.8000030517578,243.0,245.39999389648438,0.0,109498600
2023-08-11,242.64999389648438,0.0,243.7899932861328,238.02000427246094,241.77000427246094,0.0,99038600
2023-08-14,239.75999450683594,0.0,240.66000366210938,233.75,235.6999969482422,0.0,98595300
2023-08-15,232.9600067138672,0.0,240.5,232.61000061035156,238.72999572753906,0.0,88197600
2023-08-16,225.60000610351562,0.0,233.97000122070312,225.3800048828125,228.02000427246094,0.0,112484500
2023-08-17,219.22000122070312,0.0,226.74000549316406,218.8300018310547,226.05999755859375,0.0,120718400
2023-08-18,215.49000549316406,0.0,217.5800018310547,212.36000061035156,214.1199951171875,0.0,136276600
2023-08-21,231.27999877929688,0.0,232.1300048828125,220.5800018310547,221.5500030517578,0.0,135702700
2023-08-22,233.19000244140625,0.0,240.82000732421875,229.5500030517578,240.25,0.0,130442800
2023-08-23,236.86000061035156,0.0,238.97999572753906,229.2899932861328,229.33999633789062,0.0,101077600
2023-08-24,230.0399932861328,0.0,238.9199981689453,228.17999267578125,238.66000366210938,0.0,99777400
2023-08-25,238.58999633789062,0.0,239.0,230.35000610351562,231.30999755859375,0.0,106612200
2023-08-28,238.82000732421875,0.0,244.3800048828125,235.35000610351562,242.5800018310547,0.0,107673700
2023-08-29,257.17999267578125,0.0,257.4800109863281,237.77000427246094,238.5800018310547,0.0,134047600
2023-08-30,256.8999938964844,0.0,260.510009765625,250.58999633789062,254.1999969482422,0.0,121988400
2023-08-31,258.0799865722656,0.0,261.17999267578125,255.0500030517578,255.97999572753906,0.0,108861700
2023-09-01,245.00999450683594,0.0,259.0799865722656,242.00999450683594,257.260009765625,0.0,132541600
2023-09-05,256.489990234375,0.0,258.0,244.86000061035156,245.0,0.0,129469600
2023-09-06,251.9199981689453,0.0,255.38999938964844,245.05999755859375,255.13999938964844,0.0,116959800
2023-09-07,251.49000549316406,0.0,252.80999755859375,243.27000427246094,245.07000732421875,0.0,115312900
2023-09-08,248.5,0.0,256.5199890136719,246.6699981689453,251.22000122070312,0.0,118367700
2023-09-11,273.5799865722656,0.0,274.8500061035156,260.6099853515625,264.2699890136719,0.0,174667900
2023-09-12,267.4800109863281,0.0,278.3900146484375,266.6000061035156,270.760009765625,0.0,135999900
2023-09-13,271.29998779296875,0.0,274.9800109863281,268.1000061035156,270.07000732421875,0.0,111673700
2023-09-14,276.0400085449219,0.0,276.7099914550781,270.4200134277344,271.32000732421875,0.0,107709800
2023-09-15,274.3900146484375,0.0,278.9800109863281,271.0,277.54998779296875,0.0,133692300
2023-09-18,265.2799987792969,0.0,271.44000244140625,263.760009765625,271.1600036621094,0.0,101543300
2023-09-19,266.5,0.0,267.8500061035156,261.20001220703125,264.3500061035156,0.0,103704000
2023-09-20,262.5899963378906,0.0,273.92999267578125,262.4599914550781,267.0400085449219,0.0,122514600
2023-09-21,255.6999969482422,0.0,260.8599853515625,254.2100067138672,257.8500061035156,0.0,119951500
2023-09-22,244.8800048828125,0.0,257.7900085449219,244.47999572753906,257.3999938964844,0.0,127524100
2023-09-25,246.99000549316406,0.0,247.10000610351562,238.30999755859375,243.3800048828125,0.0,104636600
2023-09-26,244.1199951171875,0.0,249.5500030517578,241.66000366210938,242.97999572753906,0.0,101993600
2023-09-27,240.5,0.0,245.3300018310547,234.5800018310547,244.25999450683594,0.0,136597200
2023-09-28,246.3800048828125,0.0,247.5500030517578,238.64999389648438,240.02000427246094,0.0,117058900
2023-09-29,250.22000122070312,0.0,254.77000427246094,246.35000610351562,250.0,0.0,128522700
2023-10-02,251.60000610351562,0.0,254.27999877929688,242.6199951171875,244.80999755859375,0.0,123810400
2023-10-03,246.52999877929688,0.0,250.02000427246094,244.4499969482422,248.61000061035156,0.0,101985300
2023-10-04,261.1600036621094,0.0,261.8599853515625,247.60000610351562,248.13999938964844,0.0,129721600
2023-10-05,260.04998779296875,0.0,263.6000061035156,256.25,260.0,0.0,119159200
2023-10-06,260.5299987792969,0.0,261.6499938964844,250.64999389648438,253.97999572753906,0.0,118121800
2023-10-09,259.6700134277344,0.0,261.3599853515625,252.0500030517578,255.30999755859375,0.0,101377900
2023-10-10,263.6199951171875,0.0,268.94000244140625,257.6499938964844,257.75,0.0,122656000
2023-10-11,262.989990234375,0.0,268.6000061035156,260.8999938964844,266.20001220703125,0.0,103706300
2023-10-12,258.8699951171875,0.0,265.4100036621094,256.6300048828125,262.9200134277344,0.0,111508100
2023-10-13,251.1199951171875,0.0,259.6000061035156,250.22000122070312,258.8999938964844,0.0,102073800
2023-10-16,253.9199981689453,0.0,255.39999389648438,248.47999572753906,250.0500030517578,0.0,88917200
2023-10-17,254.85000610351562,0.0,257.17999267578125,247.0800018310547,250.10000610351562,0.0,93562900
2023-10-18,242.67999267578125,0.0,254.6300048828125,242.0800018310547,252.6999969482422,0.0,125147800
2023-10-19,220.11000061035156,0.0,230.61000061035156,216.77999877929688,225.9499969482422,0.0,170772700
2023-10-20,211.99000549316406,0.0,218.86000061035156,210.4199981689453,217.00999450683594,0.0,138010100
2023-10-23,212.0800018310547,0.0,216.97999572753906,202.50999450683594,210.0,0.0,150683400
2023-10-24,216.52000427246094,0.0,222.0500030517578,214.11000061035156,216.5,0.0,118231100
2023-10-25,212.4199981689453,0.0,220.10000610351562,212.1999969482422,215.8800048828125,0.0,107065100
2023-10-26,205.75999450683594,0.0,214.8000030517578,204.8800048828125,211.32000732421875,0.0,115112600
2023-10-27,207.3000030517578,0.0,212.41000366210938,205.77000427246094,210.60000610351562,0.0,94881200
2023-10-30,197.36000061035156,0.0,210.8800048828125,194.6699981689453,209.27999877929688,0.0,136448200
2023-10-31,200.83999633789062,0.0,202.8000030517578,194.07000732421875,196.1199951171875,0.0,118068300
2023-11-01,205.66000366210938,0.0,205.99000549316406,197.85000610351562,204.0399932861328,0.0,121661700
2023-11-02,218.50999450683594,0.0,219.1999969482422,211.4499969482422,212.97000122070312,0.0,125987600
2023-11-03,219.9600067138672,0.0,226.3699951171875,218.39999389648438,221.14999389648438,0.0,119534800
2023-11-06,219.27000427246094,0.0,226.32000732421875,215.0,223.97999572753906,0.0,117335800
2023-11-07,222.17999267578125,0.0,223.1199951171875,215.72000122070312,219.97999572753906,0.0,116900100
2023-11-08,222.11000061035156,0.0,224.14999389648438,217.63999938964844,223.14999389648438,0.0,106584800
2023-11-09,209.97999572753906,0.0,220.8000030517578,206.67999267578125,219.75,0.0,142110500
2023-11-10,214.64999389648438,0.0,215.3800048828125,205.69000244140625,210.02999877929688,0.0,130994000
2023-11-13,223.7100067138672,0.0,225.39999389648438,211.61000061035156,215.60000610351562,0.0,140447600
2023-11-14,237.41000366210938,0.0,238.13999938964844,230.72000122070312,235.02999877929688,0.0,149771600
2023-11-15,242.83999633789062,0.0,246.6999969482422,236.4499969482422,239.2899932861328,0.0,150354000
2023-11-16,233.58999633789062,0.0,240.8800048828125,230.9600067138672,239.49000549316406,0.0,136816800
2023-11-17,234.3000030517578,0.0,237.38999938964844,226.5399932861328,232.0,0.0,142532800
2023-11-20,235.60000610351562,0.0,237.10000610351562,231.02000427246094,234.0399932861328,0.0,116320100
2023-11-21,241.1999969482422,0.0,243.6199951171875,233.33999633789062,235.0399932861328,0.0,122288000
2023-11-22,234.2100067138672,0.0,244.00999450683594,231.39999389648438,242.0399932861328,0.0,117950600
2023-11-24,235.4499969482422,0.0,238.75,232.3300018310547,233.75,0.0,65125200
2023-11-27,236.0800018310547,0.0,238.3300018310547,232.10000610351562,236.88999938964844,0.0,112031800
2023-11-28,246.72000122070312,0.0,247.0,234.00999450683594,236.67999267578125,0.0,148549900
2023-11-29,244.13999938964844,0.0,252.75,242.75999450683594,249.2100067138672,0.0,135401300
2023-11-30,240.0800018310547,0.0,245.22000122070312,236.91000366210938,245.13999938964844,0.0,132353200
2023-12-01,238.8300018310547,0.0,240.19000244140625,231.89999389648438,233.13999938964844,0.0,121331700
2023-12-04,235.5800018310547,0.0,239.3699951171875,233.2899932861328,235.75,0.0,104099800
2023-12-05,238.72000122070312,0.0,246.66000366210938,233.6999969482422,233.8699951171875,0.0,137971100
2023-12-06,239.3699951171875,0.0,246.57000732421875,239.1699981689453,242.9199981689453,0.0,126436200
2023-12-07,242.63999938964844,0.0,244.0800018310547,236.97999572753906,241.5500030517578,0.0,107142300
2023-12-08,243.83999633789062,0.0,245.27000427246094,239.27000427246094,240.27000427246094,0.0,103126800
2023-12-11,239.74000549316406,0.0,243.44000244140625,237.4499969482422,242.74000549316406,0.0,97913900
2023-12-12,237.00999450683594,0.0,238.99000549316406,233.8699951171875,238.5500030517578,0.0,95328300
2023-12-13,239.2899932861328,0.0,240.3000030517578,228.1999969482422,234.19000244140625,0.0,146286300
2023-12-14,251.0500030517578,0.0,253.8800048828125,240.7899932861328,241.22000122070312,0.0,160829200
2023-12-15,253.5,0.0,254.1300048828125,248.3000030517578,251.2100067138672,0.0,135932800
2023-12-18,252.0800018310547,0.0,258.739990234375,251.36000061035156,253.77999877929688,0.0,116416500
2023-12-19,257.2200012207031,0.0,258.3399963378906,253.00999450683594,253.47999572753906,0.0,106737400
2023-12-20,247.13999938964844,0.0,259.8399963378906,247.0,256.4100036621094,0.0,125097000
2023-12-21,254.5,0.0,254.8000030517578,248.5500030517578,251.89999389648438,0.0,109594200
2023-12-22,252.5399932861328,0.0,258.2200012207031,251.3699951171875,256.760009765625,0.0,93370100
2023-12-26,256.6099853515625,0.0,257.9700012207031,252.91000366210938,254.49000549316406,0.0,86892400
2023-12-27,261.44000244140625,0.0,263.3399963378906,257.5199890136719,258.3500061035156,0.0,106494400
2023-12-28,253.17999267578125,0.0,265.1300048828125,252.7100067138672,263.6600036621094,0.0,113619900
2023-12-29,248.47999572753906,0.0,255.19000244140625,247.42999267578125,255.10000610351562,0.0,100891600
2024-01-02,248.4199981689453,0.0,251.25,244.41000366210938,250.0800018310547,0.0,104654200
2024-01-03,238.4499969482422,0.0,245.67999267578125,236.32000732421875,244.97999572753906,0.0,121082600
2024-01-04,237.92999267578125,0.0,242.6999969482422,237.72999572753906,239.25,0.0,102629300
2024-01-05,237.49000549316406,0.0,240.1199951171875,234.89999389648438,236.86000061035156,0.0,92488900
2024-01-08,240.4499969482422,0.0,241.25,235.3000030517578,236.13999938964844,0.0,85166600
2024-01-09,234.9600067138672,0.0,238.9600067138672,232.0399932861328,238.11000061035156,0.0,96705700
2024-01-10,233.94000244140625,0.0,235.5,231.2899932861328,235.10000610351562,0.0,91628500
2024-01-11,227.22000122070312,0.0,230.92999267578125,225.3699951171875,230.57000732421875,0.0,105873600
2024-01-12,218.88999938964844,0.0,225.33999633789062,217.14999389648438,220.0800018310547,0.0,123043800
2024-01-16,219.91000366210938,0.0,223.49000549316406,212.17999267578125,215.10000610351562,0.0,115355000
2024-01-17,215.5500030517578,0.0,215.6699981689453,212.00999450683594,214.86000061035156,0.0,103164400
2024-01-18,211.8800048828125,0.0,217.4499969482422,208.74000549316406,216.8800048828125,0.0,108595400
2024-01-19,212.19000244140625,0.0,213.19000244140625,207.55999755859375,209.99000549316406,0.0,102260300
2024-01-22,208.8000030517578,0.0,217.8000030517578,206.27000427246094,212.25999450683594,0.0,117952500
2024-01-23,209.13999938964844,0.0,215.64999389648438,207.75,211.3000030517578,0.0,106605900
2024-01-24,207.8300018310547,0.0,212.72999572753906,206.77000427246094,211.8800048828125,0.0,123369900
2024-01-25,182.6300048828125,0.0,193.0,180.05999755859375,189.6999969482422,0.0,198076800
2024-01-26,183.25,0.0,186.77999877929688,182.10000610351562,185.5,0.0,107343200
2024-01-29,190.92999267578125,0.0,191.47999572753906,183.6699981689453,185.6300048828125,0.0,125013100
2024-01-30,191.58999633789062,0.0,196.36000061035156,190.61000061035156,195.3300018310547,0.0,109982300
2024-01-31,187.2899932861328,0.0,193.97000122070312,185.85000610351562,187.0,0.0,103221400
2024-02-01,188.86000061035156,0.0,189.8800048828125,184.27999877929688,188.5,0.0,91843300
2024-02-02,187.91000366210938,0.0,188.69000244140625,182.0,185.0399932861328,0.0,110612700
2024-02-05,181.05999755859375,0.0,184.67999267578125,175.00999450683594,184.25999450683594,0.0,134294400
2024-02-06,185.10000610351562,0.0,186.49000549316406,177.11000061035156,177.2100067138672,0.0,122676000
2024-02-07,187.5800018310547,0.0,189.7899932861328,182.67999267578125,188.17999267578125,0.0,111535200
2024-02-08,189.55999755859375,0.0,191.6199951171875,185.5800018310547,189.0,0.0,83034000
2024-02-09,193.57000732421875,0.0,194.1199951171875,189.47999572753906,190.17999267578125,0.0,84476300
2024-02-12,188.1300048828125,0.0,194.72999572753906,187.27999877929688,192.11000061035156,0.0,95498600
2024-02-13,184.02000427246094,0.0,187.25999450683594,182.11000061035156,183.99000549316406,0.0,86759500
2024-02-14,188.7100067138672,0.0,188.88999938964844,183.35000610351562,185.3000030517578,0.0,81203000
2024-02-15,200.4499969482422,0.0,200.8800048828125,188.86000061035156,189.16000366210938,0.0,120831800
2024-02-16,199.9499969482422,0.0,203.1699981689453,197.39999389648438,202.05999755859375,0.0,111346700
2024-02-20,193.75999450683594,0.0,198.60000610351562,189.1300048828125,196.1300048828125,0.0,104545800
2024-02-21,194.77000427246094,0.0,199.44000244140625,191.9499969482422,193.36000061035156,0.0,103500300
2024-02-22,197.41000366210938,0.0,198.32000732421875,191.36000061035156,194.0,0.0,92739500
2024-02-23,191.97000122070312,0.0,197.57000732421875,191.5,195.30999755859375,0.0,78841900
2024-02-26,199.39999389648438,0.0,201.77999877929688,192.0,192.2899932861328,0.0,111747100
2024-02-27,199.72999572753906,0.0,205.60000610351562,198.25999450683594,204.0399932861328,0.0,108645400
2024-02-28,202.0399932861328,0.0,205.3000030517578,198.44000244140625,200.4199981689453,0.0,99806200
2024-02-29,201.8800048828125,0.0,205.27999877929688,198.4499969482422,204.17999267578125,0.0,85907000
2024-03-01,202.63999938964844,0.0,204.52000427246094,198.5,200.52000427246094,0.0,82243100
2024-03-04,188.13999938964844,0.0,199.75,186.72000122070312,198.72999572753906,0.0,134334900
2024-03-05,180.74000549316406,0.0,184.58999633789062,177.57000732421875,183.0500030517578,0.0,119660800
2024-03-06,176.5399932861328,0.0,181.5800018310547,173.6999969482422,179.99000549316406,0.0,107920900
2024-03-07,178.64999389648438,0.0,180.0399932861328,173.6999969482422,174.35000610351562,0.0,102129000
2024-03-08,175.33999633789062,0.0,182.72999572753906,174.6999969482422,181.5,0.0,85544600
2024-03-11,177.77000427246094,0.0,182.8699951171875,174.8000030517578,175.4499969482422,0.0,85391500
2024-03-12,177.5399932861328,0.0,179.42999267578125,172.41000366210938,177.77000427246094,0.0,87391700
2024-03-13,169.47999572753906,0.0,176.0500030517578,169.14999389648438,173.0500030517578,0.0,106524500
2024-03-14,162.5,0.0,171.1699981689453,160.50999450683594,167.77000427246094,0.0,126325700
2024-03-15,163.57000732421875,0.0,165.17999267578125,160.75999450683594,163.16000366210938,0.0,97146800
2024-03-18,173.8000030517578,0.0,174.72000122070312,165.89999389648438,170.02000427246094,0.0,108214400
2024-03-19,171.32000732421875,0.0,172.82000732421875,167.4199981689453,172.36000061035156,0.0,77271400
2024-03-20,175.66000366210938,0.0,176.25,170.82000732421875,173.0,0.0,83846700
2024-03-21,172.82000732421875,0.0,178.17999267578125,171.8000030517578,176.38999938964844,0.0,73178000
2024-03-22,170.8300018310547,0.0,171.1999969482422,166.3000030517578,166.69000244140625,0.0,75580600
2024-03-25,172.6300048828125,0.0,175.24000549316406,168.72999572753906,168.75999450683594,0.0,74228600
2024-03-26,177.6699981689453,0.0,184.25,177.3800048828125,178.5800018310547,0.0,113186200
2024-03-27,179.8300018310547,0.0,181.91000366210938,176.0,181.41000366210938,0.0,81804000
2024-03-28,175.7899932861328,0.0,179.57000732421875,175.3000030517578,177.4499969482422,0.0,77654800
2024-04-01,175.22000122070312,0.0,176.75,170.2100067138672,176.1699981689453,0.0,81562100
2024-04-02,166.6300048828125,0.0,167.69000244140625,163.42999267578125,164.75,0.0,116650600
2024-04-03,168.3800048828125,0.0,168.82000732421875,163.27999877929688,164.02000427246094,0.0,82950100
2024-04-04,171.11000061035156,0.0,177.19000244140625,168.00999450683594,170.07000732421875,0.0,123162000
2024-04-05,164.89999389648438,0.0,170.86000061035156,160.50999450683594,169.0800018310547,0.0,143157600
2024-04-08,172.97999572753906,0.0,174.5,167.7899932861328,169.33999633789062,0.0,104423300
2024-04-09,176.8800048828125,0.0,179.22000122070312,171.9199981689453,172.91000366210938,0.0,102951700
2024-04-10,171.75999450683594,0.0,174.92999267578125,170.00999450683594,173.0399932861328,0.0,84532400
2024-04-11,174.60000610351562,0.0,175.8800048828125,168.50999450683594,172.5500030517578,0.0,94516000
2024-04-12,171.0500030517578,0.0,173.80999755859375,170.36000061035156,172.33999633789062,0.0,64722700
2024-04-15,161.47999572753906,0.0,170.69000244140625,161.3800048828125,170.24000549316406,0.0,100245300
2024-04-16,157.11000061035156,0.0,158.19000244140625,153.75,156.74000549316406,0.0,97000000
2024-04-17,155.4499969482422,0.0,158.3300018310547,153.77999877929688,157.63999938964844,0.0,82439700
2024-04-18,149.92999267578125,0.0,152.1999969482422,148.6999969482422,151.25,0.0,96098800
2024-04-19,147.0500030517578,0.0,150.94000244140625,146.22000122070312,148.97000122070312,0.0,87074500
2024-04-22,142.0500030517578,0.0,144.44000244140625,138.8000030517578,140.55999755859375,0.0,107097600
2024-04-23,144.67999267578125,0.0,147.25999450683594,141.11000061035156,143.3300018310547,0.0,124545100
2024-04-24,162.1300048828125,0.0,167.97000122070312,157.50999450683594,162.83999633789062,0.0,181178000
2024-04-25,170.17999267578125,0.0,170.8800048828125,158.36000061035156,158.9600067138672,0.0,126427500
2024-04-26,168.2899932861328,0.0,172.1199951171875,166.3699951171875,168.85000610351562,0.0,109815700
2024-04-29,194.0500030517578,0.0,198.8699951171875,184.5399932861328,188.4199981689453,0.0,243869700
2024-04-30,183.27999877929688,0.0,190.9499969482422,182.83999633789062,186.97999572753906,0.0,127031800
2024-05-01,179.99000549316406,0.0,185.86000061035156,179.00999450683594,182.0,0.0,92829700
2024-05-02,180.00999450683594,0.0,184.60000610351562,176.02000427246094,182.86000061035156,0.0,89148000
2024-05-03,181.19000244140625,0.0,184.77999877929688,178.4199981689453,182.10000610351562,0.0,75491500
2024-05-06,184.75999450683594,0.0,187.55999755859375,182.1999969482422,183.8000030517578,0.0,84390300
2024-05-07,177.80999755859375,0.0,183.25999450683594,177.39999389648438,182.39999389648438,0.0,75045900
2024-05-08,174.72000122070312,0.0,176.05999755859375,170.14999389648438,171.58999633789062,0.0,79969500
2024-05-09,171.97000122070312,0.0,175.6199951171875,171.3699951171875,175.00999450683594,0.0,65950300
2024-05-10,168.47000122070312,0.0,173.05999755859375,167.75,173.0500030517578,0.0,72627200
2024-05-13,171.88999938964844,0.0,175.39999389648438,169.0,170.0,0.0,67018900
2024-05-14,177.5500030517578,0.0,179.49000549316406,174.07000732421875,174.5,0.0,86407400
2024-05-15,173.99000549316406,0.0,180.0,173.11000061035156,179.89999389648438,0.0,79663000
2024-05-16,174.83999633789062,0.0,175.7899932861328,171.42999267578125,174.10000610351562,0.0,59812200
2024-05-17,177.4600067138672,0.0,179.6300048828125,172.75,173.5500030517578,0.0,77445800
2024-05-20,174.9499969482422,0.0,177.75,173.52000427246094,177.55999755859375,0.0,61727400
2024-05-21,186.60000610351562,0.0,186.8800048828125,174.7100067138672,175.50999450683594,0.0,115266500
2024-05-22,180.11000061035156,0.0,183.8000030517578,178.1199951171875,182.85000610351562,0.0,88313500
2024-05-23,173.74000549316406,0.0,181.89999389648438,173.25999450683594,181.8000030517578,0.0,71975500
2024-05-24,179.24000549316406,0.0,180.0800018310547,173.72999572753906,174.83999633789062,0.0,65584500
2024-05-28,176.75,0.0,178.25,173.16000366210938,176.39999389648438,0.0,59736600
2024-05-29,176.19000244140625,0.0,178.14999389648438,173.92999267578125,174.19000244140625,0.0,54782600
2024-05-30,178.7899932861328,0.0,182.6699981689453,175.3800048828125,178.5800018310547,0.0,77618400
2024-05-31,178.0800018310547,0.0,180.32000732421875,173.82000732421875,178.5,0.0,67314600
2024-06-03,176.2899932861328,0.0,182.63999938964844,174.49000549316406,178.1300048828125,0.0,68568900
2024-06-04,174.77000427246094,0.0,177.75999450683594,174.0,174.77999877929688,0.0,60056300
2024-06-05,175.0,0.0,176.14999389648438,172.1300048828125,175.35000610351562,0.0,57953800
2024-06-06,177.94000244140625,0.0,179.72999572753906,172.72999572753906,174.60000610351562,0.0,69887000
2024-06-07,177.47999572753906,0.0,179.35000610351562,175.5800018310547,176.1300048828125,0.0,56244900
2024-06-10,173.7899932861328,0.0,178.57000732421875,173.1699981689453,176.05999755859375,0.0,50774600
2024-06-11,170.66000366210938,0.0,174.75,167.41000366210938,173.9199981689453,0.0,64761900
2024-06-12,177.2899932861328,0.0,180.5500030517578,169.8000030517578,171.1199951171875,0.0,90389400
2024-06-13,182.47000122070312,0.0,191.0800018310547,181.22999572753906,188.38999938964844,0.0,118984100
2024-06-14,178.00999450683594,0.0,186.0,176.9199981689453,185.8000030517578,0.0,82038200
2024-06-17,187.44000244140625,0.0,188.80999755859375,177.0,177.9199981689453,0.0,109786100
2024-06-18,184.86000061035156,0.0,187.1999969482422,182.3699951171875,186.55999755859375,0.0,68982300
2024-06-20,181.57000732421875,0.0,185.2100067138672,179.66000366210938,184.67999267578125,0.0,55893100
2024-06-21,183.00999450683594,0.0,183.9499969482422,180.69000244140625,182.3000030517578,0.0,61937300
2024-06-24,182.5800018310547,0.0,188.8000030517578,182.5500030517578,184.97000122070312,0.0,61992100
2024-06-25,187.35000610351562,0.0,187.97000122070312,182.00999450683594,184.39999389648438,0.0,62905700
2024-06-26,196.3699951171875,0.0,197.75999450683594,186.36000061035156,186.5399932861328,0.0,95737100
2024-06-27,197.4199981689453,0.0,198.72000122070312,194.0500030517578,195.1699981689453,0.0,72746500
2024-06-28,197.8800048828125,0.0,203.1999969482422,195.25999450683594,199.5500030517578,0.0,95438100
2024-07-01,209.86000061035156,0.0,213.22999572753906,200.85000610351562,201.02000427246094,0.0,135691400
2024-07-02,231.25999450683594,0.0,231.3000030517578,218.05999755859375,218.88999938964844,0.0,205047900
2024-07-03,246.38999938964844,0.0,248.35000610351562,234.25,234.55999755859375,0.0,166561500
2024-07-05,251.52000427246094,0.0,252.3699951171875,242.4600067138672,249.80999755859375,0.0,154501200
2024-07-08,252.94000244140625,0.0,259.44000244140625,244.57000732421875,247.7100067138672,0.0,157219600
2024-07-09,262.3299865722656,0.0,265.6099853515625,250.3000030517578,251.0,0.0,160210900
2024-07-10,263.260009765625,0.0,267.5899963378906,257.8599853515625,262.79998779296875,0.0,128519400
2024-07-11,241.02999877929688,0.0,271.0,239.64999389648438,263.29998779296875,0.0,221707300
2024-07-12,248.22999572753906,0.0,251.83999633789062,233.08999633789062,235.8000030517578,0.0,155955800
2024-07-15,252.63999938964844,0.0,265.6000061035156,251.72999572753906,255.97000122070312,0.0,146912900
2024-07-16,256.55999755859375,0.0,258.6199951171875,245.8000030517578,255.30999755859375,0.0,126332500
2024-07-17,248.5,0.0,258.4700012207031,246.17999267578125,252.72999572753906,0.0,115584800
2024-07-18,249.22999572753906,0.0,257.1400146484375,247.1999969482422,251.08999633789062,0.0,110869000
2024-07-19,239.1999969482422,0.0,249.44000244140625,236.8300018310547,247.7899932861328,0.0,87403900
2024-07-22,251.50999450683594,0.0,253.2100067138672,243.75,244.2100067138672,0.0,101225400
2024-07-23,246.3800048828125,0.0,255.75999450683594,245.6300048828125,253.60000610351562,0.0,111928200
2024-07-24,215.99000549316406,0.0,225.99000549316406,214.7100067138672,225.4199981689453,0.0,167942900
2024-07-25,220.25,0.0,226.0,216.22999572753906,216.8000030517578,0.0,100636500
2024-07-26,219.8000030517578,0.0,222.27999877929688,215.3300018310547,221.19000244140625,0.0,94604100
2024-07-29,232.10000610351562,0.0,234.27000427246094,224.6999969482422,224.89999389648438,0.0,129201800
2024-07-30,222.6199951171875,0.0,232.41000366210938,220.0,232.25,0.0,100560300
2024-07-31,232.07000732421875,0.0,234.67999267578125,226.7899932861328,227.89999389648438,0.0,67497000
2024-08-01,216.86000061035156,0.0,231.8699951171875,214.3300018310547,227.69000244140625,0.0,83861900
2024-08-02,207.6699981689453,0.0,216.1300048828125,205.77999877929688,214.8800048828125,0.0,82880100
2024-08-05,198.8800048828125,0.0,203.8800048828125,182.0,185.22000122070312,0.0,100308800
2024-08-06,200.63999938964844,0.0,202.89999389648438,192.6699981689453,200.75,0.0,73783900
2024-08-07,191.75999450683594,0.0,203.49000549316406,191.47999572753906,200.77000427246094,0.0,71159800
2024-08-08,198.83999633789062,0.0,200.6999969482422,192.0399932861328,195.6999969482422,0.0,65033900
2024-08-09,200.0,0.0,200.8800048828125,195.11000061035156,197.0500030517578,0.0,58648300
2024-08-12,197.49000549316406,0.0,199.25999450683594,194.6699981689453,199.02000427246094,0.0,64044900
2024-08-13,207.8300018310547,0.0,208.49000549316406,197.05999755859375,198.47000122070312,0.0,76247400
2024-08-14,201.3800048828125,0.0,208.44000244140625,198.75,207.38999938964844,0.0,70250000
2024-08-15,214.13999938964844,0.0,215.8800048828125,204.82000732421875,205.02000427246094,0.0,89848500
2024-08-16,216.1199951171875,0.0,219.8000030517578,210.8000030517578,211.14999389648438,0.0,88765100
2024-08-19,222.72000122070312,0.0,222.97999572753906,214.08999633789062,217.07000732421875,0.0,76435200
2024-08-20,221.10000610351562,0.0,228.22000122070312,219.55999755859375,224.8800048828125,0.0,74001200
2024-08-21,223.27000427246094,0.0,224.66000366210938,218.86000061035156,222.6699981689453,0.0,70146000
2024-08-22,210.66000366210938,0.0,224.8000030517578,210.32000732421875,223.82000732421875,0.0,79514500
2024-08-23,220.32000732421875,0.0,221.47999572753906,214.2100067138672,214.4600067138672,0.0,81525200
2024-08-26,213.2100067138672,0.0,219.08999633789062,211.00999450683594,218.75,0.0,59301200
2024-08-27,209.2100067138672,0.0,215.66000366210938,206.94000244140625,213.25,0.0,62821400
2024-08-28,205.75,0.0,211.83999633789062,202.58999633789062,209.72000122070312,0.0,64116400
2024-08-29,206.27999877929688,0.0,214.88999938964844,205.97000122070312,209.8000030517578,0.0,62308800
2024-08-30,214.11000061035156,0.0,214.57000732421875,207.02999877929688,208.6300048828125,0.0,63370600
2024-09-03,210.60000610351562,0.0,219.89999389648438,209.63999938964844,215.25999450683594,0.0,76714200
2024-09-04,219.41000366210938,0.0,222.22000122070312,210.57000732421875,210.58999633789062,0.0,80651800
2024-09-05,230.1699981689453,0.0,235.0,222.25,223.49000549316406,0.0,119355000
2024-09-06,210.72999572753906,0.0,233.60000610351562,210.50999450683594,232.60000610351562,0.0,112177000
2024-09-09,216.27000427246094,0.0,219.8699951171875,213.6699981689453,216.1999969482422,0.0,67443500
2024-09-10,226.1699981689453,0.0,226.39999389648438,218.63999938964844,220.07000732421875,0.0,78891100
2024-09-11,228.1300048828125,0.0,228.47000122070312,216.8000030517578,224.5500030517578,0.0,83548600
2024-09-12,229.80999755859375,0.0,231.4499969482422,223.8300018310547,224.66000366210938,0.0,71894900
2024-09-13,230.2899932861328,0.0,232.6699981689453,226.32000732421875,228.0,0.0,59515100
2024-09-16,226.77999877929688,0.0,229.9600067138672,223.52999877929688,229.3000030517578,0.0,54323000
2024-09-17,227.8699951171875,0.0,234.57000732421875,226.5500030517578,229.4499969482422,0.0,66761600
2024-09-18,227.1999969482422,0.0,235.67999267578125,226.8800048828125,230.08999633789062,0.0,78010200
2024-09-19,243.9199981689453,0.0,244.24000549316406,232.1300048828125,234.0,0.0,102694600
2024-09-20,238.25,0.0,243.99000549316406,235.9199981689453,241.52000427246094,0.0,99879100
2024-09-23,250.0,0.0,250.0,241.9199981689453,242.61000061035156,0.0,86927200
2024-09-24,254.27000427246094,0.0,257.19000244140625,249.0500030517578,254.0800018310547,0.0,88491000
2024-09-25,257.0199890136719,0.0,257.04998779296875,252.27999877929688,252.5399932861328,0.0,65034300
2024-09-26,254.22000122070312,0.0,261.75,251.52999877929688,260.6000061035156,0.0,67142200
2024-09-27,260.4599914550781,0.0,260.70001220703125,254.1199951171875,257.3800048828125,0.0,70988100
2024-09-30,261.6300048828125,0.0,264.8599853515625,255.77000427246094,259.0400085449219,0.0,80705700
2024-10-01,258.0199890136719,0.0,263.9800109863281,248.52999877929688,262.6700134277344,0.0,87397600
2024-10-02,249.02000427246094,0.0,251.16000366210938,241.5,247.5500030517578,0.0,93983900
2024-10-03,240.66000366210938,0.0,249.7899932861328,237.80999755859375,244.47999572753906,0.0,80729200
2024-10-04,250.0800018310547,0.0,250.9600067138672,244.5800018310547,246.69000244140625,0.0,86573200
2024-10-07,240.8300018310547,0.0,249.8300018310547,240.6999969482422,249.0,0.0,68113300
2024-10-08,244.5,0.0,246.2100067138672,240.55999755859375,243.55999755859375,0.0,56303200
2024-10-09,241.0500030517578,0.0,247.42999267578125,239.50999450683594,243.82000732421875,0.0,66289500
2024-10-10,238.77000427246094,0.0,242.7899932861328,232.33999633789062,241.80999755859375,0.0,83087100
2024-10-11,217.8000030517578,0.0,223.33999633789062,214.3800048828125,220.1300048828125,0.0,142628900
2024-10-14,219.16000366210938,0.0,221.91000366210938,213.74000549316406,220.1300048828125,0.0,86291900
2024-10-15,219.57000732421875,0.0,224.25999450683594,217.1199951171875,220.00999450683594,0.0,62988800
2024-10-16,221.3300018310547,0.0,222.82000732421875,218.92999267578125,221.39999389648438,0.0,49632800
2024-10-17,220.88999938964844,0.0,222.0800018310547,217.89999389648438,221.58999633789062,0.0,50791800
2024-10-18,220.6999969482422,0.0,222.27999877929688,219.22999572753906,220.7100067138672,0.0,49611900
2024-10-21,218.85000610351562,0.0,220.47999572753906,215.72999572753906,218.89999389648438,0.0,47329000
2024-10-22,217.97000122070312,0.0,218.22000122070312,215.25999450683594,217.30999755859375,0.0,43268700
2024-10-23,213.64999389648438,0.0,218.72000122070312,212.11000061035156,217.1300048828125,0.0,80938900
2024-10-24,260.4800109863281,0.0,262.1199951171875,242.64999389648438,244.67999267578125,0.0,204491900
2024-10-25,269.19000244140625,0.0,269.489990234375,255.32000732421875,256.010009765625,0.0,161611900
2024-10-28,262.510009765625,0.0,273.5400085449219,262.239990234375,270.0,0.0,107653600
2024-10-29,259.5199890136719,0.0,264.9800109863281,255.50999450683594,264.510009765625,0.0,80521800
2024-10-30,257.54998779296875,0.0,263.3500061035156,255.82000732421875,258.0400085449219,0.0,53993600
2024-10-31,249.85000610351562,0.0,259.75,249.25,257.989990234375,0.0,66575300
2024-11-01,248.97999572753906,0.0,254.0,246.6300048828125,252.0399932861328,0.0,57544800
2024-11-04,242.83999633789062,0.0,248.89999389648438,238.8800048828125,244.55999755859375,0.0,68802400
2024-11-05,251.44000244140625,0.0,255.27999877929688,246.2100067138672,247.33999633789062,0.0,69282500
2024-11-06,288.5299987792969,0.0,289.5899963378906,275.6199951171875,284.6700134277344,0.0,165228700
2024-11-07,296.9100036621094,0.0,299.75,285.5199890136719,288.8900146484375,0.0,117309200
2024-11-08,321.2200012207031,0.0,328.7099914550781,297.6600036621094,299.1400146484375,0.0,204782800
2024-11-11,350.0,0.0,358.6400146484375,336.0,346.29998779296875,0.0,210521600
2024-11-12,328.489990234375,0.0,345.8399963378906,323.30999755859375,342.739990234375,0.0,155726000
2024-11-13,330.239990234375,0.0,344.6000061035156,322.5,335.8500061035156,0.0,125405600
2024-11-14,311.17999267578125,0.0,329.9800109863281,310.3699951171875,327.69000244140625,0.0,120726100
2024-11-15,320.7200012207031,0.0,324.67999267578125,309.2200012207031,310.57000732421875,0.0,114440300
2024-11-18,338.739990234375,0.0,348.54998779296875,330.010009765625,340.7300109863281,0.0,126085600
2024-11-19,346.0,0.0,347.3800048828125,332.75,335.760009765625,0.0,88852500
2024-11-20,342.0299987792969,0.0,346.6000061035156,334.29998779296875,345.0,0.0,66340700
2024-11-21,339.6400146484375,0.0,347.989990234375,335.2799987792969,343.80999755859375,0.0,58011700
2024-11-22,352.55999755859375,0.0,361.5299987792969,337.70001220703125,341.0899963378906,0.0,89140700
2024-11-25,338.5899963378906,0.0,361.92999267578125,338.20001220703125,360.1400146484375,0.0,95890900
2024-11-26,338.2300109863281,0.0,346.9599914550781,335.6600036621094,341.0,0.0,62295900
2024-11-27,332.8900146484375,0.0,342.54998779296875,326.5899963378906,341.79998779296875,0.0,57896400
2024-11-29,345.1600036621094,0.0,345.45001220703125,334.6499938964844,336.0799865722656,0.0,37167600
2024-12-02,357.0899963378906,0.0,360.0,351.1499938964844,352.3800048828125,0.0,77986500
2024-12-03,351.4200134277344,0.0,355.69000244140625,348.20001220703125,351.79998779296875,0.0,58267200
2024-12-04,357.92999267578125,0.0,358.1000061035156,348.6000061035156,353.0,0.0,50810900
2024-12-05,369.489990234375,0.0,375.42999267578125,359.5,359.8699951171875,0.0,81403600
2024-12-06,389.2200012207031,0.0,389.489990234375,370.79998779296875,377.4200134277344,0.0,81455800
2024-12-09,389.7900085449219,0.0,404.79998779296875,378.010009765625,397.6099853515625,0.0,96359200
2024-12-10,400.989990234375,0.0,409.7300109863281,390.8500061035156,392.67999267578125,0.0,97563600
2024-12-11,424.7699890136719,0.0,424.8800048828125,402.3800048828125,409.70001220703125,0.0,104287600
2024-12-12,418.1000061035156,0.0,429.29998779296875,415.0,424.8399963378906,0.0,87752200
2024-12-13,436.2300109863281,0.0,436.29998779296875,415.7099914550781,420.0,0.0,89000200
2024-12-16,463.0199890136719,0.0,463.19000244140625,436.1499938964844,441.0899963378906,0.0,114083800
2024-12-17,479.8599853515625,0.0,483.989990234375,457.510009765625,475.8999938964844,0.0,131223000
2024-12-18,440.1300048828125,0.0,488.5400085449219,427.010009765625,466.5,0.0,149340800
2024-12-19,436.1700134277344,0.0,456.3599853515625,420.0199890136719,451.8800048828125,0.0,118566100
2024-12-20,421.05999755859375,0.0,447.0799865722656,417.6400146484375,425.510009765625,0.0,132216200
2024-12-23,430.6000061035156,0.0,434.510009765625,415.4100036621094,431.0,0.0,72698100
2024-12-24,462.2799987792969,0.0,462.7799987792969,435.1400146484375,435.8999938964844,0.0,59551800
2024-12-26,454.1300048828125,0.0,465.3299865722656,451.0199890136719,465.1600036621094,0.0,76366400
2024-12-27,431.6600036621094,0.0,450.0,426.5,449.5199890136719,0.0,82666800
2024-12-30,417.4100036621094,0.0,427.0,415.75,419.3999938964844,0.0,64941000
2024-12-31,403.8399963378906,0.0,427.92999267578125,402.5400085449219,423.7900085449219,0.0,76825100
2025-01-02,379.2799987792969,0.0,392.7300109863281,373.0400085449219,390.1000061035156,0.0,109710700
2025-01-03,410.44000244140625,0.0,411.8800048828125,379.45001220703125,381.4800109863281,0.0,95423300
2025-01-06,411.04998779296875,0.0,426.42999267578125,401.70001220703125,423.20001220703125,0.0,85516500
2025-01-07,394.3599853515625,0.0,414.3299865722656,390.0,405.8299865722656,0.0,75699500
2025-01-08,394.94000244140625,0.0,402.5,387.3999938964844,392.95001220703125,0.0,73038800
2025-01-10,394.739990234375,0.0,399.2799987792969,377.2900085449219,391.3999938964844,0.0,62287300
2025-01-13,403.30999755859375,0.0,403.7900085449219,380.07000732421875,383.2099914550781,0.0,67580500
2025-01-14,396.3599853515625,0.0,422.6400146484375,394.5400085449219,414.3399963378906,0.0,84565000
2025-01-15,428.2200012207031,0.0,429.79998779296875,405.6600036621094,409.8999938964844,0.0,81375500
2025-01-16,413.82000732421875,0.0,424.0,409.1300048828125,423.489990234375,0.0,68335200
2025-01-17,426.5,0.0,439.739990234375,419.75,421.5,0.0,94991400
2025-01-21,424.07000732421875,0.0,433.20001220703125,406.30999755859375,432.6400146484375,0.0,87320900
2025-01-22,415.1099853515625,0.0,428.0,414.5899963378906,416.80999755859375,0.0,60963300
2025-01-23,412.3800048828125,0.0,420.7300109863281,408.95001220703125,416.05999755859375,0.0,50690600
2025-01-24,406.5799865722656,0.0,418.8800048828125,405.7799987792969,414.45001220703125,0.0,56427100
2025-01-27,397.1499938964844,0.0,406.69000244140625,389.0,394.79998779296875,0.0,58125500
2025-01-28,398.0899963378906,0.0,400.5899963378906,386.5,396.9100036621094,0.0,48910700
2025-01-29,389.1000061035156,0.0,398.5899963378906,384.4800109863281,395.2099914550781,0.0,68033600
2025-01-30,400.2799987792969,0.0,412.5,384.4100036621094,410.7799987792969,0.0,98092900
2025-01-31,404.6000061035156,0.0,419.989990234375,401.3399963378906,401.5299987792969,0.0,83283600
2025-02-03,383.67999267578125,0.0,389.1700134277344,374.3599853515625,386.67999267578125,0.0,93732100
2025-02-04,392.2099914550781,0.0,394.0,381.3999938964844,382.6300048828125,0.0,57072200
2025-02-05,378.1700134277344,0.0,388.3900146484375,375.5299987792969,387.510009765625,0.0,57223300
2025-02-06,374.32000732421875,0.0,375.3999938964844,363.17999267578125,373.0299987792969,0.0,77918200
2025-02-07,361.6199951171875,0.0,380.54998779296875,360.3399963378906,370.19000244140625,0.0,70298300
2025-02-10,350.7300109863281,0.0,362.70001220703125,350.510009765625,356.2099914550781,0.0,77514900
2025-02-11,328.5,0.0,349.3699951171875,325.1000061035156,345.79998779296875,0.0,118543400
2025-02-12,336.510009765625,0.0,346.3999938964844,329.1199951171875,329.94000244140625,0.0,105382700
2025-02-13,355.94000244140625,0.0,358.69000244140625,342.8500061035156,345.0,0.0,89441500
2025-02-14,355.8399963378906,0.0,362.0,347.5,360.6199951171875,0.0,68277300
2025-02-18,354.1099853515625,0.0,359.1000061035156,350.0199890136719,355.010009765625,0.0,51631700
2025-02-19,360.55999755859375,0.0,367.3399963378906,353.6700134277344,354.0,0.0,67094400
2025-02-20,354.3999938964844,0.0,362.29998779296875,348.0,361.510009765625,0.0,45965400
2025-02-21,337.79998779296875,0.0,354.9800109863281,334.4200134277344,353.44000244140625,0.0,74058600
2025-02-24,330.5299987792969,0.0,342.3999938964844,324.70001220703125,338.1400146484375,0.0,76052300
2025-02-25,302.79998779296875,0.0,328.8900146484375,297.25,327.0199890136719,0.0,134228800
2025-02-26,290.79998779296875,0.0,309.0,288.0400085449219,303.7099914550781,0.0,100118300
2025-02-27,281.95001220703125,0.0,297.2300109863281,280.8800048828125,291.1600036621094,0.0,101748200
2025-02-28,292.9800109863281,0.0,293.8800048828125,273.6000061035156,279.5,0.0,115697000
2025-03-03,284.6499938964844,0.0,303.94000244140625,277.29998779296875,300.3399963378906,0.0,115551400
2025-03-04,272.0400085449219,0.0,284.3500061035156,261.8399963378906,270.92999267578125,0.0,126706600
2025-03-05,279.1000061035156,0.0,279.54998779296875,267.7099914550781,272.9200134277344,0.0,94042900
2025-03-06,263.45001220703125,0.0,272.6499938964844,260.0199890136719,272.05999755859375,0.0,98451600
2025-03-07,262.6700134277344,0.0,266.25,250.72999572753906,259.32000732421875,0.0,102369600
2025-03-10,222.14999389648438,0.0,253.3699951171875,220.0,252.5399932861328,0.0,189076900
2025-03-11,230.5800018310547,0.0,237.05999755859375,217.02000427246094,225.30999755859375,0.0,174896400
2025-03-12,248.08999633789062,0.0,251.83999633789062,241.10000610351562,247.22000122070312,0.0,142215700
2025-03-13,240.67999267578125,0.0,248.2899932861328,232.60000610351562,248.1300048828125,0.0,114813500
2025-03-14,249.97999572753906,0.0,251.5800018310547,240.72999572753906,247.30999755859375,0.0,100242300
2025-03-17,238.00999450683594,0.0,245.39999389648438,232.8000030517578,245.05999755859375,0.0,111900600
2025-03-18,225.30999755859375,0.0,230.10000610351562,222.27999877929688,228.16000366210938,0.0,111477600
2025-03-19,235.86000061035156,0.0,241.41000366210938,229.1999969482422,231.61000061035156,0.0,111993800
2025-03-20,236.25999450683594,0.0,238.0,230.0500030517578,233.35000610351562,0.0,99028300
2025-03-21,248.7100067138672,0.0,249.52000427246094,234.5500030517578,234.99000549316406,0.0,132728700
2025-03-24,278.3900146484375,0.0,278.6400146484375,256.3299865722656,258.0799865722656,0.0,169079900
2025-03-25,288.1400146484375,0.0,288.20001220703125,271.2799987792969,283.6000061035156,0.0,150361500
2025-03-26,272.05999755859375,0.0,284.8999938964844,266.510009765625,282.6600036621094,0.0,153629800
2025-03-27,273.1300048828125,0.0,291.8500061035156,271.82000732421875,272.4800109863281,0.0,162572100
2025-03-28,263.54998779296875,0.0,276.1000061035156,260.57000732421875,275.5799865722656,0.0,123809400
2025-03-31,259.1600036621094,0.0,260.55999755859375,243.36000061035156,249.30999755859375,0.0,134008900
2025-04-01,268.4599914550781,0.0,277.45001220703125,259.25,263.79998779296875,0.0,146486900
2025-04-02,282.760009765625,0.0,284.989990234375,251.27000427246094,254.60000610351562,0.0,212787800
2025-04-03,267.2799987792969,0.0,276.29998779296875,261.510009765625,265.2900085449219,0.0,136174300
2025-04-04,239.42999267578125,0.0,261.0,236.0,255.3800048828125,0.0,181229400
2025-04-07,233.2899932861328,0.0,252.0,214.25,223.77999877929688,0.0,183453800
2025-04-08,221.86000061035156,0.0,250.44000244140625,217.8000030517578,245.0,0.0,171603500
2025-04-09,272.20001220703125,0.0,274.69000244140625,223.8800048828125,224.69000244140625,0.0,219433400
2025-04-10,252.39999389648438,0.0,262.489990234375,239.3300018310547,260.0,0.0,181722600
2025-04-11,252.30999755859375,0.0,257.739990234375,241.36000061035156,251.83999633789062,0.0,128948100
2025-04-14,252.35000610351562,0.0,261.79998779296875,245.92999267578125,258.3599853515625,0.0,100135200
2025-04-15,254.11000061035156,0.0,258.75,247.5399932861328,249.91000366210938,0.0,79594300
2025-04-16,241.5500030517578,0.0,251.97000122070312,233.88999938964844,247.61000061035156,0.0,112378700
2025-04-17,241.3699951171875,0.0,244.33999633789062,237.67999267578125,243.47000122070312,0.0,83404800
2025-04-21,227.5,0.0,232.2100067138672,222.7899932861328,230.25999450683594,0.0,97768000
2025-04-22,237.97000122070312,0.0,242.7899932861328,229.85000610351562,230.9600067138672,0.0,120858500
2025-04-23,250.74000549316406,0.0,259.45001220703125,244.42999267578125,254.86000061035156,0.0,150381900
2025-04-24,259.510009765625,0.0,259.5400085449219,249.1999969482422,250.5,0.0,94464200
2025-04-25,284.95001220703125,0.0,286.8500061035156,259.6300048828125,261.69000244140625,0.0,167560700
2025-04-28,285.8800048828125,0.0,294.8599853515625,272.4200134277344,288.9800109863281,0.0,151731800
2025-04-29,292.0299987792969,0.0,293.32000732421875,279.4700012207031,285.5,0.0,108906600
2025-04-30,282.1600036621094,0.0,284.45001220703125,270.7799987792969,279.8999938964844,0.0,128961100
2025-05-01,280.5199890136719,0.0,290.8699951171875,279.80999755859375,280.010009765625,0.0,99659000
2025-05-02,287.2099914550781,0.0,294.7799987792969,279.80999755859375,284.8999938964844,0.0,114454700
2025-05-05,280.260009765625,0.0,284.8500061035156,274.3999938964844,284.57000732421875,0.0,94618900
2025-05-06,275.3500061035156,0.0,277.7300109863281,271.3500061035156,273.1099853515625,0.0,76715800
2025-05-07,276.2200012207031,0.0,277.9200134277344,271.0,276.8800048828125,0.0,71592600
2025-05-08,284.82000732421875,0.0,289.79998779296875,279.4100036621094,279.6300048828125,0.0,97539400
2025-05-09,298.260009765625,0.0,307.0400085449219,290.0,290.2099914550781,0.0,132387800
2025-05-12,318.3800048828125,0.0,322.2099914550781,311.5,321.989990234375,0.0,112826700
2025-05-13,334.07000732421875,0.0,337.5899963378906,316.79998779296875,320.0,0.0,136992600
2025-05-14,347.67999267578125,0.0,350.0,337.0,342.5,0.0,136997300
2025-05-15,342.82000732421875,0.0,346.1400146484375,334.7200012207031,340.3399963378906,0.0,97882600
2025-05-16,349.9800109863281,0.0,351.6199951171875,342.3299865722656,346.239990234375,0.0,95895700
2025-05-19,342.0899963378906,0.0,343.0,333.3699951171875,336.29998779296875,0.0,88869900
2025-05-20,343.82000732421875,0.0,354.989990234375,341.6300048828125,347.8699951171875,0.0,131715500
2025-05-21,334.6199951171875,0.0,347.3500061035156,332.20001220703125,344.42999267578125,0.0,102354800
2025-05-22,341.0400085449219,0.0,347.2699890136719,331.3900146484375,331.8999938964844,0.0,97113400
2025-05-23,339.3399963378906,0.0,343.17999267578125,333.2099914550781,337.9200134277344,0.0,84654800
2025-05-27,362.8900146484375,0.0,363.7900085449219,347.32000732421875,347.3500061035156,0.0,120146400
2025-05-28,356.8999938964844,0.0,365.0,355.9100036621094,364.8399963378906,0.0,91404300
2025-05-29,358.42999267578125,0.0,367.7099914550781,356.0,365.2900085449219,0.0,88087800
2025-05-30,346.4599914550781,0.0,363.67999267578125,345.2900085449219,355.5199890136719,0.0,123474900
2025-06-02,342.69000244140625,0.0,348.0199890136719,333.3299865722656,343.5,0.0,81873800
2025-06-03,344.2699890136719,0.0,355.3999938964844,343.0400085449219,346.6000061035156,0.0,99324500
2025-06-04,332.04998779296875,0.0,345.6000061035156,327.3299865722656,345.1000061035156,0.0,98912100
2025-06-05,284.70001220703125,0.0,324.54998779296875,273.2099914550781,322.489990234375,0.0,287499800
2025-06-06,295.1400146484375,0.0,305.5,291.1400146484375,298.8299865722656,0.0,164747700
2025-06-09,308.5799865722656,0.0,309.8299865722656,281.8500061035156,285.9599914550781,0.0,140908900
2025-06-10,326.0899963378906,0.0,327.8299865722656,310.6700134277344,314.94000244140625,0.0,151256500
2025-06-11,326.42999267578125,0.0,335.5,322.5,334.3999938964844,0.0,122611400
2025-06-12,319.1099853515625,0.0,332.55999755859375,316.8599853515625,323.0799865722656,0.0,105127500
2025-06-13,325.30999755859375,0.0,332.989990234375,313.29998779296875,313.9700012207031,0.0,128964300
2025-06-16,329.1300048828125,0.0,332.04998779296875,326.4100036621094,331.2900085449219,0.0,83925900
2025-06-17,316.3500061035156,0.0,327.260009765625,314.739990234375,326.0899963378906,0.0,88282700
2025-06-18,322.04998779296875,0.0,329.32000732421875,315.45001220703125,317.30999755859375,0.0,95137700
2025-06-20,322.1600036621094,0.0,332.3599853515625,317.7799987792969,327.95001220703125,0.0,108688000
2025-06-23,348.67999267578125,0.0,357.5400085449219,327.4800109863281,327.5400085449219,0.0,190716800
2025-06-24,340.4700012207031,0.0,356.260009765625,340.44000244140625,356.1700134277344,0.0,114736200
2025-06-25,327.54998779296875,0.0,343.0,320.3999938964844,342.70001220703125,0.0,119845100
2025-06-26,325.7799987792969,0.0,331.04998779296875,323.6099853515625,324.6099853515625,0.0,80440900
2025-06-27,323.6300048828125,0.0,329.3399963378906,317.5,324.510009765625,0.0,89067000
2025-06-30,317.6600036621094,0.0,325.5799865722656,316.6000061035156,319.8999938964844,0.0,76695100
2025-07-01,300.7099914550781,0.0,305.8900146484375,293.2099914550781,298.4599914550781,0.0,145085700
2025-07-02,315.6499938964844,0.0,316.8299865722656,303.82000732421875,312.6300048828125,0.0,119483700
2025-07-03,315.3500061035156,0.0,318.45001220703125,312.760009765625,317.989990234375,0.0,58042300
2025-07-07,293.94000244140625,0.0,296.1499938964844,288.7699890136719,291.3699951171875,0.0,131177900
2025-07-08,297.80999755859375,0.0,304.04998779296875,294.3500061035156,297.0,0.0,103246700
2025-07-09,295.8800048828125,0.0,300.1499938964844,293.54998779296875,297.54998779296875,0.0,75586800
2025-07-10,309.8699951171875,0.0,310.4800109863281,300.0,300.04998779296875,0.0,104365300
2025-07-11,313.510009765625,0.0,314.0899963378906,305.6499938964844,307.8900146484375,0.0,79236400
2025-07-14,316.8999938964844,0.0,322.6000061035156,312.6700134277344,317.7300109863281,0.0,78043400
2025-07-15,310.7799987792969,0.0,321.20001220703125,310.5,319.67999267578125,0.0,77556300
2025-07-16,321.6700134277344,0.0,323.5,312.6199951171875,312.79998779296875,0.0,97284800
2025-07-17,319.4100036621094,0.0,324.3399963378906,317.05999755859375,323.1499938964844,0.0,73922900
2025-07-18,329.6499938964844,0.0,330.8999938964844,321.4200134277344,321.6600036621094,0.0,94255000
2025-07-21,328.489990234375,0.0,338.0,326.8800048828125,334.3999938964844,0.0,75768800
2025-07-22,332.1099853515625,0.0,335.4100036621094,321.54998779296875,329.739990234375,0.0,77370400
2025-07-23,332.55999755859375,0.0,336.20001220703125,328.6700134277344,330.8999938964844,0.0,92553800
2025-07-24,305.29998779296875,0.0,310.1499938964844,300.4100036621094,310.0,0.0,156966000
2025-07-25,316.05999755859375,0.0,323.6300048828125,308.010009765625,308.739990234375,0.0,148227000
2025-07-28,325.5899963378906,0.0,330.489990234375,315.69000244140625,318.45001220703125,0.0,112673800
2025-07-29,321.20001220703125,0.0,326.25,318.25,325.54998779296875,0.0,87358900
2025-07-30,319.0400085449219,0.0,324.45001220703125,311.6199951171875,322.17999267578125,0.0,83931900
2025-07-31,308.2699890136719,0.0,321.3699951171875,306.1000061035156,319.6099853515625,0.0,85270900
2025-08-01,302.6300048828125,0.0,309.30999755859375,297.82000732421875,306.2099914550781,0.0,89121400
2025-08-04,309.260009765625,0.0,312.1199951171875,303.0,309.0799865722656,0.0,78683900
2025-08-05,308.7200012207031,0.0,312.45001220703125,305.5,308.95001220703125,0.0,57961300
2025-08-06,319.9100036621094,0.0,320.4700012207031,306.92999267578125,307.8900146484375,0.0,78523600
2025-08-07,322.2699890136719,0.0,322.3999938964844,316.1600036621094,319.7900085449219,0.0,66658700
2025-08-08,329.6499938964844,0.0,335.1499938964844,320.9800109863281,321.42999267578125,0.0,91200300
2025-08-11,339.0299987792969,0.0,346.6400146484375,334.1499938964844,335.0,0.0,105320200
2025-08-12,340.8399963378906,0.0,345.260009765625,332.94000244140625,345.0,0.0,80522100
2025-08-13,339.3800048828125,0.0,348.9800109863281,338.20001220703125,341.5,0.0,67838900
2025-08-14,335.5799865722656,0.0,340.4700012207031,330.3999938964844,335.760009765625,0.0,75000700
2025-08-15,330.55999755859375,0.0,339.29998779296875,327.0199890136719,337.6600036621094,0.0,74319800
2025-08-18,335.1600036621094,0.0,336.2699890136719,329.5899963378906,329.6199951171875,0.0,56956600
2025-08-19,329.30999755859375,0.0,340.54998779296875,327.8500061035156,335.7900085449219,0.0,75956000
2025-08-20,323.8999938964844,0.0,331.3699951171875,314.6000061035156,329.2200012207031,0.0,77481800
2025-08-21,320.1099853515625,0.0,324.8999938964844,318.67999267578125,322.0799865722656,0.0,55744400
2025-08-22,340.010009765625,0.0,340.25,319.69000244140625,321.6600036621094,0.0,94016300
2025-08-25,346.6000061035156,0.0,349.5299987792969,335.0299987792969,338.8999938964844,0.0,86670000
2025-08-26,351.6700134277344,0.0,351.8999938964844,343.7200012207031,344.92999267578125,0.0,76651600
2025-08-27,349.6000061035156,0.0,355.3900146484375,349.1600036621094,351.94000244140625,0.0,65519000
2025-08-28,345.9800109863281,0.0,353.54998779296875,340.260009765625,350.9100036621094,0.0,67903200
2025-08-29,333.8699951171875,0.0,348.75,331.70001220703125,347.2300109863281,0.0,81145700
2025-09-02,329.3599853515625,0.0,333.3299865722656,325.6000061035156,328.2300109863281,0.0,58392000
2025-09-03,334.0899963378906,0.0,343.3299865722656,328.510009765625,335.20001220703125,0.0,88733300
2025-09-04,338.5299987792969,0.0,338.8900146484375,331.4800109863281,336.1499938964844,0.0,60711000
2025-09-05,350.8399963378906,0.0,355.8699951171875,344.67999267578125,348.0,0.0,108989800
2025-09-08,346.3999938964844,0.0,358.44000244140625,344.8399963378906,354.6400146484375,0.0,75208300
2025-09-09,346.9700012207031,0.0,350.7699890136719,343.82000732421875,348.44000244140625,0.0,53816000
2025-09-10,347.7900085449219,0.0,356.3299865722656,346.07000732421875,350.54998779296875,0.0,72121700
2025-09-11,368.80999755859375,0.0,368.989990234375,347.6000061035156,350.1700134277344,0.0,103756000
2025-09-12,395.94000244140625,0.0,396.69000244140625,370.239990234375,370.94000244140625,0.0,168156400
2025-09-15,410.0400085449219,0.0,425.70001220703125,402.42999267578125,423.1300048828125,0.0,163823700
2025-09-16,421.6199951171875,0.0,423.25,411.42999267578125,414.5,0.0,104285700
2025-09-17,425.8599853515625,0.0,428.30999755859375,409.6700134277344,415.75,0.0,106133500
2025-09-18,416.8500061035156,0.0,432.2200012207031,416.55999755859375,428.8699951171875,0.0,90454500
2025-09-19,426.07000732421875,0.0,429.4700012207031,421.7200012207031,421.82000732421875,0.0,93131000
2025-09-22,434.2099914550781,0.0,444.9800109863281,429.1300048828125,431.1099853515625,0.0,97108800
2025-09-23,425.8500061035156,0.0,440.9700012207031,423.7200012207031,439.8800048828125,0.0,83422700
2025-09-24,442.7900085449219,0.0,444.2099914550781,429.0299987792969,429.8299865722656,0.0,93133600
2025-09-25,423.3900146484375,0.0,435.3500061035156,419.0799865722656,435.239990234375,0.0,96746400
2025-09-26,440.3999938964844,0.0,440.4700012207031,421.0199890136719,428.29998779296875,0.0,101628200
2025-09-29,443.2099914550781,0.0,450.9800109863281,439.5,444.3500061035156,0.0,79491500
2025-09-30,444.7200012207031,0.0,445.0,433.1199951171875,441.5199890136719,0.0,74358000
2025-10-01,459.4599914550781,0.0,462.2900085449219,440.75,443.79998779296875,0.0,98122300
2025-10-02,436.0,0.0,470.75,435.57000732421875,470.5400085449219,0.0,137009000
2025-10-03,429.8299865722656,0.0,446.7699890136719,416.5799865722656,443.2900085449219,0.0,133188200
2025-10-06,453.25,0.0,453.54998779296875,436.69000244140625,440.75,0.0,85324900
2025-10-07,433.0899963378906,0.0,452.67999267578125,432.45001220703125,447.82000732421875,0.0,102296100
2025-10-08,438.69000244140625,0.0,441.3299865722656,425.2300109863281,437.57000732421875,0.0,71192100
2025-10-09,435.5400085449219,0.0,436.3500061035156,426.17999267578125,431.80999755859375,0.0,69339900
2025-10-10,413.489990234375,0.0,443.1300048828125,411.45001220703125,436.5400085449219,0.0,112107900
2025-10-13,435.8999938964844,0.0,436.8900146484375,419.70001220703125,423.5299987792969,0.0,79552800
2025-10-14,429.239990234375,0.0,434.20001220703125,417.8599853515625,426.7900085449219,0.0,72669400
2025-10-15,435.1499938964844,0.0,440.510009765625,426.3299865722656,434.8999938964844,0.0,71558200
2025-10-16,428.75,0.0,439.3500061035156,421.30999755859375,434.7300109863281,0.0,77189900
2025-10-17,439.30999755859375,0.0,441.4599914550781,423.6000061035156,425.5,0.0,89331600
2025-10-20,447.42999267578125,0.0,449.79998779296875,440.6099853515625,443.8699951171875,0.0,63719000
2025-10-21,442.6000061035156,0.0,449.29998779296875,442.04998779296875,445.760009765625,0.0,54412200
2025-10-22,438.9700012207031,0.0,445.5400085449219,429.0,443.45001220703125,0.0,84023500
2025-10-23,448.9800109863281,0.0,449.3999938964844,413.8999938964844,420.0,0.0,126709800
2025-10-24,433.7200012207031,0.0,451.67999267578125,430.1700134277344,446.8299865722656,0.0,94727800
2025-10-27,452.4200134277344,0.0,460.1600036621094,438.69000244140625,439.9800109863281,0.0,105867500
2025-10-28,460.54998779296875,0.0,467.0,451.6000061035156,454.7799987792969,0.0,80185700
2025-10-29,461.510009765625,0.0,465.70001220703125,452.6499938964844,462.5,0.0,67983500
2025-10-30,440.1000061035156,0.0,455.05999755859375,439.6099853515625,451.04998779296875,0.0,72447900
2025-10-31,456.55999755859375,0.0,458.0,443.69000244140625,446.75,0.0,83135800
2025-11-03,468.3699951171875,0.0,474.07000732421875,453.79998779296875,455.989990234375,0.0,84595200
2025-11-04,444.260009765625,0.0,460.2200012207031,443.6000061035156,454.4599914550781,0.0,87756600
2025-11-05,462.07000732421875,0.0,466.3299865722656,440.7099914550781,452.04998779296875,0.0,85573000
2025-11-06,445.9100036621094,0.0,467.45001220703125,435.0899963378906,461.9599914550781,0.0,109622900
2025-11-07,429.5199890136719,0.0,439.3599853515625,421.8800048828125,437.9200134277344,0.0,103471500
2025-11-10,445.2300109863281,0.0,449.6700134277344,433.3599853515625,439.6000061035156,0.0,76515900
2025-11-11,439.6199951171875,0.0,442.489990234375,432.3599853515625,439.3999938964844,0.0,60533200
2025-11-12,430.6000061035156,0.0,442.3299865722656,426.55999755859375,442.1499938964844,0.0,58513500
2025-11-13,401.989990234375,0.0,424.5,396.3399963378906,423.1300048828125,0.0,118948000
2025-11-14,404.3500061035156,0.0,412.19000244140625,382.7799987792969,386.29998779296875,0.0,105506700
2025-11-17,408.9200134277344,0.0,423.9599914550781,398.739990234375,398.739990234375,0.0,102214300
2025-11-18,401.25,0.0,408.8999938964844,393.7099914550781,405.3800048828125,0.0,80688600
2025-11-19,403.989990234375,0.0,411.7799987792969,398.5,406.17999267578125,0.0,72047700
2025-11-20,395.2300109863281,0.0,428.94000244140625,394.739990234375,414.6300048828125,0.0,113548800
2025-11-21,391.0899963378906,0.0,402.79998779296875,383.760009765625,402.32000732421875,0.0,100460600
2025-11-24,417.7799987792969,0.0,421.7200012207031,401.0899963378906,402.1700134277344,0.0,96806400
2025-11-25,419.3999938964844,0.0,420.4800109863281,405.95001220703125,414.4200134277344,0.0,71915600
2025-11-26,426.5799865722656,0.0,426.94000244140625,416.8900146484375,423.95001220703125,0.0,63463000
2025-11-28,430.1700134277344,0.0,432.92999267578125,426.20001220703125,426.5899963378906,0.0,36252900
2025-12-01,430.1400146484375,0.0,433.6600036621094,425.2900085449219,425.32000732421875,0.0,57463600
2025-12-02,429.239990234375,0.0,436.79998779296875,422.1199951171875,430.80999755859375,0.0,69336600
2025-12-03,446.739990234375,0.0,447.9200134277344,431.1099853515625,432.1000061035156,0.0,87483000
2025-12-04,454.5299987792969,0.0,454.6300048828125,445.3900146484375,449.94000244140625,0.0,71906500
2025-12-05,455.0,0.0,458.8699951171875,451.6600036621094,453.0299987792969,0.0,56427500
2025-12-08,439.5799865722656,0.0,449.75,435.25,447.45001220703125,0.0,69165800
2025-12-09,445.1700134277344,0.0,452.3900146484375,435.70001220703125,437.5400085449219,0.0,62367400
2025-12-10,451.45001220703125,0.0,456.8800048828125,443.6099853515625,446.07000732421875,0.0,63257500
2025-12-11,446.8900146484375,0.0,449.2699890136719,440.3299865722656,448.95001220703125,0.0,55979500
2025-12-12,458.9599914550781,0.0,463.010009765625,441.6700134277344,448.0899963378906,0.0,95656700
2025-12-15,475.30999755859375,0.0,481.7699890136719,467.6600036621094,469.44000244140625,0.0,114542200
2025-12-16,489.8800048828125,0.0,491.5,465.8299865722656,472.2099914550781,0.0,107608100
2025-12-17,467.260009765625,0.0,495.2799987792969,466.20001220703125,488.2200012207031,0.0,106490400
2025-12-18,483.3699951171875,0.0,490.8599853515625,473.1199951171875,478.1600036621094,0.0,95168400
2025-12-19,481.20001220703125,0.0,490.489990234375,474.7200012207031,488.1199951171875,0.0,103305400
2025-12-22,488.7300109863281,0.0,498.8299865722656,485.3299865722656,489.8800048828125,0.0,86916100
2025-12-23,485.55999755859375,0.0,491.9700012207031,482.8399963378906,489.3999938964844,0.0,58223600
2025-12-24,485.3999938964844,0.0,490.8999938964844,476.79998779296875,488.4800109863281,0.0,41285400
2025-12-26,475.19000244140625,0.0,489.0899963378906,473.82000732421875,485.2300109863281,0.0,58780700
2025-12-29,459.6400146484375,0.0,469.3999938964844,459.0,469.0,0.0,66263000
2025-12-30,454.42999267578125,0.0,463.1199951171875,453.8299865722656,461.0899963378906,0.0,59238500
2025-12-31,449.7200012207031,0.0,456.54998779296875,449.29998779296875,456.1000061035156,0.0,49078000
2026-01-02,438.07000732421875,0.0,458.3399963378906,435.29998779296875,457.79998779296875,0.0,85535400
2026-01-05,451.6700134277344,0.0,457.54998779296875,444.57000732421875,447.989990234375,0.0,67940800
2026-01-06,432.9599914550781,0.0,448.25,428.7799987792969,446.3800048828125,0.0,89093800
2026-01-07,431.4100036621094,0.0,438.3699951171875,431.2900085449219,435.8999938964844,0.0,59828800
2026-01-08,435.79998779296875,0.0,436.8900146484375,424.3699951171875,427.8900146484375,0.0,57041100
2026-01-09,445.010009765625,0.0,449.04998779296875,430.3900146484375,435.95001220703125,0.0,67331500
2026-01-12,448.9599914550781,0.0,454.29998779296875,438.0,441.2300109863281,0.0,61649600
2026-01-13,447.20001220703125,0.0,451.80999755859375,443.95001220703125,450.20001220703125,0.0,53719200
2026-01-14,439.20001220703125,0.0,443.9100036621094,434.2200012207031,442.80999755859375,0.0,57259500
2026-01-15,438.57000732421875,0.0,445.3599853515625,437.6499938964844,441.1300048828125,0.0,49465800
2026-01-16,437.5,0.0,447.25,435.260009765625,439.5,0.0,60220600
2026-01-20,419.25,0.0,430.7300109863281,417.44000244140625,429.3599853515625,0.0,63187300
2026-01-21,431.44000244140625,0.0,438.20001220703125,419.6199951171875,421.6600036621094,0.0,68124000
2026-01-22,449.3599853515625,0.0,449.5,432.6300048828125,435.1600036621094,0.0,71546700
2026-01-23,449.05999755859375,0.0,452.42999267578125,444.0400085449219,447.42999267578125,0.0,56771400
2026-01-26,435.20001220703125,0.0,445.0400085449219,434.2799987792969,445.0,0.0,49397400
2026-01-27,430.8999938964844,0.0,437.5199890136719,430.69000244140625,437.4100036621094,0.0,37733100
2026-01-28,431.4599914550781,0.0,438.260009765625,430.1000061035156,431.9100036621094,0.0,54857400
2026-01-29,416.55999755859375,0.0,440.2300109863281,414.6199951171875,437.79998779296875,0.0,81686100
2026-01-30,430.4100036621094,0.0,439.8800048828125,422.70001220703125,425.3500061035156,0.0,82626100
2026-02-02,421.80999755859375,0.0,427.1499938964844,414.5,421.2900085449219,0.0,58739500
2026-02-03,421.9599914550781,0.0,428.55999755859375,413.69000244140625,424.2699890136719,0.0,56886500
2026-02-04,406.010009765625,0.0,423.8999938964844,399.17999267578125,420.4599914550781,0.0,74606900
2026-02-05,397.2099914550781,0.0,402.1000061035156,387.5299987792969,397.0199890136719,0.0,72819800
2026-02-06,411.1099853515625,0.0,414.54998779296875,397.75,400.8699951171875,0.0,62677100
2026-02-09,417.32000732421875,0.0,421.25,407.2900085449219,409.9100036621094,0.0,54484300
2026-02-10,425.2099914550781,0.0,427.25,417.0,418.0799865722656,0.0,64450200
2026-02-11,428.2699890136719,0.0,436.3500061035156,420.0299987792969,427.9599914550781,0.0,57362000
2026-02-12,417.07000732421875,0.0,436.2300109863281,414.0,430.29998779296875,0.0,61933400
2026-02-13,417.44000244140625,0.0,424.05999755859375,410.8800048828125,414.30999755859375,0.0,51434100
2026-02-17,410.6300048828125,0.0,413.7200012207031,400.510009765625,412.3599853515625,0.0,59678800
2026-02-18,411.32000732421875,0.0,416.8999938964844,409.5799865722656,411.1099853515625,0.0,45921400
2026-02-19,411.7099914550781,0.0,415.25,404.1099853515625,407.25,0.0,51019600
2026-02-20,411.82000732421875,0.0,414.70001220703125,405.5,408.29998779296875,0.0,57912200
2026-02-23,399.8299865722656,0.0,407.70001220703125,394.0400085449219,407.2900085449219,0.0,69680000
2026-02-24,409.3800048828125,0.0,410.82000732421875,397.6400146484375,399.5,0.0,58579500
2026-02-25,417.3999938964844,0.0,420.3399963378906,412.1499938964844,412.1499938964844,0.0,54809700
2026-02-26,408.5799865722656,0.0,416.80999755859375,403.6600036621094,414.4200134277344,0.0,53602500
2026-02-27,402.510009765625,0.0,407.1199951171875,398.1099853515625,402.94000244140625,0.0,56890100
2026-03-02,403.32000732421875,0.0,404.5400085449219,388.25,390.6000061035156,0.0,55088300
2026-03-03,392.42999267578125,0.0,396.3399963378906,385.3900146484375,395.0899963378906,0.0,62617300
2026-03-04,405.94000244140625,0.0,408.3299865722656,394.5799865722656,397.8500061035156,0.0,68305500
2026-03-05,405.54998779296875,0.0,408.6199951171875,399.4200134277344,401.57000732421875,0.0,51925900
2026-03-06,396.7300109863281,0.0,402.3500061035156,394.2099914550781,398.0899963378906,0.0,64054600
2026-03-09,398.67999267578125,0.0,401.5899963378906,381.3999938964844,390.04998779296875,0.0,67018900
2026-03-10,399.239990234375,0.0,406.5899963378906,398.19000244140625,402.2200012207031,0.0,59258700
2026-03-11,407.82000732421875,0.0,416.3800048828125,402.1499938964844,402.2799987792969,0.0,62559900
2026-03-12,395.010009765625,0.0,406.5,394.6499938964844,405.17999267578125,0.0,60973800
2026-03-13,391.20001220703125,0.0,400.20001220703125,389.95001220703125,399.1700134277344,0.0,58504100
2026-03-16,395.55999755859375,0.0,403.7300109863281,394.4200134277344,396.2200012207031,0.0,58068300
2026-03-17,399.2699890136719,0.0,400.1199951171875,393.0,395.69000244140625,0.0,46890500
2026-03-18,392.7799987792969,0.0,403.07000732421875,392.30999755859375,399.0,0.0,50853100
2026-03-19,380.29998779296875,0.0,387.2699890136719,378.7300109863281,387.2699890136719,0.0,67078300
2026-03-20,367.9599914550781,0.0,379.8900146484375,364.4599914550781,379.8500061035156,0.0,78628600
2026-03-23,380.8500061035156,0.0,385.3299865722656,372.7300109863281,373.0899963378906,0.0,74606000
2026-03-24,383.0299987792969,0.0,387.4800109863281,376.30999755859375,376.55999755859375,0.0,60004900
2026-03-25,385.95001220703125,0.0,396.2300109863281,385.010009765625,389.989990234375,0.0,55157300
2026-03-26,372.1099853515625,0.0,384.44000244140625,371.8699951171875,381.6000061035156,0.0,55522900
2026-03-27,361.8299865722656,0.0,369.8599853515625,359.4700012207031,369.69000244140625,0.0,62065700
2026-03-30,355.2799987792969,0.0,367.2900085449219,352.1400146484375,365.8599853515625,0.0,67954400
2026-03-31,371.75,0.0,373.3299865722656,361.0,361.510009765625,0.0,75534900
2026-04-01,381.260009765625,0.0,383.1400146484375,374.0799865722656,378.6300048828125,0.0,58683800
2026-04-02,360.5899963378906,0.0,370.2799987792969,359.0299987792969,364.20001220703125,0.0,83031200
2026-04-06,352.82000732421875,0.0,367.7200012207031,346.6400146484375,362.5899963378906,0.0,77697600
2026-04-07,346.6499938964844,0.0,348.0199890136719,337.239990234375,346.44000244140625,0.0,74515400
2026-04-08,343.25,0.0,364.5,339.6700134277344,363.7900085449219,0.0,78838600
2026-04-09,345.6199951171875,0.0,348.8800048828125,337.25,343.1499938964844,0.0,62164000
2026-04-10,348.95001220703125,0.0,350.3599853515625,342.739990234375,346.2900085449219,0.0,51336000
2026-04-13,352.4200134277344,0.0,356.3500061035156,348.57000732421875,350.07000732421875,0.0,53617500
2026-04-14,364.20001220703125,0.0,367.6300048828125,354.7699890136719,357.6700134277344,0.0,59979600
2026-04-15,391.95001220703125,0.0,394.6499938964844,362.5,366.8299865722656,0.0,113810400
2026-04-16,388.8999938964844,0.0,394.05999755859375,381.79998779296875,393.80999755859375,0.0,63515100
2026-04-17,400.6199951171875,0.0,409.2799987792969,391.6499938964844,395.9200134277344,0.0,90640000
2026-04-20,392.5,0.0,406.79998779296875,388.3299865722656,402.5799865722656,0.0,64603900
2026-04-21,386.4200134277344,0.0,393.95001220703125,385.2200012207031,393.0,0.0,50530600
2026-04-22,387.510009765625,0.0,393.010009765625,385.29998779296875,387.57000732421875,0.0,62362800
2026-04-23,373.7200012207031,0.0,386.0,368.3900146484375,375.2799987792969,0.0,93969500
2026-04-24,376.29998779296875,0.0,382.760009765625,370.7300109863281,373.5,0.0,62893300
2026-04-27,378.6700134277344,0.0,380.7799987792969,364.0199890136719,372.0899963378906,0.0,66735800
2026-04-28,376.0199890136719,0.0,382.2900085449219,372.5400085449219,374.67999267578125,0.0,50864400
2026-04-29,372.79998779296875,0.0,376.3999938964844,370.0400085449219,375.3999938964844,0.0,45384800
2026-04-30,381.6300048828125,0.0,384.75,368.1700134277344,372.75,0.0,51076000
2026-05-01,390.82000732421875,0.0,397.82000732421875,378.79998779296875,382.489990234375,0.0,65338300
2026-05-04,392.510009765625,0.0,394.6400146484375,384.79998779296875,390.2300109863281,0.0,48765100
2026-05-05,389.3699951171875,0.0,402.1199951171875,389.0,395.19000244140625,0.0,47780600
2026-05-06,398.7300109863281,0.0,401.67999267578125,384.0199890136719,386.25,0.0,53465400
2026-05-07,411.7900085449219,0.0,415.8299865722656,402.1199951171875,407.4800109863281,0.0,64294200
2026-05-08,428.3500061035156,0.0,431.20001220703125,416.3900146484375,416.4800109863281,0.0,65050000
2026-05-11,445.0,0.0,449.1600036621094,416.79998779296875,422.1600036621094,0.0,78376100
2026-05-12,433.45001220703125,0.0,447.79998779296875,422.260009765625,441.4100036621094,0.0,60569300
2026-05-13,445.2699890136719,0.0,453.3999938964844,430.2099914550781,436.6700134277344,0.0,68283200
2026-05-14,443.29998779296875,0.0,451.9800109863281,441.1600036621094,446.489990234375,0.0,46070400
2026-05-15,422.239990234375,0.0,434.6600036621094,422.0,433.9800109863281,0.0,52271800
